league,team,season,group,pos,n_group,next_season,next_group,next_pos,next_n,movement
NFL,PHI,2002,NFC,1,16,2003,NFC,2,16,1
NFL,PHI,2003,NFC,2,16,2004,NFC,1,16,-1
NFL,PHI,2004,NFC,1,16,2005,NFC,11,16,10
NFL,PHI,2005,NFC,11,16,2006,NFC,3,16,-8
NFL,PHI,2006,NFC,3,16,2007,NFC,8,16,5
NFL,PHI,2007,NFC,8,16,2008,NFC,5,16,-3
NFL,PHI,2008,NFC,5,16,2009,NFC,5,16,0
NFL,PHI,2009,NFC,5,16,2010,NFC,5,16,0
NFL,PHI,2010,NFC,5,16,2011,NFC,7,16,2
NFL,PHI,2011,NFC,7,16,2012,NFC,16,16,9
NFL,PHI,2012,NFC,16,16,2013,NFC,5,16,-11
NFL,PHI,2013,NFC,5,16,2014,NFC,6,16,1
NFL,PHI,2014,NFC,6,16,2015,NFC,10,16,4
NFL,PHI,2015,NFC,10,16,2016,NFC,11,16,1
NFL,PHI,2016,NFC,11,16,2017,NFC,1,16,-10
NFL,PHI,2017,NFC,1,16,2018,NFC,6,16,5
NFL,PHI,2018,NFC,6,16,2019,NFC,6,16,0
NFL,PHI,2019,NFC,6,16,2020,NFC,15,16,9
NFL,PHI,2020,NFC,15,16,2021,NFC,7,16,-8
NFL,PHI,2021,NFC,7,16,2022,NFC,1,16,-6
NFL,PHI,2022,NFC,1,16,2023,NFC,4,16,3
NFL,PHI,2023,NFC,4,16,2024,NFC,2,16,-2
NFL,PHI,2024,NFC,2,16,2025,NFC,4,16,2
NFL,TB,2002,NFC,2,16,2003,NFC,10,16,8
NFL,TB,2003,NFC,10,16,2004,NFC,14,16,4
NFL,TB,2004,NFC,14,16,2005,NFC,5,16,-9
NFL,TB,2005,NFC,5,16,2006,NFC,15,16,10
NFL,TB,2006,NFC,15,16,2007,NFC,5,16,-10
NFL,TB,2007,NFC,5,16,2008,NFC,6,16,1
NFL,TB,2008,NFC,6,16,2009,NFC,14,16,8
NFL,TB,2009,NFC,14,16,2010,NFC,7,16,-7
NFL,TB,2010,NFC,7,16,2011,NFC,14,16,7
NFL,TB,2011,NFC,14,16,2012,NFC,12,16,-2
NFL,TB,2012,NFC,12,16,2013,NFC,15,16,3
NFL,TB,2013,NFC,15,16,2014,NFC,16,16,1
NFL,TB,2014,NFC,16,16,2015,NFC,14,16,-2
NFL,TB,2015,NFC,14,16,2016,NFC,7,16,-7
NFL,TB,2016,NFC,7,16,2017,NFC,14,16,7
NFL,TB,2017,NFC,14,16,2018,NFC,14,16,0
NFL,TB,2018,NFC,14,16,2019,NFC,10,16,-4
NFL,TB,2019,NFC,10,16,2020,NFC,4,16,-6
NFL,TB,2020,NFC,4,16,2021,NFC,1,16,-3
NFL,TB,2021,NFC,1,16,2022,NFC,10,16,9
NFL,TB,2022,NFC,10,16,2023,NFC,8,16,-2
NFL,TB,2023,NFC,8,16,2024,NFC,6,16,-2
NFL,TB,2024,NFC,6,16,2025,NFC,9,16,3
NFL,GB,2002,NFC,3,16,2003,NFC,4,16,1
NFL,GB,2003,NFC,4,16,2004,NFC,3,16,-1
NFL,GB,2004,NFC,3,16,2005,NFC,14,16,11
NFL,GB,2005,NFC,14,16,2006,NFC,9,16,-5
NFL,GB,2006,NFC,9,16,2007,NFC,1,16,-8
NFL,GB,2007,NFC,1,16,2008,NFC,13,16,12
NFL,GB,2008,NFC,13,16,2009,NFC,3,16,-10
NFL,GB,2009,NFC,3,16,2010,NFC,4,16,1
NFL,GB,2010,NFC,4,16,2011,NFC,1,16,-3
NFL,GB,2011,NFC,1,16,2012,NFC,4,16,3
NFL,GB,2012,NFC,4,16,2013,NFC,7,16,3
NFL,GB,2013,NFC,7,16,2014,NFC,2,16,-5
NFL,GB,2014,NFC,2,16,2015,NFC,5,16,3
NFL,GB,2015,NFC,5,16,2016,NFC,5,16,0
NFL,GB,2016,NFC,5,16,2017,NFC,12,16,7
NFL,GB,2017,NFC,12,16,2018,NFC,11,16,-1
NFL,GB,2018,NFC,11,16,2019,NFC,3,16,-8
NFL,GB,2019,NFC,3,16,2020,NFC,1,16,-2
NFL,GB,2020,NFC,1,16,2021,NFC,2,16,1
NFL,GB,2021,NFC,2,16,2022,NFC,9,16,7
NFL,GB,2022,NFC,9,16,2023,NFC,7,16,-2
NFL,GB,2023,NFC,7,16,2024,NFC,5,16,-2
NFL,GB,2024,NFC,5,16,2025,NFC,6,16,1
NFL,NYG,2002,NFC,4,16,2003,NFC,15,16,11
NFL,NYG,2003,NFC,15,16,2004,NFC,11,16,-4
NFL,NYG,2004,NFC,11,16,2005,NFC,3,16,-8
NFL,NYG,2005,NFC,3,16,2006,NFC,6,16,3
NFL,NYG,2006,NFC,6,16,2007,NFC,4,16,-2
NFL,NYG,2007,NFC,4,16,2008,NFC,1,16,-3
NFL,NYG,2008,NFC,1,16,2009,NFC,10,16,9
NFL,NYG,2009,NFC,10,16,2010,NFC,6,16,-4
NFL,NYG,2010,NFC,6,16,2011,NFC,6,16,0
NFL,NYG,2011,NFC,6,16,2012,NFC,8,16,2
NFL,NYG,2012,NFC,8,16,2013,NFC,12,16,4
NFL,NYG,2013,NFC,12,16,2014,NFC,11,16,-1
NFL,NYG,2014,NFC,11,16,2015,NFC,12,16,1
NFL,NYG,2015,NFC,12,16,2016,NFC,3,16,-9
NFL,NYG,2016,NFC,3,16,2017,NFC,16,16,13
NFL,NYG,2017,NFC,16,16,2018,NFC,13,16,-3
NFL,NYG,2018,NFC,13,16,2019,NFC,14,16,1
NFL,NYG,2019,NFC,14,16,2020,NFC,11,16,-3
NFL,NYG,2020,NFC,11,16,2021,NFC,15,16,4
NFL,NYG,2021,NFC,15,16,2022,NFC,5,16,-10
NFL,NYG,2022,NFC,5,16,2023,NFC,13,16,8
NFL,NYG,2023,NFC,13,16,2024,NFC,16,16,3
NFL,NYG,2024,NFC,16,16,2025,NFC,15,16,-1
NFL,SF,2002,NFC,5,16,2003,NFC,9,16,4
NFL,SF,2003,NFC,9,16,2004,NFC,16,16,7
NFL,SF,2004,NFC,16,16,2005,NFC,15,16,-1
NFL,SF,2005,NFC,15,16,2006,NFC,11,16,-4
NFL,SF,2006,NFC,11,16,2007,NFC,14,16,3
NFL,SF,2007,NFC,14,16,2008,NFC,12,16,-2
NFL,SF,2008,NFC,12,16,2009,NFC,8,16,-4
NFL,SF,2009,NFC,8,16,2010,NFC,11,16,3
NFL,SF,2010,NFC,11,16,2011,NFC,3,16,-8
NFL,SF,2011,NFC,3,16,2012,NFC,2,16,-1
NFL,SF,2012,NFC,2,16,2013,NFC,2,16,0
NFL,SF,2013,NFC,2,16,2014,NFC,7,16,5
NFL,SF,2014,NFC,7,16,2015,NFC,15,16,8
NFL,SF,2015,NFC,15,16,2016,NFC,16,16,1
NFL,SF,2016,NFC,16,16,2017,NFC,13,16,-3
NFL,SF,2017,NFC,13,16,2018,NFC,15,16,2
NFL,SF,2018,NFC,15,16,2019,NFC,1,16,-14
NFL,SF,2019,NFC,1,16,2020,NFC,10,16,9
NFL,SF,2020,NFC,10,16,2021,NFC,6,16,-4
NFL,SF,2021,NFC,6,16,2022,NFC,2,16,-4
NFL,SF,2022,NFC,2,16,2023,NFC,2,16,0
NFL,SF,2023,NFC,2,16,2024,NFC,12,16,10
NFL,SF,2024,NFC,12,16,2025,NFC,3,16,-9
NFL,ATL,2002,NFC,6,16,2003,NFC,14,16,8
NFL,ATL,2003,NFC,14,16,2004,NFC,2,16,-12
NFL,ATL,2004,NFC,2,16,2005,NFC,9,16,7
NFL,ATL,2005,NFC,9,16,2006,NFC,10,16,1
NFL,ATL,2006,NFC,10,16,2007,NFC,15,16,5
NFL,ATL,2007,NFC,15,16,2008,NFC,3,16,-12
NFL,ATL,2008,NFC,3,16,2009,NFC,7,16,4
NFL,ATL,2009,NFC,7,16,2010,NFC,1,16,-6
NFL,ATL,2010,NFC,1,16,2011,NFC,5,16,4
NFL,ATL,2011,NFC,5,16,2012,NFC,1,16,-4
NFL,ATL,2012,NFC,1,16,2013,NFC,14,16,13
NFL,ATL,2013,NFC,14,16,2014,NFC,13,16,-1
NFL,ATL,2014,NFC,13,16,2015,NFC,7,16,-6
NFL,ATL,2015,NFC,7,16,2016,NFC,2,16,-5
NFL,ATL,2016,NFC,2,16,2017,NFC,6,16,4
NFL,ATL,2017,NFC,6,16,2018,NFC,9,16,3
NFL,ATL,2018,NFC,9,16,2019,NFC,11,16,2
NFL,ATL,2019,NFC,11,16,2020,NFC,16,16,5
NFL,ATL,2020,NFC,16,16,2021,NFC,12,16,-4
NFL,ATL,2021,NFC,12,16,2022,NFC,12,16,0
NFL,ATL,2022,NFC,12,16,2023,NFC,12,16,0
NFL,ATL,2023,NFC,12,16,2024,NFC,10,16,-2
NFL,ATL,2024,NFC,10,16,2025,NFC,10,16,0
NFL,NO,2002,NFC,7,16,2003,NFC,8,16,1
NFL,NO,2003,NFC,8,16,2004,NFC,6,16,-2
NFL,NO,2004,NFC,6,16,2005,NFC,16,16,10
NFL,NO,2005,NFC,16,16,2006,NFC,2,16,-14
NFL,NO,2006,NFC,2,16,2007,NFC,10,16,8
NFL,NO,2007,NFC,10,16,2008,NFC,10,16,0
NFL,NO,2008,NFC,10,16,2009,NFC,1,16,-9
NFL,NO,2009,NFC,1,16,2010,NFC,2,16,1
NFL,NO,2010,NFC,2,16,2011,NFC,2,16,0
NFL,NO,2011,NFC,2,16,2012,NFC,11,16,9
NFL,NO,2012,NFC,11,16,2013,NFC,4,16,-7
NFL,NO,2013,NFC,4,16,2014,NFC,10,16,6
NFL,NO,2014,NFC,10,16,2015,NFC,11,16,1
NFL,NO,2015,NFC,11,16,2016,NFC,12,16,1
NFL,NO,2016,NFC,12,16,2017,NFC,4,16,-8
NFL,NO,2017,NFC,4,16,2018,NFC,1,16,-3
NFL,NO,2018,NFC,1,16,2019,NFC,2,16,1
NFL,NO,2019,NFC,2,16,2020,NFC,2,16,0
NFL,NO,2020,NFC,2,16,2021,NFC,8,16,6
NFL,NO,2021,NFC,8,16,2022,NFC,11,16,3
NFL,NO,2022,NFC,11,16,2023,NFC,6,16,-5
NFL,NO,2023,NFC,6,16,2024,NFC,14,16,8
NFL,NO,2024,NFC,14,16,2025,NFC,13,16,-1
NFL,SEA,2002,NFC,8,16,2003,NFC,5,16,-3
NFL,SEA,2003,NFC,5,16,2004,NFC,4,16,-1
NFL,SEA,2004,NFC,4,16,2005,NFC,1,16,-3
NFL,SEA,2005,NFC,1,16,2006,NFC,5,16,4
NFL,SEA,2006,NFC,5,16,2007,NFC,3,16,-2
NFL,SEA,2007,NFC,3,16,2008,NFC,14,16,11
NFL,SEA,2008,NFC,14,16,2009,NFC,12,16,-2
NFL,SEA,2009,NFC,12,16,2010,NFC,9,16,-3
NFL,SEA,2010,NFC,9,16,2011,NFC,11,16,2
NFL,SEA,2011,NFC,11,16,2012,NFC,3,16,-8
NFL,SEA,2012,NFC,3,16,2013,NFC,1,16,-2
NFL,SEA,2013,NFC,1,16,2014,NFC,1,16,0
NFL,SEA,2014,NFC,1,16,2015,NFC,4,16,3
NFL,SEA,2015,NFC,4,16,2016,NFC,4,16,0
NFL,SEA,2016,NFC,4,16,2017,NFC,8,16,4
NFL,SEA,2017,NFC,8,16,2018,NFC,4,16,-4
NFL,SEA,2018,NFC,4,16,2019,NFC,4,16,0
NFL,SEA,2019,NFC,4,16,2020,NFC,3,16,-1
NFL,SEA,2020,NFC,3,16,2021,NFC,10,16,7
NFL,SEA,2021,NFC,10,16,2022,NFC,7,16,-3
NFL,SEA,2022,NFC,7,16,2023,NFC,9,16,2
NFL,SEA,2023,NFC,9,16,2024,NFC,7,16,-2
NFL,SEA,2024,NFC,7,16,2025,NFC,1,16,-6
NFL,CAR,2002,NFC,9,16,2003,NFC,3,16,-6
NFL,CAR,2003,NFC,3,16,2004,NFC,8,16,5
NFL,CAR,2004,NFC,8,16,2005,NFC,2,16,-6
NFL,CAR,2005,NFC,2,16,2006,NFC,8,16,6
NFL,CAR,2006,NFC,8,16,2007,NFC,12,16,4
NFL,CAR,2007,NFC,12,16,2008,NFC,2,16,-10
NFL,CAR,2008,NFC,2,16,2009,NFC,9,16,7
NFL,CAR,2009,NFC,9,16,2010,NFC,16,16,7
NFL,CAR,2010,NFC,16,16,2011,NFC,12,16,-4
NFL,CAR,2011,NFC,12,16,2012,NFC,13,16,1
NFL,CAR,2012,NFC,13,16,2013,NFC,3,16,-10
NFL,CAR,2013,NFC,3,16,2014,NFC,8,16,5
NFL,CAR,2014,NFC,8,16,2015,NFC,1,16,-7
NFL,CAR,2015,NFC,1,16,2016,NFC,13,16,12
NFL,CAR,2016,NFC,13,16,2017,NFC,5,16,-8
NFL,CAR,2017,NFC,5,16,2018,NFC,8,16,3
NFL,CAR,2018,NFC,8,16,2019,NFC,13,16,5
NFL,CAR,2019,NFC,13,16,2020,NFC,13,16,0
NFL,CAR,2020,NFC,13,16,2021,NFC,14,16,1
NFL,CAR,2021,NFC,14,16,2022,NFC,13,16,-1
NFL,CAR,2022,NFC,13,16,2023,NFC,16,16,3
NFL,CAR,2023,NFC,16,16,2024,NFC,15,16,-1
NFL,CAR,2024,NFC,15,16,2025,NFC,11,16,-4
NFL,LA,2002,NFC,10,16,2003,NFC,1,16,-9
NFL,LA,2003,NFC,1,16,2004,NFC,7,16,6
NFL,LA,2004,NFC,7,16,2005,NFC,10,16,3
NFL,LA,2005,NFC,10,16,2006,NFC,7,16,-3
NFL,LA,2006,NFC,7,16,2007,NFC,16,16,9
NFL,LA,2007,NFC,16,16,2008,NFC,15,16,-1
NFL,LA,2008,NFC,15,16,2009,NFC,16,16,1
NFL,LA,2009,NFC,16,16,2010,NFC,8,16,-8
NFL,LA,2010,NFC,8,16,2011,NFC,16,16,8
NFL,LA,2011,NFC,16,16,2012,NFC,10,16,-6
NFL,LA,2012,NFC,10,16,2013,NFC,11,16,1
NFL,LA,2013,NFC,11,16,2014,NFC,12,16,1
NFL,LA,2014,NFC,12,16,2015,NFC,9,16,-3
NFL,LA,2015,NFC,9,16,2016,NFC,14,16,5
NFL,LA,2016,NFC,14,16,2017,NFC,3,16,-11
NFL,LA,2017,NFC,3,16,2018,NFC,2,16,-1
NFL,LA,2018,NFC,2,16,2019,NFC,7,16,5
NFL,LA,2019,NFC,7,16,2020,NFC,5,16,-2
NFL,LA,2020,NFC,5,16,2021,NFC,4,16,-1
NFL,LA,2021,NFC,4,16,2022,NFC,14,16,10
NFL,LA,2022,NFC,14,16,2023,NFC,5,16,-9
NFL,LA,2023,NFC,5,16,2024,NFC,8,16,3
NFL,LA,2024,NFC,8,16,2025,NFC,2,16,-6
NFL,WAS,2002,NFC,11,16,2003,NFC,12,16,1
NFL,WAS,2003,NFC,12,16,2004,NFC,9,16,-3
NFL,WAS,2004,NFC,9,16,2005,NFC,6,16,-3
NFL,WAS,2005,NFC,6,16,2006,NFC,13,16,7
NFL,WAS,2006,NFC,13,16,2007,NFC,6,16,-7
NFL,WAS,2007,NFC,6,16,2008,NFC,11,16,5
NFL,WAS,2008,NFC,11,16,2009,NFC,13,16,2
NFL,WAS,2009,NFC,13,16,2010,NFC,14,16,1
NFL,WAS,2010,NFC,14,16,2011,NFC,13,16,-1
NFL,WAS,2011,NFC,13,16,2012,NFC,6,16,-7
NFL,WAS,2012,NFC,6,16,2013,NFC,16,16,10
NFL,WAS,2013,NFC,16,16,2014,NFC,15,16,-1
NFL,WAS,2014,NFC,15,16,2015,NFC,6,16,-9
NFL,WAS,2015,NFC,6,16,2016,NFC,8,16,2
NFL,WAS,2016,NFC,8,16,2017,NFC,11,16,3
NFL,WAS,2017,NFC,11,16,2018,NFC,10,16,-1
NFL,WAS,2018,NFC,10,16,2019,NFC,16,16,6
NFL,WAS,2019,NFC,16,16,2020,NFC,8,16,-8
NFL,WAS,2020,NFC,8,16,2021,NFC,11,16,3
NFL,WAS,2021,NFC,11,16,2022,NFC,8,16,-3
NFL,WAS,2022,NFC,8,16,2023,NFC,15,16,7
NFL,WAS,2023,NFC,15,16,2024,NFC,4,16,-11
NFL,WAS,2024,NFC,4,16,2025,NFC,14,16,10
NFL,MIN,2002,NFC,12,16,2003,NFC,7,16,-5
NFL,MIN,2003,NFC,7,16,2004,NFC,5,16,-2
NFL,MIN,2004,NFC,5,16,2005,NFC,8,16,3
NFL,MIN,2005,NFC,8,16,2006,NFC,12,16,4
NFL,MIN,2006,NFC,12,16,2007,NFC,7,16,-5
NFL,MIN,2007,NFC,7,16,2008,NFC,4,16,-3
NFL,MIN,2008,NFC,4,16,2009,NFC,2,16,-2
NFL,MIN,2009,NFC,2,16,2010,NFC,13,16,11
NFL,MIN,2010,NFC,13,16,2011,NFC,15,16,2
NFL,MIN,2011,NFC,15,16,2012,NFC,7,16,-8
NFL,MIN,2012,NFC,7,16,2013,NFC,13,16,6
NFL,MIN,2013,NFC,13,16,2014,NFC,9,16,-4
NFL,MIN,2014,NFC,9,16,2015,NFC,3,16,-6
NFL,MIN,2015,NFC,3,16,2016,NFC,9,16,6
NFL,MIN,2016,NFC,9,16,2017,NFC,2,16,-7
NFL,MIN,2017,NFC,2,16,2018,NFC,7,16,5
NFL,MIN,2018,NFC,7,16,2019,NFC,5,16,-2
NFL,MIN,2019,NFC,5,16,2020,NFC,9,16,4
NFL,MIN,2020,NFC,9,16,2021,NFC,9,16,0
NFL,MIN,2021,NFC,9,16,2022,NFC,3,16,-6
NFL,MIN,2022,NFC,3,16,2023,NFC,10,16,7
NFL,MIN,2023,NFC,10,16,2024,NFC,3,16,-7
NFL,MIN,2024,NFC,3,16,2025,NFC,8,16,5
NFL,DAL,2002,NFC,13,16,2003,NFC,6,16,-7
NFL,DAL,2003,NFC,6,16,2004,NFC,13,16,7
NFL,DAL,2004,NFC,13,16,2005,NFC,7,16,-6
NFL,DAL,2005,NFC,7,16,2006,NFC,4,16,-3
NFL,DAL,2006,NFC,4,16,2007,NFC,2,16,-2
NFL,DAL,2007,NFC,2,16,2008,NFC,9,16,7
NFL,DAL,2008,NFC,9,16,2009,NFC,4,16,-5
NFL,DAL,2009,NFC,4,16,2010,NFC,12,16,8
NFL,DAL,2010,NFC,12,16,2011,NFC,8,16,-4
NFL,DAL,2011,NFC,8,16,2012,NFC,9,16,1
NFL,DAL,2012,NFC,9,16,2013,NFC,8,16,-1
NFL,DAL,2013,NFC,8,16,2014,NFC,3,16,-5
NFL,DAL,2014,NFC,3,16,2015,NFC,16,16,13
NFL,DAL,2015,NFC,16,16,2016,NFC,1,16,-15
NFL,DAL,2016,NFC,1,16,2017,NFC,9,16,8
NFL,DAL,2017,NFC,9,16,2018,NFC,5,16,-4
NFL,DAL,2018,NFC,5,16,2019,NFC,8,16,3
NFL,DAL,2019,NFC,8,16,2020,NFC,12,16,4
NFL,DAL,2020,NFC,12,16,2021,NFC,3,16,-9
NFL,DAL,2021,NFC,3,16,2022,NFC,4,16,1
NFL,DAL,2022,NFC,4,16,2023,NFC,1,16,-3
NFL,DAL,2023,NFC,1,16,2024,NFC,11,16,10
NFL,DAL,2024,NFC,11,16,2025,NFC,12,16,1
NFL,ARI,2002,NFC,14,16,2003,NFC,16,16,2
NFL,ARI,2003,NFC,16,16,2004,NFC,10,16,-6
NFL,ARI,2004,NFC,10,16,2005,NFC,12,16,2
NFL,ARI,2005,NFC,12,16,2006,NFC,14,16,2
NFL,ARI,2006,NFC,14,16,2007,NFC,9,16,-5
NFL,ARI,2007,NFC,9,16,2008,NFC,8,16,-1
NFL,ARI,2008,NFC,8,16,2009,NFC,6,16,-2
NFL,ARI,2009,NFC,6,16,2010,NFC,15,16,9
NFL,ARI,2010,NFC,15,16,2011,NFC,10,16,-5
NFL,ARI,2011,NFC,10,16,2012,NFC,14,16,4
NFL,ARI,2012,NFC,14,16,2013,NFC,6,16,-8
NFL,ARI,2013,NFC,6,16,2014,NFC,5,16,-1
NFL,ARI,2014,NFC,5,16,2015,NFC,2,16,-3
NFL,ARI,2015,NFC,2,16,2016,NFC,10,16,8
NFL,ARI,2016,NFC,10,16,2017,NFC,10,16,0
NFL,ARI,2017,NFC,10,16,2018,NFC,16,16,6
NFL,ARI,2018,NFC,16,16,2019,NFC,12,16,-4
NFL,ARI,2019,NFC,12,16,2020,NFC,6,16,-6
NFL,ARI,2020,NFC,6,16,2021,NFC,5,16,-1
NFL,ARI,2021,NFC,5,16,2022,NFC,15,16,10
NFL,ARI,2022,NFC,15,16,2023,NFC,14,16,-1
NFL,ARI,2023,NFC,14,16,2024,NFC,9,16,-5
NFL,ARI,2024,NFC,9,16,2025,NFC,16,16,7
NFL,CHI,2002,NFC,15,16,2003,NFC,11,16,-4
NFL,CHI,2003,NFC,11,16,2004,NFC,15,16,4
NFL,CHI,2004,NFC,15,16,2005,NFC,4,16,-11
NFL,CHI,2005,NFC,4,16,2006,NFC,1,16,-3
NFL,CHI,2006,NFC,1,16,2007,NFC,11,16,10
NFL,CHI,2007,NFC,11,16,2008,NFC,7,16,-4
NFL,CHI,2008,NFC,7,16,2009,NFC,11,16,4
NFL,CHI,2009,NFC,11,16,2010,NFC,3,16,-8
NFL,CHI,2010,NFC,3,16,2011,NFC,9,16,6
NFL,CHI,2011,NFC,9,16,2012,NFC,5,16,-4
NFL,CHI,2012,NFC,5,16,2013,NFC,9,16,4
NFL,CHI,2013,NFC,9,16,2014,NFC,14,16,5
NFL,CHI,2014,NFC,14,16,2015,NFC,13,16,-1
NFL,CHI,2015,NFC,13,16,2016,NFC,15,16,2
NFL,CHI,2016,NFC,15,16,2017,NFC,15,16,0
NFL,CHI,2017,NFC,15,16,2018,NFC,3,16,-12
NFL,CHI,2018,NFC,3,16,2019,NFC,9,16,6
NFL,CHI,2019,NFC,9,16,2020,NFC,7,16,-2
NFL,CHI,2020,NFC,7,16,2021,NFC,13,16,6
NFL,CHI,2021,NFC,13,16,2022,NFC,16,16,3
NFL,CHI,2022,NFC,16,16,2023,NFC,11,16,-5
NFL,CHI,2023,NFC,11,16,2024,NFC,13,16,2
NFL,CHI,2024,NFC,13,16,2025,NFC,5,16,-8
NFL,DET,2002,NFC,16,16,2003,NFC,13,16,-3
NFL,DET,2003,NFC,13,16,2004,NFC,12,16,-1
NFL,DET,2004,NFC,12,16,2005,NFC,13,16,1
NFL,DET,2005,NFC,13,16,2006,NFC,16,16,3
NFL,DET,2006,NFC,16,16,2007,NFC,13,16,-3
NFL,DET,2007,NFC,13,16,2008,NFC,16,16,3
NFL,DET,2008,NFC,16,16,2009,NFC,15,16,-1
NFL,DET,2009,NFC,15,16,2010,NFC,10,16,-5
NFL,DET,2010,NFC,10,16,2011,NFC,4,16,-6
NFL,DET,2011,NFC,4,16,2012,NFC,15,16,11
NFL,DET,2012,NFC,15,16,2013,NFC,10,16,-5
NFL,DET,2013,NFC,10,16,2014,NFC,4,16,-6
NFL,DET,2014,NFC,4,16,2015,NFC,8,16,4
NFL,DET,2015,NFC,8,16,2016,NFC,6,16,-2
NFL,DET,2016,NFC,6,16,2017,NFC,7,16,1
NFL,DET,2017,NFC,7,16,2018,NFC,12,16,5
NFL,DET,2018,NFC,12,16,2019,NFC,15,16,3
NFL,DET,2019,NFC,15,16,2020,NFC,14,16,-1
NFL,DET,2020,NFC,14,16,2021,NFC,16,16,2
NFL,DET,2021,NFC,16,16,2022,NFC,6,16,-10
NFL,DET,2022,NFC,6,16,2023,NFC,3,16,-3
NFL,DET,2023,NFC,3,16,2024,NFC,1,16,-2
NFL,DET,2024,NFC,1,16,2025,NFC,7,16,6
NFL,LV,2002,AFC,1,16,2003,AFC,15,16,14
NFL,LV,2003,AFC,15,16,2004,AFC,14,16,-1
NFL,LV,2004,AFC,14,16,2005,AFC,13,16,-1
NFL,LV,2005,AFC,13,16,2006,AFC,16,16,3
NFL,LV,2006,AFC,16,16,2007,AFC,15,16,-1
NFL,LV,2007,AFC,15,16,2008,AFC,13,16,-2
NFL,LV,2008,AFC,13,16,2009,AFC,15,16,2
NFL,LV,2009,AFC,15,16,2010,AFC,8,16,-7
NFL,LV,2010,AFC,8,16,2011,AFC,9,16,1
NFL,LV,2011,AFC,9,16,2012,AFC,14,16,5
NFL,LV,2012,AFC,14,16,2013,AFC,14,16,0
NFL,LV,2013,AFC,14,16,2014,AFC,15,16,1
NFL,LV,2014,AFC,15,16,2015,AFC,10,16,-5
NFL,LV,2015,AFC,10,16,2016,AFC,3,16,-7
NFL,LV,2016,AFC,3,16,2017,AFC,10,16,7
NFL,LV,2017,AFC,10,16,2018,AFC,16,16,6
NFL,LV,2018,AFC,16,16,2019,AFC,11,16,-5
NFL,LV,2019,AFC,11,16,2020,AFC,9,16,-2
NFL,LV,2020,AFC,9,16,2021,AFC,6,16,-3
NFL,LV,2021,AFC,6,16,2022,AFC,13,16,7
NFL,LV,2022,AFC,13,16,2023,AFC,11,16,-2
NFL,LV,2023,AFC,11,16,2024,AFC,13,16,2
NFL,LV,2024,AFC,13,16,2025,AFC,14,16,1
NFL,TEN,2002,AFC,2,16,2003,AFC,4,16,2
NFL,TEN,2003,AFC,4,16,2004,AFC,13,16,9
NFL,TEN,2004,AFC,13,16,2005,AFC,15,16,2
NFL,TEN,2005,AFC,15,16,2006,AFC,11,16,-4
NFL,TEN,2006,AFC,11,16,2007,AFC,7,16,-4
NFL,TEN,2007,AFC,7,16,2008,AFC,1,16,-6
NFL,TEN,2008,AFC,1,16,2009,AFC,10,16,9
NFL,TEN,2009,AFC,10,16,2010,AFC,11,16,1
NFL,TEN,2010,AFC,11,16,2011,AFC,6,16,-5
NFL,TEN,2011,AFC,6,16,2012,AFC,12,16,6
NFL,TEN,2012,AFC,12,16,2013,AFC,11,16,-1
NFL,TEN,2013,AFC,11,16,2014,AFC,16,16,5
NFL,TEN,2014,AFC,16,16,2015,AFC,15,16,-1
NFL,TEN,2015,AFC,15,16,2016,AFC,7,16,-8
NFL,TEN,2016,AFC,7,16,2017,AFC,7,16,0
NFL,TEN,2017,AFC,7,16,2018,AFC,8,16,1
NFL,TEN,2018,AFC,8,16,2019,AFC,6,16,-2
NFL,TEN,2019,AFC,6,16,2020,AFC,6,16,0
NFL,TEN,2020,AFC,6,16,2021,AFC,2,16,-4
NFL,TEN,2021,AFC,2,16,2022,AFC,12,16,10
NFL,TEN,2022,AFC,12,16,2023,AFC,14,16,2
NFL,TEN,2023,AFC,14,16,2024,AFC,15,16,1
NFL,TEN,2024,AFC,15,16,2025,AFC,15,16,0
NFL,PIT,2002,AFC,3,16,2003,AFC,10,16,7
NFL,PIT,2003,AFC,10,16,2004,AFC,1,16,-9
NFL,PIT,2004,AFC,1,16,2005,AFC,4,16,3
NFL,PIT,2005,AFC,4,16,2006,AFC,10,16,6
NFL,PIT,2006,AFC,10,16,2007,AFC,5,16,-5
NFL,PIT,2007,AFC,5,16,2008,AFC,2,16,-3
NFL,PIT,2008,AFC,2,16,2009,AFC,8,16,6
NFL,PIT,2009,AFC,8,16,2010,AFC,2,16,-6
NFL,PIT,2010,AFC,2,16,2011,AFC,3,16,1
NFL,PIT,2011,AFC,3,16,2012,AFC,7,16,4
NFL,PIT,2012,AFC,7,16,2013,AFC,7,16,0
NFL,PIT,2013,AFC,7,16,2014,AFC,4,16,-3
NFL,PIT,2014,AFC,4,16,2015,AFC,5,16,1
NFL,PIT,2015,AFC,5,16,2016,AFC,4,16,-1
NFL,PIT,2016,AFC,4,16,2017,AFC,2,16,-2
NFL,PIT,2017,AFC,2,16,2018,AFC,7,16,5
NFL,PIT,2018,AFC,7,16,2019,AFC,7,16,0
NFL,PIT,2019,AFC,7,16,2020,AFC,3,16,-4
NFL,PIT,2020,AFC,3,16,2021,AFC,7,16,4
NFL,PIT,2021,AFC,7,16,2022,AFC,8,16,1
NFL,PIT,2022,AFC,8,16,2023,AFC,7,16,-1
NFL,PIT,2023,AFC,7,16,2024,AFC,6,16,-1
NFL,PIT,2024,AFC,6,16,2025,AFC,7,16,1
NFL,IND,2002,AFC,4,16,2003,AFC,3,16,-1
NFL,IND,2003,AFC,3,16,2004,AFC,3,16,0
NFL,IND,2004,AFC,3,16,2005,AFC,1,16,-2
NFL,IND,2005,AFC,1,16,2006,AFC,4,16,3
NFL,IND,2006,AFC,4,16,2007,AFC,2,16,-2
NFL,IND,2007,AFC,2,16,2008,AFC,3,16,1
NFL,IND,2008,AFC,3,16,2009,AFC,1,16,-2
NFL,IND,2009,AFC,1,16,2010,AFC,5,16,4
NFL,IND,2010,AFC,5,16,2011,AFC,16,16,11
NFL,IND,2011,AFC,16,16,2012,AFC,4,16,-12
NFL,IND,2012,AFC,4,16,2013,AFC,5,16,1
NFL,IND,2013,AFC,5,16,2014,AFC,3,16,-2
NFL,IND,2014,AFC,3,16,2015,AFC,9,16,6
NFL,IND,2015,AFC,9,16,2016,AFC,10,16,1
NFL,IND,2016,AFC,10,16,2017,AFC,15,16,5
NFL,IND,2017,AFC,15,16,2018,AFC,6,16,-9
NFL,IND,2018,AFC,6,16,2019,AFC,8,16,2
NFL,IND,2019,AFC,8,16,2020,AFC,5,16,-3
NFL,IND,2020,AFC,5,16,2021,AFC,8,16,3
NFL,IND,2021,AFC,8,16,2022,AFC,15,16,7
NFL,IND,2022,AFC,15,16,2023,AFC,10,16,-5
NFL,IND,2023,AFC,10,16,2024,AFC,10,16,0
NFL,IND,2024,AFC,10,16,2025,AFC,8,16,-2
NFL,MIA,2002,AFC,5,16,2003,AFC,7,16,2
NFL,MIA,2003,AFC,7,16,2004,AFC,15,16,8
NFL,MIA,2004,AFC,15,16,2005,AFC,9,16,-6
NFL,MIA,2005,AFC,9,16,2006,AFC,13,16,4
NFL,MIA,2006,AFC,13,16,2007,AFC,16,16,3
NFL,MIA,2007,AFC,16,16,2008,AFC,6,16,-10
NFL,MIA,2008,AFC,6,16,2009,AFC,11,16,5
NFL,MIA,2009,AFC,11,16,2010,AFC,10,16,-1
NFL,MIA,2010,AFC,10,16,2011,AFC,12,16,2
NFL,MIA,2011,AFC,12,16,2012,AFC,9,16,-3
NFL,MIA,2012,AFC,9,16,2013,AFC,8,16,-1
NFL,MIA,2013,AFC,8,16,2014,AFC,11,16,3
NFL,MIA,2014,AFC,11,16,2015,AFC,11,16,0
NFL,MIA,2015,AFC,11,16,2016,AFC,5,16,-6
NFL,MIA,2016,AFC,5,16,2017,AFC,11,16,6
NFL,MIA,2017,AFC,11,16,2018,AFC,10,16,-1
NFL,MIA,2018,AFC,10,16,2019,AFC,15,16,5
NFL,MIA,2019,AFC,15,16,2020,AFC,8,16,-7
NFL,MIA,2020,AFC,8,16,2021,AFC,10,16,2
NFL,MIA,2021,AFC,10,16,2022,AFC,7,16,-3
NFL,MIA,2022,AFC,7,16,2023,AFC,3,16,-4
NFL,MIA,2023,AFC,3,16,2024,AFC,9,16,6
NFL,MIA,2024,AFC,9,16,2025,AFC,10,16,1
NFL,DEN,2002,AFC,6,16,2003,AFC,6,16,0
NFL,DEN,2003,AFC,6,16,2004,AFC,5,16,-1
NFL,DEN,2004,AFC,5,16,2005,AFC,2,16,-3
NFL,DEN,2005,AFC,2,16,2006,AFC,7,16,5
NFL,DEN,2006,AFC,7,16,2007,AFC,10,16,3
NFL,DEN,2007,AFC,10,16,2008,AFC,10,16,0
NFL,DEN,2008,AFC,10,16,2009,AFC,9,16,-1
NFL,DEN,2009,AFC,9,16,2010,AFC,15,16,6
NFL,DEN,2010,AFC,15,16,2011,AFC,10,16,-5
NFL,DEN,2011,AFC,10,16,2012,AFC,1,16,-9
NFL,DEN,2012,AFC,1,16,2013,AFC,1,16,0
NFL,DEN,2013,AFC,1,16,2014,AFC,2,16,1
NFL,DEN,2014,AFC,2,16,2015,AFC,3,16,1
NFL,DEN,2015,AFC,3,16,2016,AFC,6,16,3
NFL,DEN,2016,AFC,6,16,2017,AFC,13,16,7
NFL,DEN,2017,AFC,13,16,2018,AFC,11,16,-2
NFL,DEN,2018,AFC,11,16,2019,AFC,9,16,-2
NFL,DEN,2019,AFC,9,16,2020,AFC,12,16,3
NFL,DEN,2020,AFC,12,16,2021,AFC,13,16,1
NFL,DEN,2021,AFC,13,16,2022,AFC,14,16,1
NFL,DEN,2022,AFC,14,16,2023,AFC,12,16,-2
NFL,DEN,2023,AFC,12,16,2024,AFC,5,16,-7
NFL,DEN,2024,AFC,5,16,2025,AFC,2,16,-3
NFL,NE,2002,AFC,7,16,2003,AFC,1,16,-6
NFL,NE,2003,AFC,1,16,2004,AFC,2,16,1
NFL,NE,2004,AFC,2,16,2005,AFC,7,16,5
NFL,NE,2005,AFC,7,16,2006,AFC,3,16,-4
NFL,NE,2006,AFC,3,16,2007,AFC,1,16,-2
NFL,NE,2007,AFC,1,16,2008,AFC,5,16,4
NFL,NE,2008,AFC,5,16,2009,AFC,3,16,-2
NFL,NE,2009,AFC,3,16,2010,AFC,1,16,-2
NFL,NE,2010,AFC,1,16,2011,AFC,1,16,0
NFL,NE,2011,AFC,1,16,2012,AFC,2,16,1
NFL,NE,2012,AFC,2,16,2013,AFC,2,16,0
NFL,NE,2013,AFC,2,16,2014,AFC,1,16,-1
NFL,NE,2014,AFC,1,16,2015,AFC,1,16,0
NFL,NE,2015,AFC,1,16,2016,AFC,1,16,0
NFL,NE,2016,AFC,1,16,2017,AFC,1,16,0
NFL,NE,2017,AFC,1,16,2018,AFC,3,16,2
NFL,NE,2018,AFC,3,16,2019,AFC,2,16,-1
NFL,NE,2019,AFC,2,16,2020,AFC,10,16,8
NFL,NE,2020,AFC,10,16,2021,AFC,4,16,-6
NFL,NE,2021,AFC,4,16,2022,AFC,9,16,5
NFL,NE,2022,AFC,9,16,2023,AFC,16,16,7
NFL,NE,2023,AFC,16,16,2024,AFC,14,16,-2
NFL,NE,2024,AFC,14,16,2025,AFC,1,16,-13
NFL,CLE,2002,AFC,8,16,2003,AFC,13,16,5
NFL,CLE,2003,AFC,13,16,2004,AFC,16,16,3
NFL,CLE,2004,AFC,16,16,2005,AFC,11,16,-5
NFL,CLE,2005,AFC,11,16,2006,AFC,15,16,4
NFL,CLE,2006,AFC,15,16,2007,AFC,6,16,-9
NFL,CLE,2007,AFC,6,16,2008,AFC,15,16,9
NFL,CLE,2008,AFC,15,16,2009,AFC,14,16,-1
NFL,CLE,2009,AFC,14,16,2010,AFC,13,16,-1
NFL,CLE,2010,AFC,13,16,2011,AFC,15,16,2
NFL,CLE,2011,AFC,15,16,2012,AFC,13,16,-2
NFL,CLE,2012,AFC,13,16,2013,AFC,13,16,0
NFL,CLE,2013,AFC,13,16,2014,AFC,12,16,-1
NFL,CLE,2014,AFC,12,16,2015,AFC,16,16,4
NFL,CLE,2015,AFC,16,16,2016,AFC,16,16,0
NFL,CLE,2016,AFC,16,16,2017,AFC,16,16,0
NFL,CLE,2017,AFC,16,16,2018,AFC,9,16,-7
NFL,CLE,2018,AFC,9,16,2019,AFC,12,16,3
NFL,CLE,2019,AFC,12,16,2020,AFC,7,16,-5
NFL,CLE,2020,AFC,7,16,2021,AFC,12,16,5
NFL,CLE,2021,AFC,12,16,2022,AFC,10,16,-2
NFL,CLE,2022,AFC,10,16,2023,AFC,5,16,-5
NFL,CLE,2023,AFC,5,16,2024,AFC,16,16,11
NFL,CLE,2024,AFC,16,16,2025,AFC,13,16,-3
NFL,NYJ,2002,AFC,9,16,2003,AFC,9,16,0
NFL,NYJ,2003,AFC,9,16,2004,AFC,6,16,-3
NFL,NYJ,2004,AFC,6,16,2005,AFC,14,16,8
NFL,NYJ,2005,AFC,14,16,2006,AFC,5,16,-9
NFL,NYJ,2006,AFC,5,16,2007,AFC,13,16,8
NFL,NYJ,2007,AFC,13,16,2008,AFC,7,16,-6
NFL,NYJ,2008,AFC,7,16,2009,AFC,6,16,-1
NFL,NYJ,2009,AFC,6,16,2010,AFC,4,16,-2
NFL,NYJ,2010,AFC,4,16,2011,AFC,8,16,4
NFL,NYJ,2011,AFC,8,16,2012,AFC,11,16,3
NFL,NYJ,2012,AFC,11,16,2013,AFC,10,16,-1
NFL,NYJ,2013,AFC,10,16,2014,AFC,13,16,3
NFL,NYJ,2014,AFC,13,16,2015,AFC,6,16,-7
NFL,NYJ,2015,AFC,6,16,2016,AFC,14,16,8
NFL,NYJ,2016,AFC,14,16,2017,AFC,12,16,-2
NFL,NYJ,2017,AFC,12,16,2018,AFC,15,16,3
NFL,NYJ,2018,AFC,15,16,2019,AFC,10,16,-5
NFL,NYJ,2019,AFC,10,16,2020,AFC,15,16,5
NFL,NYJ,2020,AFC,15,16,2021,AFC,15,16,0
NFL,NYJ,2021,AFC,15,16,2022,AFC,11,16,-4
NFL,NYJ,2022,AFC,11,16,2023,AFC,13,16,2
NFL,NYJ,2023,AFC,13,16,2024,AFC,11,16,-2
NFL,NYJ,2024,AFC,11,16,2025,AFC,16,16,5
NFL,KC,2002,AFC,10,16,2003,AFC,2,16,-8
NFL,KC,2003,AFC,2,16,2004,AFC,11,16,9
NFL,KC,2004,AFC,11,16,2005,AFC,6,16,-5
NFL,KC,2005,AFC,6,16,2006,AFC,6,16,0
NFL,KC,2006,AFC,6,16,2007,AFC,14,16,8
NFL,KC,2007,AFC,14,16,2008,AFC,16,16,2
NFL,KC,2008,AFC,16,16,2009,AFC,16,16,0
NFL,KC,2009,AFC,16,16,2010,AFC,6,16,-10
NFL,KC,2010,AFC,6,16,2011,AFC,11,16,5
NFL,KC,2011,AFC,11,16,2012,AFC,16,16,5
NFL,KC,2012,AFC,16,16,2013,AFC,4,16,-12
NFL,KC,2013,AFC,4,16,2014,AFC,7,16,3
NFL,KC,2014,AFC,7,16,2015,AFC,4,16,-3
NFL,KC,2015,AFC,4,16,2016,AFC,2,16,-2
NFL,KC,2016,AFC,2,16,2017,AFC,4,16,2
NFL,KC,2017,AFC,4,16,2018,AFC,1,16,-3
NFL,KC,2018,AFC,1,16,2019,AFC,3,16,2
NFL,KC,2019,AFC,3,16,2020,AFC,1,16,-2
NFL,KC,2020,AFC,1,16,2021,AFC,1,16,0
NFL,KC,2021,AFC,1,16,2022,AFC,1,16,0
NFL,KC,2022,AFC,1,16,2023,AFC,4,16,3
NFL,KC,2023,AFC,4,16,2024,AFC,1,16,-3
NFL,KC,2024,AFC,1,16,2025,AFC,11,16,10
NFL,BUF,2002,AFC,11,16,2003,AFC,11,16,0
NFL,BUF,2003,AFC,11,16,2004,AFC,7,16,-4
NFL,BUF,2004,AFC,7,16,2005,AFC,12,16,5
NFL,BUF,2005,AFC,12,16,2006,AFC,12,16,0
NFL,BUF,2006,AFC,12,16,2007,AFC,11,16,-1
NFL,BUF,2007,AFC,11,16,2008,AFC,11,16,0
NFL,BUF,2008,AFC,11,16,2009,AFC,13,16,2
NFL,BUF,2009,AFC,13,16,2010,AFC,16,16,3
NFL,BUF,2010,AFC,16,16,2011,AFC,13,16,-3
NFL,BUF,2011,AFC,13,16,2012,AFC,10,16,-3
NFL,BUF,2012,AFC,10,16,2013,AFC,12,16,2
NFL,BUF,2013,AFC,12,16,2014,AFC,9,16,-3
NFL,BUF,2014,AFC,9,16,2015,AFC,8,16,-1
NFL,BUF,2015,AFC,8,16,2016,AFC,11,16,3
NFL,BUF,2016,AFC,11,16,2017,AFC,8,16,-3
NFL,BUF,2017,AFC,8,16,2018,AFC,13,16,5
NFL,BUF,2018,AFC,13,16,2019,AFC,4,16,-9
NFL,BUF,2019,AFC,4,16,2020,AFC,2,16,-2
NFL,BUF,2020,AFC,2,16,2021,AFC,3,16,1
NFL,BUF,2021,AFC,3,16,2022,AFC,2,16,-1
NFL,BUF,2022,AFC,2,16,2023,AFC,2,16,0
NFL,BUF,2023,AFC,2,16,2024,AFC,2,16,0
NFL,BUF,2024,AFC,2,16,2025,AFC,4,16,2
NFL,LAC,2002,AFC,12,16,2003,AFC,16,16,4
NFL,LAC,2003,AFC,16,16,2004,AFC,4,16,-12
NFL,LAC,2004,AFC,4,16,2005,AFC,8,16,4
NFL,LAC,2005,AFC,8,16,2006,AFC,1,16,-7
NFL,LAC,2006,AFC,1,16,2007,AFC,3,16,2
NFL,LAC,2007,AFC,3,16,2008,AFC,8,16,5
NFL,LAC,2008,AFC,8,16,2009,AFC,2,16,-6
NFL,LAC,2009,AFC,2,16,2010,AFC,7,16,5
NFL,LAC,2010,AFC,7,16,2011,AFC,7,16,0
NFL,LAC,2011,AFC,7,16,2012,AFC,8,16,1
NFL,LAC,2012,AFC,8,16,2013,AFC,6,16,-2
NFL,LAC,2013,AFC,6,16,2014,AFC,10,16,4
NFL,LAC,2014,AFC,10,16,2015,AFC,14,16,4
NFL,LAC,2015,AFC,14,16,2016,AFC,13,16,-1
NFL,LAC,2016,AFC,13,16,2017,AFC,6,16,-7
NFL,LAC,2017,AFC,6,16,2018,AFC,2,16,-4
NFL,LAC,2018,AFC,2,16,2019,AFC,14,16,12
NFL,LAC,2019,AFC,14,16,2020,AFC,11,16,-3
NFL,LAC,2020,AFC,11,16,2021,AFC,9,16,-2
NFL,LAC,2021,AFC,9,16,2022,AFC,5,16,-4
NFL,LAC,2022,AFC,5,16,2023,AFC,15,16,10
NFL,LAC,2023,AFC,15,16,2024,AFC,4,16,-11
NFL,LAC,2024,AFC,4,16,2025,AFC,6,16,2
NFL,BAL,2002,AFC,13,16,2003,AFC,5,16,-8
NFL,BAL,2003,AFC,5,16,2004,AFC,8,16,3
NFL,BAL,2004,AFC,8,16,2005,AFC,10,16,2
NFL,BAL,2005,AFC,10,16,2006,AFC,2,16,-8
NFL,BAL,2006,AFC,2,16,2007,AFC,12,16,10
NFL,BAL,2007,AFC,12,16,2008,AFC,4,16,-8
NFL,BAL,2008,AFC,4,16,2009,AFC,5,16,1
NFL,BAL,2009,AFC,5,16,2010,AFC,3,16,-2
NFL,BAL,2010,AFC,3,16,2011,AFC,2,16,-1
NFL,BAL,2011,AFC,2,16,2012,AFC,6,16,4
NFL,BAL,2012,AFC,6,16,2013,AFC,9,16,3
NFL,BAL,2013,AFC,9,16,2014,AFC,6,16,-3
NFL,BAL,2014,AFC,6,16,2015,AFC,13,16,7
NFL,BAL,2015,AFC,13,16,2016,AFC,9,16,-4
NFL,BAL,2016,AFC,9,16,2017,AFC,5,16,-4
NFL,BAL,2017,AFC,5,16,2018,AFC,5,16,0
NFL,BAL,2018,AFC,5,16,2019,AFC,1,16,-4
NFL,BAL,2019,AFC,1,16,2020,AFC,4,16,3
NFL,BAL,2020,AFC,4,16,2021,AFC,11,16,7
NFL,BAL,2021,AFC,11,16,2022,AFC,4,16,-7
NFL,BAL,2022,AFC,4,16,2023,AFC,1,16,-3
NFL,BAL,2023,AFC,1,16,2024,AFC,3,16,2
NFL,BAL,2024,AFC,3,16,2025,AFC,9,16,6
NFL,JAX,2002,AFC,14,16,2003,AFC,12,16,-2
NFL,JAX,2003,AFC,12,16,2004,AFC,9,16,-3
NFL,JAX,2004,AFC,9,16,2005,AFC,3,16,-6
NFL,JAX,2005,AFC,3,16,2006,AFC,8,16,5
NFL,JAX,2006,AFC,8,16,2007,AFC,4,16,-4
NFL,JAX,2007,AFC,4,16,2008,AFC,12,16,8
NFL,JAX,2008,AFC,12,16,2009,AFC,12,16,0
NFL,JAX,2009,AFC,12,16,2010,AFC,9,16,-3
NFL,JAX,2010,AFC,9,16,2011,AFC,14,16,5
NFL,JAX,2011,AFC,14,16,2012,AFC,15,16,1
NFL,JAX,2012,AFC,15,16,2013,AFC,15,16,0
NFL,JAX,2013,AFC,15,16,2014,AFC,14,16,-1
NFL,JAX,2014,AFC,14,16,2015,AFC,12,16,-2
NFL,JAX,2015,AFC,12,16,2016,AFC,15,16,3
NFL,JAX,2016,AFC,15,16,2017,AFC,3,16,-12
NFL,JAX,2017,AFC,3,16,2018,AFC,14,16,11
NFL,JAX,2018,AFC,14,16,2019,AFC,13,16,-1
NFL,JAX,2019,AFC,13,16,2020,AFC,16,16,3
NFL,JAX,2020,AFC,16,16,2021,AFC,16,16,0
NFL,JAX,2021,AFC,16,16,2022,AFC,6,16,-10
NFL,JAX,2022,AFC,6,16,2023,AFC,8,16,2
NFL,JAX,2023,AFC,8,16,2024,AFC,12,16,4
NFL,JAX,2024,AFC,12,16,2025,AFC,3,16,-9
NFL,HOU,2002,AFC,15,16,2003,AFC,14,16,-1
NFL,HOU,2003,AFC,14,16,2004,AFC,12,16,-2
NFL,HOU,2004,AFC,12,16,2005,AFC,16,16,4
NFL,HOU,2005,AFC,16,16,2006,AFC,14,16,-2
NFL,HOU,2006,AFC,14,16,2007,AFC,8,16,-6
NFL,HOU,2007,AFC,8,16,2008,AFC,9,16,1
NFL,HOU,2008,AFC,9,16,2009,AFC,7,16,-2
NFL,HOU,2009,AFC,7,16,2010,AFC,12,16,5
NFL,HOU,2010,AFC,12,16,2011,AFC,4,16,-8
NFL,HOU,2011,AFC,4,16,2012,AFC,3,16,-1
NFL,HOU,2012,AFC,3,16,2013,AFC,16,16,13
NFL,HOU,2013,AFC,16,16,2014,AFC,8,16,-8
NFL,HOU,2014,AFC,8,16,2015,AFC,7,16,-1
NFL,HOU,2015,AFC,7,16,2016,AFC,8,16,1
NFL,HOU,2016,AFC,8,16,2017,AFC,14,16,6
NFL,HOU,2017,AFC,14,16,2018,AFC,4,16,-10
NFL,HOU,2018,AFC,4,16,2019,AFC,5,16,1
NFL,HOU,2019,AFC,5,16,2020,AFC,14,16,9
NFL,HOU,2020,AFC,14,16,2021,AFC,14,16,0
NFL,HOU,2021,AFC,14,16,2022,AFC,16,16,2
NFL,HOU,2022,AFC,16,16,2023,AFC,6,16,-10
NFL,HOU,2023,AFC,6,16,2024,AFC,7,16,1
NFL,HOU,2024,AFC,7,16,2025,AFC,5,16,-2
NFL,CIN,2002,AFC,16,16,2003,AFC,8,16,-8
NFL,CIN,2003,AFC,8,16,2004,AFC,10,16,2
NFL,CIN,2004,AFC,10,16,2005,AFC,5,16,-5
NFL,CIN,2005,AFC,5,16,2006,AFC,9,16,4
NFL,CIN,2006,AFC,9,16,2007,AFC,9,16,0
NFL,CIN,2007,AFC,9,16,2008,AFC,14,16,5
NFL,CIN,2008,AFC,14,16,2009,AFC,4,16,-10
NFL,CIN,2009,AFC,4,16,2010,AFC,14,16,10
NFL,CIN,2010,AFC,14,16,2011,AFC,5,16,-9
NFL,CIN,2011,AFC,5,16,2012,AFC,5,16,0
NFL,CIN,2012,AFC,5,16,2013,AFC,3,16,-2
NFL,CIN,2013,AFC,3,16,2014,AFC,5,16,2
NFL,CIN,2014,AFC,5,16,2015,AFC,2,16,-3
NFL,CIN,2015,AFC,2,16,2016,AFC,12,16,10
NFL,CIN,2016,AFC,12,16,2017,AFC,9,16,-3
NFL,CIN,2017,AFC,9,16,2018,AFC,12,16,3
NFL,CIN,2018,AFC,12,16,2019,AFC,16,16,4
NFL,CIN,2019,AFC,16,16,2020,AFC,13,16,-3
NFL,CIN,2020,AFC,13,16,2021,AFC,5,16,-8
NFL,CIN,2021,AFC,5,16,2022,AFC,3,16,-2
NFL,CIN,2022,AFC,3,16,2023,AFC,9,16,6
NFL,CIN,2023,AFC,9,16,2024,AFC,8,16,-1
NFL,CIN,2024,AFC,8,16,2025,AFC,12,16,4
NBA,PHX,2005,West,1,15,2006,West,3,15,2
NBA,PHX,2006,West,3,15,2007,West,2,15,-1
NBA,PHX,2007,West,2,15,2008,West,4,15,2
NBA,PHX,2008,West,4,15,2009,West,9,15,5
NBA,PHX,2009,West,9,15,2010,West,3,15,-6
NBA,PHX,2010,West,3,15,2011,West,10,15,7
NBA,PHX,2011,West,10,15,2012,West,10,15,0
NBA,PHX,2012,West,10,15,2013,West,15,15,5
NBA,PHX,2013,West,15,15,2014,West,9,15,-6
NBA,PHX,2014,West,9,15,2015,West,10,15,1
NBA,PHX,2015,West,10,15,2016,West,14,15,4
NBA,PHX,2016,West,14,15,2017,West,15,15,1
NBA,PHX,2017,West,15,15,2018,West,15,15,0
NBA,PHX,2018,West,15,15,2019,West,15,15,0
NBA,PHX,2019,West,15,15,2020,West,9,15,-6
NBA,PHX,2020,West,9,15,2021,West,2,15,-7
NBA,PHX,2021,West,2,15,2022,West,1,15,-1
NBA,PHX,2022,West,1,15,2023,West,4,15,3
NBA,SA,2005,West,2,15,2006,West,1,15,-1
NBA,SA,2006,West,1,15,2007,West,3,15,2
NBA,SA,2007,West,3,15,2008,West,3,15,0
NBA,SA,2008,West,3,15,2009,West,3,15,0
NBA,SA,2009,West,3,15,2010,West,6,15,3
NBA,SA,2010,West,6,15,2011,West,1,15,-5
NBA,SA,2011,West,1,15,2012,West,1,15,0
NBA,SA,2012,West,1,15,2013,West,2,15,1
NBA,SA,2013,West,2,15,2014,West,1,15,-1
NBA,SA,2014,West,1,15,2015,West,4,15,3
NBA,SA,2015,West,4,15,2016,West,2,15,-2
NBA,SA,2016,West,2,15,2017,West,2,15,0
NBA,SA,2017,West,2,15,2018,West,7,15,5
NBA,SA,2018,West,7,15,2019,West,7,15,0
NBA,SA,2019,West,7,15,2020,West,11,15,4
NBA,SA,2020,West,11,15,2021,West,10,15,-1
NBA,SA,2021,West,10,15,2022,West,10,15,0
NBA,SA,2022,West,10,15,2023,West,14,15,4
NBA,DAL,2005,West,3,15,2006,West,2,15,-1
NBA,DAL,2006,West,2,15,2007,West,1,15,-1
NBA,DAL,2007,West,1,15,2008,West,7,15,6
NBA,DAL,2008,West,7,15,2009,West,6,15,-1
NBA,DAL,2009,West,6,15,2010,West,2,15,-4
NBA,DAL,2010,West,2,15,2011,West,3,15,1
NBA,DAL,2011,West,3,15,2012,West,7,15,4
NBA,DAL,2012,West,7,15,2013,West,10,15,3
NBA,DAL,2013,West,10,15,2014,West,8,15,-2
NBA,DAL,2014,West,8,15,2015,West,7,15,-1
NBA,DAL,2015,West,7,15,2016,West,6,15,-1
NBA,DAL,2016,West,6,15,2017,West,11,15,5
NBA,DAL,2017,West,11,15,2018,West,13,15,2
NBA,DAL,2018,West,13,15,2019,West,12,15,-1
NBA,DAL,2019,West,12,15,2020,West,7,15,-5
NBA,DAL,2020,West,7,15,2021,West,6,15,-1
NBA,DAL,2021,West,6,15,2022,West,4,15,-2
NBA,DAL,2022,West,4,15,2023,West,11,15,7
NBA,OKC,2005,West,4,15,2006,West,11,15,7
NBA,OKC,2006,West,11,15,2007,West,14,15,3
NBA,OKC,2007,West,14,15,2008,West,15,15,1
NBA,OKC,2008,West,15,15,2009,West,13,15,-2
NBA,OKC,2009,West,13,15,2010,West,7,15,-6
NBA,OKC,2010,West,7,15,2011,West,4,15,-3
NBA,OKC,2011,West,4,15,2012,West,2,15,-2
NBA,OKC,2012,West,2,15,2013,West,1,15,-1
NBA,OKC,2013,West,1,15,2014,West,2,15,1
NBA,OKC,2014,West,2,15,2015,West,8,15,6
NBA,OKC,2015,West,8,15,2016,West,3,15,-5
NBA,OKC,2016,West,3,15,2017,West,6,15,3
NBA,OKC,2017,West,6,15,2018,West,5,15,-1
NBA,OKC,2018,West,5,15,2019,West,6,15,1
NBA,OKC,2019,West,6,15,2020,West,6,15,0
NBA,OKC,2020,West,6,15,2021,West,14,15,8
NBA,OKC,2021,West,14,15,2022,West,14,15,0
NBA,OKC,2022,West,14,15,2023,West,10,15,-4
NBA,HOU,2005,West,5,15,2006,West,13,15,8
NBA,HOU,2006,West,13,15,2007,West,4,15,-9
NBA,HOU,2007,West,4,15,2008,West,5,15,1
NBA,HOU,2008,West,5,15,2009,West,5,15,0
NBA,HOU,2009,West,5,15,2010,West,9,15,4
NBA,HOU,2010,West,9,15,2011,West,9,15,0
NBA,HOU,2011,West,9,15,2012,West,9,15,0
NBA,HOU,2012,West,9,15,2013,West,7,15,-2
NBA,HOU,2013,West,7,15,2014,West,4,15,-3
NBA,HOU,2014,West,4,15,2015,West,3,15,-1
NBA,HOU,2015,West,3,15,2016,West,8,15,5
NBA,HOU,2016,West,8,15,2017,West,3,15,-5
NBA,HOU,2017,West,3,15,2018,West,1,15,-2
NBA,HOU,2018,West,1,15,2019,West,3,15,2
NBA,HOU,2019,West,3,15,2020,West,4,15,1
NBA,HOU,2020,West,4,15,2021,West,15,15,11
NBA,HOU,2021,West,15,15,2022,West,15,15,0
NBA,HOU,2022,West,15,15,2023,West,15,15,0
NBA,SAC,2005,West,6,15,2006,West,7,15,1
NBA,SAC,2006,West,7,15,2007,West,11,15,4
NBA,SAC,2007,West,11,15,2008,West,11,15,0
NBA,SAC,2008,West,11,15,2009,West,15,15,4
NBA,SAC,2009,West,15,15,2010,West,14,15,-1
NBA,SAC,2010,West,14,15,2011,West,14,15,0
NBA,SAC,2011,West,14,15,2012,West,14,15,0
NBA,SAC,2012,West,14,15,2013,West,13,15,-1
NBA,SAC,2013,West,13,15,2014,West,13,15,0
NBA,SAC,2014,West,13,15,2015,West,13,15,0
NBA,SAC,2015,West,13,15,2016,West,10,15,-3
NBA,SAC,2016,West,10,15,2017,West,12,15,2
NBA,SAC,2017,West,12,15,2018,West,12,15,0
NBA,SAC,2018,West,12,15,2019,West,9,15,-3
NBA,SAC,2019,West,9,15,2020,West,12,15,3
NBA,SAC,2020,West,12,15,2021,West,12,15,0
NBA,SAC,2021,West,12,15,2022,West,12,15,0
NBA,SAC,2022,West,12,15,2023,West,3,15,-9
NBA,DEN,2005,West,7,15,2006,West,8,15,1
NBA,DEN,2006,West,8,15,2007,West,6,15,-2
NBA,DEN,2007,West,6,15,2008,West,8,15,2
NBA,DEN,2008,West,8,15,2009,West,4,15,-4
NBA,DEN,2009,West,4,15,2010,West,5,15,1
NBA,DEN,2010,West,5,15,2011,West,5,15,0
NBA,DEN,2011,West,5,15,2012,West,6,15,1
NBA,DEN,2012,West,6,15,2013,West,3,15,-3
NBA,DEN,2013,West,3,15,2014,West,11,15,8
NBA,DEN,2014,West,11,15,2015,West,12,15,1
NBA,DEN,2015,West,12,15,2016,West,11,15,-1
NBA,DEN,2016,West,11,15,2017,West,9,15,-2
NBA,DEN,2017,West,9,15,2018,West,9,15,0
NBA,DEN,2018,West,9,15,2019,West,2,15,-7
NBA,DEN,2019,West,2,15,2020,West,3,15,1
NBA,DEN,2020,West,3,15,2021,West,4,15,1
NBA,DEN,2021,West,4,15,2022,West,6,15,2
NBA,DEN,2022,West,6,15,2023,West,1,15,-5
NBA,MEM,2005,West,8,15,2006,West,4,15,-4
NBA,MEM,2006,West,4,15,2007,West,15,15,11
NBA,MEM,2007,West,15,15,2008,West,13,15,-2
NBA,MEM,2008,West,13,15,2009,West,12,15,-1
NBA,MEM,2009,West,12,15,2010,West,10,15,-2
NBA,MEM,2010,West,10,15,2011,West,7,15,-3
NBA,MEM,2011,West,7,15,2012,West,3,15,-4
NBA,MEM,2012,West,3,15,2013,West,5,15,2
NBA,MEM,2013,West,5,15,2014,West,7,15,2
NBA,MEM,2014,West,7,15,2015,West,5,15,-2
NBA,MEM,2015,West,5,15,2016,West,7,15,2
NBA,MEM,2016,West,7,15,2017,West,7,15,0
NBA,MEM,2017,West,7,15,2018,West,14,15,7
NBA,MEM,2018,West,14,15,2019,West,14,15,0
NBA,MEM,2019,West,14,15,2020,West,10,15,-4
NBA,MEM,2020,West,10,15,2021,West,9,15,-1
NBA,MEM,2021,West,9,15,2022,West,2,15,-7
NBA,MEM,2022,West,2,15,2023,West,2,15,0
NBA,MIN,2005,West,9,15,2006,West,14,15,5
NBA,MIN,2006,West,14,15,2007,West,12,15,-2
NBA,MIN,2007,West,12,15,2008,West,14,15,2
NBA,MIN,2008,West,14,15,2009,West,11,15,-3
NBA,MIN,2009,West,11,15,2010,West,15,15,4
NBA,MIN,2010,West,15,15,2011,West,15,15,0
NBA,MIN,2011,West,15,15,2012,West,12,15,-3
NBA,MIN,2012,West,12,15,2013,West,12,15,0
NBA,MIN,2013,West,12,15,2014,West,10,15,-2
NBA,MIN,2014,West,10,15,2015,West,15,15,5
NBA,MIN,2015,West,15,15,2016,West,13,15,-2
NBA,MIN,2016,West,13,15,2017,West,13,15,0
NBA,MIN,2017,West,13,15,2018,West,8,15,-5
NBA,MIN,2018,West,8,15,2019,West,11,15,3
NBA,MIN,2019,West,11,15,2020,West,14,15,3
NBA,MIN,2020,West,14,15,2021,West,13,15,-1
NBA,MIN,2021,West,13,15,2022,West,7,15,-6
NBA,MIN,2022,West,7,15,2023,West,9,15,2
NBA,LAC,2005,West,10,15,2006,West,5,15,-5
NBA,LAC,2006,West,5,15,2007,West,9,15,4
NBA,LAC,2007,West,9,15,2008,West,12,15,3
NBA,LAC,2008,West,12,15,2009,West,14,15,2
NBA,LAC,2009,West,14,15,2010,West,12,15,-2
NBA,LAC,2010,West,12,15,2011,West,13,15,1
NBA,LAC,2011,West,13,15,2012,West,5,15,-8
NBA,LAC,2012,West,5,15,2013,West,4,15,-1
NBA,LAC,2013,West,4,15,2014,West,3,15,-1
NBA,LAC,2014,West,3,15,2015,West,2,15,-1
NBA,LAC,2015,West,2,15,2016,West,4,15,2
NBA,LAC,2016,West,4,15,2017,West,4,15,0
NBA,LAC,2017,West,4,15,2018,West,10,15,6
NBA,LAC,2018,West,10,15,2019,West,8,15,-2
NBA,LAC,2019,West,8,15,2020,West,2,15,-6
NBA,LAC,2020,West,2,15,2021,West,3,15,1
NBA,LAC,2021,West,3,15,2022,West,8,15,5
NBA,LAC,2022,West,8,15,2023,West,6,15,-2
NBA,GS,2005,West,11,15,2006,West,12,15,1
NBA,GS,2006,West,12,15,2007,West,8,15,-4
NBA,GS,2007,West,8,15,2008,West,9,15,1
NBA,GS,2008,West,9,15,2009,West,10,15,1
NBA,GS,2009,West,10,15,2010,West,13,15,3
NBA,GS,2010,West,13,15,2011,West,12,15,-1
NBA,GS,2011,West,12,15,2012,West,13,15,1
NBA,GS,2012,West,13,15,2013,West,6,15,-7
NBA,GS,2013,West,6,15,2014,West,6,15,0
NBA,GS,2014,West,6,15,2015,West,1,15,-5
NBA,GS,2015,West,1,15,2016,West,1,15,0
NBA,GS,2016,West,1,15,2017,West,1,15,0
NBA,GS,2017,West,1,15,2018,West,2,15,1
NBA,GS,2018,West,2,15,2019,West,1,15,-1
NBA,GS,2019,West,1,15,2020,West,15,15,14
NBA,GS,2020,West,15,15,2021,West,8,15,-7
NBA,GS,2021,West,8,15,2022,West,3,15,-5
NBA,GS,2022,West,3,15,2023,West,5,15,2
NBA,LAL,2005,West,12,15,2006,West,6,15,-6
NBA,LAL,2006,West,6,15,2007,West,7,15,1
NBA,LAL,2007,West,7,15,2008,West,1,15,-6
NBA,LAL,2008,West,1,15,2009,West,1,15,0
NBA,LAL,2009,West,1,15,2010,West,1,15,0
NBA,LAL,2010,West,1,15,2011,West,2,15,1
NBA,LAL,2011,West,2,15,2012,West,4,15,2
NBA,LAL,2012,West,4,15,2013,West,8,15,4
NBA,LAL,2013,West,8,15,2014,West,14,15,6
NBA,LAL,2014,West,14,15,2015,West,14,15,0
NBA,LAL,2015,West,14,15,2016,West,15,15,1
NBA,LAL,2016,West,15,15,2017,West,14,15,-1
NBA,LAL,2017,West,14,15,2018,West,11,15,-3
NBA,LAL,2018,West,11,15,2019,West,10,15,-1
NBA,LAL,2019,West,10,15,2020,West,1,15,-9
NBA,LAL,2020,West,1,15,2021,West,5,15,4
NBA,LAL,2021,West,5,15,2022,West,11,15,6
NBA,LAL,2022,West,11,15,2023,West,8,15,-3
NBA,POR,2005,West,13,15,2006,West,15,15,2
NBA,POR,2006,West,15,15,2007,West,13,15,-2
NBA,POR,2007,West,13,15,2008,West,10,15,-3
NBA,POR,2008,West,10,15,2009,West,2,15,-8
NBA,POR,2009,West,2,15,2010,West,8,15,6
NBA,POR,2010,West,8,15,2011,West,6,15,-2
NBA,POR,2011,West,6,15,2012,West,11,15,5
NBA,POR,2012,West,11,15,2013,West,11,15,0
NBA,POR,2013,West,11,15,2014,West,5,15,-6
NBA,POR,2014,West,5,15,2015,West,6,15,1
NBA,POR,2015,West,6,15,2016,West,5,15,-1
NBA,POR,2016,West,5,15,2017,West,8,15,3
NBA,POR,2017,West,8,15,2018,West,3,15,-5
NBA,POR,2018,West,3,15,2019,West,4,15,1
NBA,POR,2019,West,4,15,2020,West,8,15,4
NBA,POR,2020,West,8,15,2021,West,7,15,-1
NBA,POR,2021,West,7,15,2022,West,13,15,6
NBA,POR,2022,West,13,15,2023,West,13,15,0
NBA,UTAH,2005,West,14,15,2006,West,9,15,-5
NBA,UTAH,2006,West,9,15,2007,West,5,15,-4
NBA,UTAH,2007,West,5,15,2008,West,6,15,1
NBA,UTAH,2008,West,6,15,2009,West,8,15,2
NBA,UTAH,2009,West,8,15,2010,West,4,15,-4
NBA,UTAH,2010,West,4,15,2011,West,11,15,7
NBA,UTAH,2011,West,11,15,2012,West,8,15,-3
NBA,UTAH,2012,West,8,15,2013,West,9,15,1
NBA,UTAH,2013,West,9,15,2014,West,15,15,6
NBA,UTAH,2014,West,15,15,2015,West,11,15,-4
NBA,UTAH,2015,West,11,15,2016,West,9,15,-2
NBA,UTAH,2016,West,9,15,2017,West,5,15,-4
NBA,UTAH,2017,West,5,15,2018,West,4,15,-1
NBA,UTAH,2018,West,4,15,2019,West,5,15,1
NBA,UTAH,2019,West,5,15,2020,West,5,15,0
NBA,UTAH,2020,West,5,15,2021,West,1,15,-4
NBA,UTAH,2021,West,1,15,2022,West,5,15,4
NBA,UTAH,2022,West,5,15,2023,West,12,15,7
NBA,NO,2005,West,15,15,2006,West,10,15,-5
NBA,NO,2006,West,10,15,2007,West,10,15,0
NBA,NO,2007,West,10,15,2008,West,2,15,-8
NBA,NO,2008,West,2,15,2009,West,7,15,5
NBA,NO,2009,West,7,15,2010,West,11,15,4
NBA,NO,2010,West,11,15,2011,West,8,15,-3
NBA,NO,2011,West,8,15,2012,West,15,15,7
NBA,NO,2012,West,15,15,2013,West,14,15,-1
NBA,NO,2013,West,14,15,2014,West,12,15,-2
NBA,NO,2014,West,12,15,2015,West,9,15,-3
NBA,NO,2015,West,9,15,2016,West,12,15,3
NBA,NO,2016,West,12,15,2017,West,10,15,-2
NBA,NO,2017,West,10,15,2018,West,6,15,-4
NBA,NO,2018,West,6,15,2019,West,13,15,7
NBA,NO,2019,West,13,15,2020,West,13,15,0
NBA,NO,2020,West,13,15,2021,West,11,15,-2
NBA,NO,2021,West,11,15,2022,West,9,15,-2
NBA,NO,2022,West,9,15,2023,West,7,15,-2
NBA,MIA,2005,East,1,15,2006,East,2,15,1
NBA,MIA,2006,East,2,15,2007,East,5,15,3
NBA,MIA,2007,East,5,15,2008,East,15,15,10
NBA,MIA,2008,East,15,15,2009,East,5,15,-10
NBA,MIA,2009,East,5,15,2010,East,5,15,0
NBA,MIA,2010,East,5,15,2011,East,2,15,-3
NBA,MIA,2011,East,2,15,2012,East,2,15,0
NBA,MIA,2012,East,2,15,2013,East,1,15,-1
NBA,MIA,2013,East,1,15,2014,East,2,15,1
NBA,MIA,2014,East,2,15,2015,East,10,15,8
NBA,MIA,2015,East,10,15,2016,East,6,15,-4
NBA,MIA,2016,East,6,15,2017,East,8,15,2
NBA,MIA,2017,East,8,15,2018,East,6,15,-2
NBA,MIA,2018,East,6,15,2019,East,9,15,3
NBA,MIA,2019,East,9,15,2020,East,5,15,-4
NBA,MIA,2020,East,5,15,2021,East,6,15,1
NBA,MIA,2021,East,6,15,2022,East,1,15,-5
NBA,MIA,2022,East,1,15,2023,East,7,15,6
NBA,DET,2005,East,2,15,2006,East,1,15,-1
NBA,DET,2006,East,1,15,2007,East,1,15,0
NBA,DET,2007,East,1,15,2008,East,2,15,1
NBA,DET,2008,East,2,15,2009,East,8,15,6
NBA,DET,2009,East,8,15,2010,East,13,15,5
NBA,DET,2010,East,13,15,2011,East,11,15,-2
NBA,DET,2011,East,11,15,2012,East,10,15,-1
NBA,DET,2012,East,10,15,2013,East,12,15,2
NBA,DET,2013,East,12,15,2014,East,11,15,-1
NBA,DET,2014,East,11,15,2015,East,12,15,1
NBA,DET,2015,East,12,15,2016,East,8,15,-4
NBA,DET,2016,East,8,15,2017,East,10,15,2
NBA,DET,2017,East,10,15,2018,East,9,15,-1
NBA,DET,2018,East,9,15,2019,East,8,15,-1
NBA,DET,2019,East,8,15,2020,East,13,15,5
NBA,DET,2020,East,13,15,2021,East,15,15,2
NBA,DET,2021,East,15,15,2022,East,14,15,-1
NBA,DET,2022,East,14,15,2023,East,15,15,1
NBA,CHI,2005,East,3,15,2006,East,7,15,4
NBA,CHI,2006,East,7,15,2007,East,3,15,-4
NBA,CHI,2007,East,3,15,2008,East,11,15,8
NBA,CHI,2008,East,11,15,2009,East,7,15,-4
NBA,CHI,2009,East,7,15,2010,East,8,15,1
NBA,CHI,2010,East,8,15,2011,East,1,15,-7
NBA,CHI,2011,East,1,15,2012,East,1,15,0
NBA,CHI,2012,East,1,15,2013,East,5,15,4
NBA,CHI,2013,East,5,15,2014,East,4,15,-1
NBA,CHI,2014,East,4,15,2015,East,3,15,-1
NBA,CHI,2015,East,3,15,2016,East,9,15,6
NBA,CHI,2016,East,9,15,2017,East,9,15,0
NBA,CHI,2017,East,9,15,2018,East,13,15,4
NBA,CHI,2018,East,13,15,2019,East,13,15,0
NBA,CHI,2019,East,13,15,2020,East,11,15,-2
NBA,CHI,2020,East,11,15,2021,East,11,15,0
NBA,CHI,2021,East,11,15,2022,East,6,15,-5
NBA,CHI,2022,East,6,15,2023,East,10,15,4
NBA,BOS,2005,East,4,15,2006,East,11,15,7
NBA,BOS,2006,East,11,15,2007,East,15,15,4
NBA,BOS,2007,East,15,15,2008,East,1,15,-14
NBA,BOS,2008,East,1,15,2009,East,2,15,1
NBA,BOS,2009,East,2,15,2010,East,4,15,2
NBA,BOS,2010,East,4,15,2011,East,3,15,-1
NBA,BOS,2011,East,3,15,2012,East,5,15,2
NBA,BOS,2012,East,5,15,2013,East,7,15,2
NBA,BOS,2013,East,7,15,2014,East,12,15,5
NBA,BOS,2014,East,12,15,2015,East,7,15,-5
NBA,BOS,2015,East,7,15,2016,East,4,15,-3
NBA,BOS,2016,East,4,15,2017,East,1,15,-3
NBA,BOS,2017,East,1,15,2018,East,2,15,1
NBA,BOS,2018,East,2,15,2019,East,4,15,2
NBA,BOS,2019,East,4,15,2020,East,3,15,-1
NBA,BOS,2020,East,3,15,2021,East,7,15,4
NBA,BOS,2021,East,7,15,2022,East,2,15,-5
NBA,BOS,2022,East,2,15,2023,East,2,15,0
NBA,WSH,2005,East,5,15,2006,East,5,15,0
NBA,WSH,2006,East,5,15,2007,East,6,15,1
NBA,WSH,2007,East,6,15,2008,East,5,15,-1
NBA,WSH,2008,East,5,15,2009,East,15,15,10
NBA,WSH,2009,East,15,15,2010,East,14,15,-1
NBA,WSH,2010,East,14,15,2011,East,13,15,-1
NBA,WSH,2011,East,13,15,2012,East,14,15,1
NBA,WSH,2012,East,14,15,2013,East,11,15,-3
NBA,WSH,2013,East,11,15,2014,East,5,15,-6
NBA,WSH,2014,East,5,15,2015,East,5,15,0
NBA,WSH,2015,East,5,15,2016,East,10,15,5
NBA,WSH,2016,East,10,15,2017,East,4,15,-6
NBA,WSH,2017,East,4,15,2018,East,8,15,4
NBA,WSH,2018,East,8,15,2019,East,11,15,3
NBA,WSH,2019,East,11,15,2020,East,10,15,-1
NBA,WSH,2020,East,10,15,2021,East,9,15,-1
NBA,WSH,2021,East,9,15,2022,East,12,15,3
NBA,WSH,2022,East,12,15,2023,East,11,15,-1
NBA,IND,2005,East,6,15,2006,East,6,15,0
NBA,IND,2006,East,6,15,2007,East,9,15,3
NBA,IND,2007,East,9,15,2008,East,9,15,0
NBA,IND,2008,East,9,15,2009,East,9,15,0
NBA,IND,2009,East,9,15,2010,East,10,15,1
NBA,IND,2010,East,10,15,2011,East,8,15,-2
NBA,IND,2011,East,8,15,2012,East,3,15,-5
NBA,IND,2012,East,3,15,2013,East,3,15,0
NBA,IND,2013,East,3,15,2014,East,1,15,-2
NBA,IND,2014,East,1,15,2015,East,8,15,7
NBA,IND,2015,East,8,15,2016,East,7,15,-1
NBA,IND,2016,East,7,15,2017,East,7,15,0
NBA,IND,2017,East,7,15,2018,East,5,15,-2
NBA,IND,2018,East,5,15,2019,East,5,15,0
NBA,IND,2019,East,5,15,2020,East,4,15,-1
NBA,IND,2020,East,4,15,2021,East,8,15,4
NBA,IND,2021,East,8,15,2022,East,13,15,5
NBA,IND,2022,East,13,15,2023,East,13,15,0
NBA,PHI,2005,East,7,15,2006,East,9,15,2
NBA,PHI,2006,East,9,15,2007,East,10,15,1
NBA,PHI,2007,East,10,15,2008,East,7,15,-3
NBA,PHI,2008,East,7,15,2009,East,6,15,-1
NBA,PHI,2009,East,6,15,2010,East,12,15,6
NBA,PHI,2010,East,12,15,2011,East,7,15,-5
NBA,PHI,2011,East,7,15,2012,East,8,15,1
NBA,PHI,2012,East,8,15,2013,East,10,15,2
NBA,PHI,2013,East,10,15,2014,East,14,15,4
NBA,PHI,2014,East,14,15,2015,East,14,15,0
NBA,PHI,2015,East,14,15,2016,East,15,15,1
NBA,PHI,2016,East,15,15,2017,East,14,15,-1
NBA,PHI,2017,East,14,15,2018,East,3,15,-11
NBA,PHI,2018,East,3,15,2019,East,3,15,0
NBA,PHI,2019,East,3,15,2020,East,6,15,3
NBA,PHI,2020,East,6,15,2021,East,1,15,-5
NBA,PHI,2021,East,1,15,2022,East,4,15,3
NBA,PHI,2022,East,4,15,2023,East,3,15,-1
NBA,CLE,2005,East,8,15,2006,East,3,15,-5
NBA,CLE,2006,East,3,15,2007,East,2,15,-1
NBA,CLE,2007,East,2,15,2008,East,4,15,2
NBA,CLE,2008,East,4,15,2009,East,1,15,-3
NBA,CLE,2009,East,1,15,2010,East,1,15,0
NBA,CLE,2010,East,1,15,2011,East,15,15,14
NBA,CLE,2011,East,15,15,2012,East,13,15,-2
NBA,CLE,2012,East,13,15,2013,East,13,15,0
NBA,CLE,2013,East,13,15,2014,East,10,15,-3
NBA,CLE,2014,East,10,15,2015,East,2,15,-8
NBA,CLE,2015,East,2,15,2016,East,1,15,-1
NBA,CLE,2016,East,1,15,2017,East,3,15,2
NBA,CLE,2017,East,3,15,2018,East,4,15,1
NBA,CLE,2018,East,4,15,2019,East,14,15,10
NBA,CLE,2019,East,14,15,2020,East,15,15,1
NBA,CLE,2020,East,15,15,2021,East,13,15,-2
NBA,CLE,2021,East,13,15,2022,East,7,15,-6
NBA,CLE,2022,East,7,15,2023,East,4,15,-3
NBA,BKN,2005,East,9,15,2006,East,4,15,-5
NBA,BKN,2006,East,4,15,2007,East,7,15,3
NBA,BKN,2007,East,7,15,2008,East,10,15,3
NBA,BKN,2008,East,10,15,2009,East,12,15,2
NBA,BKN,2009,East,12,15,2010,East,15,15,3
NBA,BKN,2010,East,15,15,2011,East,12,15,-3
NBA,BKN,2011,East,12,15,2012,East,12,15,0
NBA,BKN,2012,East,12,15,2013,East,4,15,-8
NBA,BKN,2013,East,4,15,2014,East,6,15,2
NBA,BKN,2014,East,6,15,2015,East,9,15,3
NBA,BKN,2015,East,9,15,2016,East,14,15,5
NBA,BKN,2016,East,14,15,2017,East,15,15,1
NBA,BKN,2017,East,15,15,2018,East,12,15,-3
NBA,BKN,2018,East,12,15,2019,East,7,15,-5
NBA,BKN,2019,East,7,15,2020,East,7,15,0
NBA,BKN,2020,East,7,15,2021,East,2,15,-5
NBA,BKN,2021,East,2,15,2022,East,8,15,6
NBA,BKN,2022,East,8,15,2023,East,6,15,-2
NBA,ORL,2005,East,10,15,2006,East,10,15,0
NBA,ORL,2006,East,10,15,2007,East,8,15,-2
NBA,ORL,2007,East,8,15,2008,East,3,15,-5
NBA,ORL,2008,East,3,15,2009,East,3,15,0
NBA,ORL,2009,East,3,15,2010,East,2,15,-1
NBA,ORL,2010,East,2,15,2011,East,4,15,2
NBA,ORL,2011,East,4,15,2012,East,6,15,2
NBA,ORL,2012,East,6,15,2013,East,15,15,9
NBA,ORL,2013,East,15,15,2014,East,13,15,-2
NBA,ORL,2014,East,13,15,2015,East,13,15,0
NBA,ORL,2015,East,13,15,2016,East,11,15,-2
NBA,ORL,2016,East,11,15,2017,East,13,15,2
NBA,ORL,2017,East,13,15,2018,East,14,15,1
NBA,ORL,2018,East,14,15,2019,East,6,15,-8
NBA,ORL,2019,East,6,15,2020,East,8,15,2
NBA,ORL,2020,East,8,15,2021,East,14,15,6
NBA,ORL,2021,East,14,15,2022,East,15,15,1
NBA,ORL,2022,East,15,15,2023,East,12,15,-3
NBA,TOR,2005,East,11,15,2006,East,12,15,1
NBA,TOR,2006,East,12,15,2007,East,4,15,-8
NBA,TOR,2007,East,4,15,2008,East,6,15,2
NBA,TOR,2008,East,6,15,2009,East,13,15,7
NBA,TOR,2009,East,13,15,2010,East,9,15,-4
NBA,TOR,2010,East,9,15,2011,East,14,15,5
NBA,TOR,2011,East,14,15,2012,East,11,15,-3
NBA,TOR,2012,East,11,15,2013,East,9,15,-2
NBA,TOR,2013,East,9,15,2014,East,3,15,-6
NBA,TOR,2014,East,3,15,2015,East,4,15,1
NBA,TOR,2015,East,4,15,2016,East,2,15,-2
NBA,TOR,2016,East,2,15,2017,East,2,15,0
NBA,TOR,2017,East,2,15,2018,East,1,15,-1
NBA,TOR,2018,East,1,15,2019,East,2,15,1
NBA,TOR,2019,East,2,15,2020,East,2,15,0
NBA,TOR,2020,East,2,15,2021,East,12,15,10
NBA,TOR,2021,East,12,15,2022,East,5,15,-7
NBA,TOR,2022,East,5,15,2023,East,8,15,3
NBA,NY,2005,East,12,15,2006,East,15,15,3
NBA,NY,2006,East,15,15,2007,East,11,15,-4
NBA,NY,2007,East,11,15,2008,East,14,15,3
NBA,NY,2008,East,14,15,2009,East,14,15,0
NBA,NY,2009,East,14,15,2010,East,11,15,-3
NBA,NY,2010,East,11,15,2011,East,6,15,-5
NBA,NY,2011,East,6,15,2012,East,7,15,1
NBA,NY,2012,East,7,15,2013,East,2,15,-5
NBA,NY,2013,East,2,15,2014,East,9,15,7
NBA,NY,2014,East,9,15,2015,East,15,15,6
NBA,NY,2015,East,15,15,2016,East,13,15,-2
NBA,NY,2016,East,13,15,2017,East,12,15,-1
NBA,NY,2017,East,12,15,2018,East,11,15,-1
NBA,NY,2018,East,11,15,2019,East,15,15,4
NBA,NY,2019,East,15,15,2020,East,12,15,-3
NBA,NY,2020,East,12,15,2021,East,5,15,-7
NBA,NY,2021,East,5,15,2022,East,11,15,6
NBA,NY,2022,East,11,15,2023,East,5,15,-6
NBA,MIL,2005,East,13,15,2006,East,8,15,-5
NBA,MIL,2006,East,8,15,2007,East,14,15,6
NBA,MIL,2007,East,14,15,2008,East,13,15,-1
NBA,MIL,2008,East,13,15,2009,East,11,15,-2
NBA,MIL,2009,East,11,15,2010,East,6,15,-5
NBA,MIL,2010,East,6,15,2011,East,9,15,3
NBA,MIL,2011,East,9,15,2012,East,9,15,0
NBA,MIL,2012,East,9,15,2013,East,8,15,-1
NBA,MIL,2013,East,8,15,2014,East,15,15,7
NBA,MIL,2014,East,15,15,2015,East,6,15,-9
NBA,MIL,2015,East,6,15,2016,East,12,15,6
NBA,MIL,2016,East,12,15,2017,East,6,15,-6
NBA,MIL,2017,East,6,15,2018,East,7,15,1
NBA,MIL,2018,East,7,15,2019,East,1,15,-6
NBA,MIL,2019,East,1,15,2020,East,1,15,0
NBA,MIL,2020,East,1,15,2021,East,3,15,2
NBA,MIL,2021,East,3,15,2022,East,3,15,0
NBA,MIL,2022,East,3,15,2023,East,1,15,-2
NBA,CHA,2005,East,14,15,2006,East,13,15,-1
NBA,CHA,2006,East,13,15,2007,East,12,15,-1
NBA,CHA,2007,East,12,15,2008,East,12,15,0
NBA,CHA,2008,East,12,15,2009,East,10,15,-2
NBA,CHA,2009,East,10,15,2010,East,7,15,-3
NBA,CHA,2010,East,7,15,2011,East,10,15,3
NBA,CHA,2011,East,10,15,2012,East,15,15,5
NBA,CHA,2012,East,15,15,2013,East,14,15,-1
NBA,CHA,2013,East,14,15,2014,East,7,15,-7
NBA,CHA,2014,East,7,15,2015,East,11,15,4
NBA,CHA,2015,East,11,15,2016,East,5,15,-6
NBA,CHA,2016,East,5,15,2017,East,11,15,6
NBA,CHA,2017,East,11,15,2018,East,10,15,-1
NBA,CHA,2018,East,10,15,2019,East,10,15,0
NBA,CHA,2019,East,10,15,2020,East,9,15,-1
NBA,CHA,2020,East,9,15,2021,East,10,15,1
NBA,CHA,2021,East,10,15,2022,East,10,15,0
NBA,CHA,2022,East,10,15,2023,East,14,15,4
NBA,ATL,2005,East,15,15,2006,East,14,15,-1
NBA,ATL,2006,East,14,15,2007,East,13,15,-1
NBA,ATL,2007,East,13,15,2008,East,8,15,-5
NBA,ATL,2008,East,8,15,2009,East,4,15,-4
NBA,ATL,2009,East,4,15,2010,East,3,15,-1
NBA,ATL,2010,East,3,15,2011,East,5,15,2
NBA,ATL,2011,East,5,15,2012,East,4,15,-1
NBA,ATL,2012,East,4,15,2013,East,6,15,2
NBA,ATL,2013,East,6,15,2014,East,8,15,2
NBA,ATL,2014,East,8,15,2015,East,1,15,-7
NBA,ATL,2015,East,1,15,2016,East,3,15,2
NBA,ATL,2016,East,3,15,2017,East,5,15,2
NBA,ATL,2017,East,5,15,2018,East,15,15,10
NBA,ATL,2018,East,15,15,2019,East,12,15,-3
NBA,ATL,2019,East,12,15,2020,East,14,15,2
NBA,ATL,2020,East,14,15,2021,East,4,15,-10
NBA,ATL,2021,East,4,15,2022,East,9,15,5
NBA,ATL,2022,East,9,15,2023,East,9,15,0
MLB,NYY,1998,MLB,1,30,1999,MLB,3,30,2
MLB,NYY,1999,MLB,3,30,2000,MLB,9,30,6
MLB,NYY,2000,MLB,9,30,2001,MLB,3,30,-6
MLB,NYY,2001,MLB,3,30,2002,MLB,1,30,-2
MLB,NYY,2002,MLB,1,30,2003,MLB,2,30,1
MLB,NYY,2003,MLB,2,30,2004,MLB,2,30,0
MLB,NYY,2004,MLB,2,30,2005,MLB,5,30,3
MLB,NYY,2005,MLB,5,30,2006,MLB,1,30,-4
MLB,NYY,2006,MLB,1,30,2007,MLB,3,30,2
MLB,NYY,2007,MLB,3,30,2008,MLB,8,30,5
MLB,NYY,2008,MLB,8,30,2009,MLB,1,30,-7
MLB,NYY,2009,MLB,1,30,2010,MLB,3,30,2
MLB,NYY,2010,MLB,3,30,2011,MLB,2,30,-1
MLB,NYY,2011,MLB,2,30,2012,MLB,3,30,1
MLB,NYY,2012,MLB,3,30,2013,MLB,15,30,12
MLB,NYY,2013,MLB,15,30,2014,MLB,13,30,-2
MLB,NYY,2014,MLB,13,30,2015,MLB,9,30,-4
MLB,NYY,2015,MLB,9,30,2016,MLB,15,30,6
MLB,NYY,2016,MLB,15,30,2017,MLB,8,30,-7
MLB,NYY,2017,MLB,8,30,2018,MLB,3,30,-5
MLB,NYY,2018,MLB,3,30,2019,MLB,3,30,0
MLB,NYY,2019,MLB,3,30,2020,MLB,10,30,7
MLB,NYY,2020,MLB,10,30,2021,MLB,8,30,-2
MLB,ATL,1998,MLB,2,30,1999,MLB,1,30,-1
MLB,ATL,1999,MLB,1,30,2000,MLB,4,30,3
MLB,ATL,2000,MLB,4,30,2001,MLB,9,30,5
MLB,ATL,2001,MLB,9,30,2002,MLB,3,30,-6
MLB,ATL,2002,MLB,3,30,2003,MLB,1,30,-2
MLB,ATL,2003,MLB,1,30,2004,MLB,4,30,3
MLB,ATL,2004,MLB,4,30,2005,MLB,7,30,3
MLB,ATL,2005,MLB,7,30,2006,MLB,17,30,10
MLB,ATL,2006,MLB,17,30,2007,MLB,13,30,-4
MLB,ATL,2007,MLB,13,30,2008,MLB,24,30,11
MLB,ATL,2008,MLB,24,30,2009,MLB,12,30,-12
MLB,ATL,2009,MLB,12,30,2010,MLB,6,30,-6
MLB,ATL,2010,MLB,6,30,2011,MLB,10,30,4
MLB,ATL,2011,MLB,10,30,2012,MLB,4,30,-6
MLB,ATL,2012,MLB,4,30,2013,MLB,4,30,0
MLB,ATL,2013,MLB,4,30,2014,MLB,17,30,13
MLB,ATL,2014,MLB,17,30,2015,MLB,28,30,11
MLB,ATL,2015,MLB,28,30,2016,MLB,26,30,-2
MLB,ATL,2016,MLB,26,30,2017,MLB,23,30,-3
MLB,ATL,2017,MLB,23,30,2018,MLB,10,30,-13
MLB,ATL,2018,MLB,10,30,2019,MLB,6,30,-4
MLB,ATL,2019,MLB,6,30,2020,MLB,6,30,0
MLB,ATL,2020,MLB,6,30,2021,MLB,12,30,6
MLB,HOU,1998,MLB,3,30,1999,MLB,5,30,2
MLB,HOU,1999,MLB,5,30,2000,MLB,23,30,18
MLB,HOU,2000,MLB,23,30,2001,MLB,5,30,-18
MLB,HOU,2001,MLB,5,30,2002,MLB,12,30,7
MLB,HOU,2002,MLB,12,30,2003,MLB,10,30,-2
MLB,HOU,2003,MLB,10,30,2004,MLB,6,30,-4
MLB,HOU,2004,MLB,6,30,2005,MLB,8,30,2
MLB,HOU,2005,MLB,8,30,2006,MLB,14,30,6
MLB,HOU,2006,MLB,14,30,2007,MLB,21,30,7
MLB,HOU,2007,MLB,21,30,2008,MLB,11,30,-10
MLB,HOU,2008,MLB,11,30,2009,MLB,23,30,12
MLB,HOU,2009,MLB,23,30,2010,MLB,22,30,-1
MLB,HOU,2010,MLB,22,30,2011,MLB,30,30,8
MLB,HOU,2011,MLB,30,30,2012,MLB,30,30,0
MLB,HOU,2012,MLB,30,30,2013,MLB,30,30,0
MLB,HOU,2013,MLB,30,30,2014,MLB,27,30,-3
MLB,HOU,2014,MLB,27,30,2015,MLB,10,30,-17
MLB,HOU,2015,MLB,10,30,2016,MLB,14,30,4
MLB,HOU,2016,MLB,14,30,2017,MLB,3,30,-11
MLB,HOU,2017,MLB,3,30,2018,MLB,2,30,-1
MLB,HOU,2018,MLB,2,30,2019,MLB,1,30,-1
MLB,HOU,2019,MLB,1,30,2020,MLB,15,30,14
MLB,HOU,2020,MLB,15,30,2021,MLB,4,30,-11
MLB,SDP,1998,MLB,4,30,1999,MLB,21,30,17
MLB,SDP,1999,MLB,21,30,2000,MLB,20,30,-1
MLB,SDP,2000,MLB,20,30,2001,MLB,18,30,-2
MLB,SDP,2001,MLB,18,30,2002,MLB,26,30,8
MLB,SDP,2002,MLB,26,30,2003,MLB,28,30,2
MLB,SDP,2003,MLB,28,30,2004,MLB,13,30,-15
MLB,SDP,2004,MLB,13,30,2005,MLB,14,30,1
MLB,SDP,2005,MLB,14,30,2006,MLB,9,30,-5
MLB,SDP,2006,MLB,9,30,2007,MLB,8,30,-1
MLB,SDP,2007,MLB,8,30,2008,MLB,28,30,20
MLB,SDP,2008,MLB,28,30,2009,MLB,22,30,-6
MLB,SDP,2009,MLB,22,30,2010,MLB,9,30,-13
MLB,SDP,2010,MLB,9,30,2011,MLB,24,30,15
MLB,SDP,2011,MLB,24,30,2012,MLB,19,30,-5
MLB,SDP,2012,MLB,19,30,2013,MLB,19,30,0
MLB,SDP,2013,MLB,19,30,2014,MLB,20,30,1
MLB,SDP,2014,MLB,20,30,2015,MLB,23,30,3
MLB,SDP,2015,MLB,23,30,2016,MLB,28,30,5
MLB,SDP,2016,MLB,28,30,2017,MLB,24,30,-4
MLB,SDP,2017,MLB,24,30,2018,MLB,25,30,1
MLB,SDP,2018,MLB,25,30,2019,MLB,23,30,-2
MLB,SDP,2019,MLB,23,30,2020,MLB,3,30,-20
MLB,SDP,2020,MLB,3,30,2021,MLB,17,30,14
MLB,BOS,1998,MLB,5,30,1999,MLB,9,30,4
MLB,BOS,1999,MLB,9,30,2000,MLB,12,30,3
MLB,BOS,2000,MLB,12,30,2001,MLB,15,30,3
MLB,BOS,2001,MLB,15,30,2002,MLB,9,30,-6
MLB,BOS,2002,MLB,9,30,2003,MLB,5,30,-4
MLB,BOS,2003,MLB,5,30,2004,MLB,3,30,-2
MLB,BOS,2004,MLB,3,30,2005,MLB,4,30,1
MLB,BOS,2005,MLB,4,30,2006,MLB,11,30,7
MLB,BOS,2006,MLB,11,30,2007,MLB,1,30,-10
MLB,BOS,2007,MLB,1,30,2008,MLB,4,30,3
MLB,BOS,2008,MLB,4,30,2009,MLB,4,30,0
MLB,BOS,2009,MLB,4,30,2010,MLB,10,30,6
MLB,BOS,2010,MLB,10,30,2011,MLB,8,30,-2
MLB,BOS,2011,MLB,8,30,2012,MLB,24,30,16
MLB,BOS,2012,MLB,24,30,2013,MLB,1,30,-23
MLB,BOS,2013,MLB,1,30,2014,MLB,25,30,24
MLB,BOS,2014,MLB,25,30,2015,MLB,19,30,-6
MLB,BOS,2015,MLB,19,30,2016,MLB,5,30,-14
MLB,BOS,2016,MLB,5,30,2017,MLB,6,30,1
MLB,BOS,2017,MLB,6,30,2018,MLB,1,30,-5
MLB,BOS,2018,MLB,1,30,2019,MLB,15,30,14
MLB,BOS,2019,MLB,15,30,2020,MLB,27,30,12
MLB,BOS,2020,MLB,27,30,2021,MLB,7,30,-20
MLB,CHC,1998,MLB,6,30,1999,MLB,27,30,21
MLB,CHC,1999,MLB,27,30,2000,MLB,30,30,3
MLB,CHC,2000,MLB,30,30,2001,MLB,10,30,-20
MLB,CHC,2001,MLB,10,30,2002,MLB,24,30,14
MLB,CHC,2002,MLB,24,30,2003,MLB,9,30,-15
MLB,CHC,2003,MLB,9,30,2004,MLB,11,30,2
MLB,CHC,2004,MLB,11,30,2005,MLB,19,30,8
MLB,CHC,2005,MLB,19,30,2006,MLB,28,30,9
MLB,CHC,2006,MLB,28,30,2007,MLB,12,30,-16
MLB,CHC,2007,MLB,12,30,2008,MLB,2,30,-10
MLB,CHC,2008,MLB,2,30,2009,MLB,16,30,14
MLB,CHC,2009,MLB,16,30,2010,MLB,23,30,7
MLB,CHC,2010,MLB,23,30,2011,MLB,26,30,3
MLB,CHC,2011,MLB,26,30,2012,MLB,29,30,3
MLB,CHC,2012,MLB,29,30,2013,MLB,26,30,-3
MLB,CHC,2013,MLB,26,30,2014,MLB,23,30,-3
MLB,CHC,2014,MLB,23,30,2015,MLB,3,30,-20
MLB,CHC,2015,MLB,3,30,2016,MLB,1,30,-2
MLB,CHC,2016,MLB,1,30,2017,MLB,7,30,6
MLB,CHC,2017,MLB,7,30,2018,MLB,6,30,-1
MLB,CHC,2018,MLB,6,30,2019,MLB,14,30,8
MLB,CHC,2019,MLB,14,30,2020,MLB,9,30,-5
MLB,CHC,2020,MLB,9,30,2021,MLB,24,30,15
MLB,CLE,1998,MLB,7,30,1999,MLB,4,30,-3
MLB,CLE,1999,MLB,4,30,2000,MLB,8,30,4
MLB,CLE,2000,MLB,8,30,2001,MLB,7,30,-1
MLB,CLE,2001,MLB,7,30,2002,MLB,20,30,13
MLB,CLE,2002,MLB,20,30,2003,MLB,25,30,5
MLB,CLE,2003,MLB,25,30,2004,MLB,17,30,-8
MLB,CLE,2004,MLB,17,30,2005,MLB,6,30,-11
MLB,CLE,2005,MLB,6,30,2006,MLB,18,30,12
MLB,CLE,2006,MLB,18,30,2007,MLB,2,30,-16
MLB,CLE,2007,MLB,2,30,2008,MLB,17,30,15
MLB,CLE,2008,MLB,17,30,2009,MLB,26,30,9
MLB,CLE,2009,MLB,26,30,2010,MLB,25,30,-1
MLB,CLE,2010,MLB,25,30,2011,MLB,16,30,-9
MLB,CLE,2011,MLB,16,30,2012,MLB,26,30,10
MLB,CLE,2012,MLB,26,30,2013,MLB,7,30,-19
MLB,CLE,2013,MLB,7,30,2014,MLB,12,30,5
MLB,CLE,2014,MLB,12,30,2015,MLB,15,30,3
MLB,CLE,2015,MLB,15,30,2016,MLB,4,30,-11
MLB,CLE,2016,MLB,4,30,2017,MLB,2,30,-2
MLB,CLE,2017,MLB,2,30,2018,MLB,8,30,6
MLB,CLE,2018,MLB,8,30,2019,MLB,9,30,1
MLB,CLE,2019,MLB,9,30,2020,MLB,8,30,-1
MLB,CLE,2020,MLB,8,30,2021,MLB,16,30,8
MLB,SFG,1998,MLB,8,30,1999,MLB,11,30,3
MLB,SFG,1999,MLB,11,30,2000,MLB,1,30,-10
MLB,SFG,2000,MLB,1,30,2001,MLB,8,30,7
MLB,SFG,2001,MLB,8,30,2002,MLB,7,30,-1
MLB,SFG,2002,MLB,7,30,2003,MLB,3,30,-4
MLB,SFG,2003,MLB,3,30,2004,MLB,9,30,6
MLB,SFG,2004,MLB,9,30,2005,MLB,21,30,12
MLB,SFG,2005,MLB,21,30,2006,MLB,21,30,0
MLB,SFG,2006,MLB,21,30,2007,MLB,25,30,4
MLB,SFG,2007,MLB,25,30,2008,MLB,25,30,0
MLB,SFG,2008,MLB,25,30,2009,MLB,8,30,-17
MLB,SFG,2009,MLB,8,30,2010,MLB,5,30,-3
MLB,SFG,2010,MLB,5,30,2011,MLB,12,30,7
MLB,SFG,2011,MLB,12,30,2012,MLB,6,30,-6
MLB,SFG,2012,MLB,6,30,2013,MLB,18,30,12
MLB,SFG,2013,MLB,18,30,2014,MLB,10,30,-8
MLB,SFG,2014,MLB,10,30,2015,MLB,12,30,2
MLB,SFG,2015,MLB,12,30,2016,MLB,9,30,-3
MLB,SFG,2016,MLB,9,30,2017,MLB,29,30,20
MLB,SFG,2017,MLB,29,30,2018,MLB,21,30,-8
MLB,SFG,2018,MLB,21,30,2019,MLB,18,30,-3
MLB,SFG,2019,MLB,18,30,2020,MLB,16,30,-2
MLB,SFG,2020,MLB,16,30,2021,MLB,1,30,-15
MLB,TEX,1998,MLB,9,30,1999,MLB,8,30,-1
MLB,TEX,1999,MLB,8,30,2000,MLB,24,30,16
MLB,TEX,2000,MLB,24,30,2001,MLB,22,30,-2
MLB,TEX,2001,MLB,22,30,2002,MLB,23,30,1
MLB,TEX,2002,MLB,23,30,2003,MLB,23,30,0
MLB,TEX,2003,MLB,23,30,2004,MLB,12,30,-11
MLB,TEX,2004,MLB,12,30,2005,MLB,18,30,6
MLB,TEX,2005,MLB,18,30,2006,MLB,15,30,-3
MLB,TEX,2006,MLB,15,30,2007,MLB,20,30,5
MLB,TEX,2007,MLB,20,30,2008,MLB,18,30,-2
MLB,TEX,2008,MLB,18,30,2009,MLB,9,30,-9
MLB,TEX,2009,MLB,9,30,2010,MLB,8,30,-1
MLB,TEX,2010,MLB,8,30,2011,MLB,3,30,-5
MLB,TEX,2011,MLB,3,30,2012,MLB,7,30,4
MLB,TEX,2012,MLB,7,30,2013,MLB,10,30,3
MLB,TEX,2013,MLB,10,30,2014,MLB,28,30,18
MLB,TEX,2014,MLB,28,30,2015,MLB,8,30,-20
MLB,TEX,2015,MLB,8,30,2016,MLB,3,30,-5
MLB,TEX,2016,MLB,3,30,2017,MLB,16,30,13
MLB,TEX,2017,MLB,16,30,2018,MLB,23,30,7
MLB,TEX,2018,MLB,23,30,2019,MLB,17,30,-6
MLB,TEX,2019,MLB,17,30,2020,MLB,29,30,12
MLB,TEX,2020,MLB,29,30,2021,MLB,28,30,-1
MLB,NYM,1998,MLB,10,30,1999,MLB,6,30,-4
MLB,NYM,1999,MLB,6,30,2000,MLB,5,30,-1
MLB,NYM,2000,MLB,5,30,2001,MLB,16,30,11
MLB,NYM,2001,MLB,16,30,2002,MLB,19,30,3
MLB,NYM,2002,MLB,19,30,2003,MLB,27,30,8
MLB,NYM,2003,MLB,27,30,2004,MLB,22,30,-5
MLB,NYM,2004,MLB,22,30,2005,MLB,11,30,-11
MLB,NYM,2005,MLB,11,30,2006,MLB,2,30,-9
MLB,NYM,2006,MLB,2,30,2007,MLB,10,30,8
MLB,NYM,2007,MLB,10,30,2008,MLB,7,30,-3
MLB,NYM,2008,MLB,7,30,2009,MLB,25,30,18
MLB,NYM,2009,MLB,25,30,2010,MLB,20,30,-5
MLB,NYM,2010,MLB,20,30,2011,MLB,19,30,-1
MLB,NYM,2011,MLB,19,30,2012,MLB,21,30,2
MLB,NYM,2012,MLB,21,30,2013,MLB,23,30,2
MLB,NYM,2013,MLB,23,30,2014,MLB,16,30,-7
MLB,NYM,2014,MLB,16,30,2015,MLB,7,30,-9
MLB,NYM,2015,MLB,7,30,2016,MLB,10,30,3
MLB,NYM,2016,MLB,10,30,2017,MLB,25,30,15
MLB,NYM,2017,MLB,25,30,2018,MLB,20,30,-5
MLB,NYM,2018,MLB,20,30,2019,MLB,12,30,-8
MLB,NYM,2019,MLB,12,30,2020,MLB,21,30,9
MLB,NYM,2020,MLB,21,30,2021,MLB,18,30,-3
MLB,TOR,1998,MLB,11,30,1999,MLB,12,30,1
MLB,TOR,1999,MLB,12,30,2000,MLB,14,30,2
MLB,TOR,2000,MLB,14,30,2001,MLB,17,30,3
MLB,TOR,2001,MLB,17,30,2002,MLB,17,30,0
MLB,TOR,2002,MLB,17,30,2003,MLB,13,30,-4
MLB,TOR,2003,MLB,13,30,2004,MLB,25,30,12
MLB,TOR,2004,MLB,25,30,2005,MLB,17,30,-8
MLB,TOR,2005,MLB,17,30,2006,MLB,10,30,-7
MLB,TOR,2006,MLB,10,30,2007,MLB,14,30,4
MLB,TOR,2007,MLB,14,30,2008,MLB,12,30,-2
MLB,TOR,2008,MLB,12,30,2009,MLB,20,30,8
MLB,TOR,2009,MLB,20,30,2010,MLB,13,30,-7
MLB,TOR,2010,MLB,13,30,2011,MLB,14,30,1
MLB,TOR,2011,MLB,14,30,2012,MLB,22,30,8
MLB,TOR,2012,MLB,22,30,2013,MLB,20,30,-2
MLB,TOR,2013,MLB,20,30,2014,MLB,14,30,-6
MLB,TOR,2014,MLB,14,30,2015,MLB,5,30,-9
MLB,TOR,2015,MLB,5,30,2016,MLB,7,30,2
MLB,TOR,2016,MLB,7,30,2017,MLB,19,30,12
MLB,TOR,2017,MLB,19,30,2018,MLB,22,30,3
MLB,TOR,2018,MLB,22,30,2019,MLB,26,30,4
MLB,TOR,2019,MLB,26,30,2020,MLB,11,30,-15
MLB,TOR,2020,MLB,11,30,2021,MLB,9,30,-2
MLB,ANA,1998,MLB,12,30,1999,MLB,23,30,11
MLB,ANA,1999,MLB,23,30,2000,MLB,16,30,-7
MLB,ANA,2000,MLB,16,30,2001,MLB,20,30,4
MLB,ANA,2001,MLB,20,30,2002,MLB,4,30,-16
MLB,ANA,2002,MLB,4,30,2003,MLB,19,30,15
MLB,ANA,2003,MLB,19,30,2004,MLB,7,30,-12
MLB,ANA,2004,MLB,7,30,2005,MLB,3,30,-4
MLB,ANA,2005,MLB,3,30,2006,MLB,7,30,4
MLB,ANA,2006,MLB,7,30,2007,MLB,4,30,-3
MLB,ANA,2007,MLB,4,30,2008,MLB,1,30,-3
MLB,ANA,2008,MLB,1,30,2009,MLB,2,30,1
MLB,ANA,2009,MLB,2,30,2010,MLB,18,30,16
MLB,ANA,2010,MLB,18,30,2011,MLB,11,30,-7
MLB,ANA,2011,MLB,11,30,2012,MLB,10,30,-1
MLB,ANA,2012,MLB,10,30,2013,MLB,17,30,7
MLB,ANA,2013,MLB,17,30,2014,MLB,1,30,-16
MLB,ANA,2014,MLB,1,30,2015,MLB,11,30,10
MLB,ANA,2015,MLB,11,30,2016,MLB,21,30,10
MLB,ANA,2016,MLB,21,30,2017,MLB,13,30,-8
MLB,ANA,2017,MLB,13,30,2018,MLB,17,30,4
MLB,ANA,2018,MLB,17,30,2019,MLB,21,30,4
MLB,ANA,2019,MLB,21,30,2020,MLB,23,30,2
MLB,ANA,2020,MLB,23,30,2021,MLB,20,30,-3
MLB,STL,1998,MLB,13,30,1999,MLB,18,30,5
MLB,STL,1999,MLB,18,30,2000,MLB,3,30,-15
MLB,STL,2000,MLB,3,30,2001,MLB,4,30,1
MLB,STL,2001,MLB,4,30,2002,MLB,6,30,2
MLB,STL,2002,MLB,6,30,2003,MLB,14,30,8
MLB,STL,2003,MLB,14,30,2004,MLB,1,30,-13
MLB,STL,2004,MLB,1,30,2005,MLB,1,30,0
MLB,STL,2005,MLB,1,30,2006,MLB,13,30,12
MLB,STL,2006,MLB,13,30,2007,MLB,18,30,5
MLB,STL,2007,MLB,18,30,2008,MLB,13,30,-5
MLB,STL,2008,MLB,13,30,2009,MLB,7,30,-6
MLB,STL,2009,MLB,7,30,2010,MLB,12,30,5
MLB,STL,2010,MLB,12,30,2011,MLB,9,30,-3
MLB,STL,2011,MLB,9,30,2012,MLB,11,30,2
MLB,STL,2012,MLB,11,30,2013,MLB,2,30,-9
MLB,STL,2013,MLB,2,30,2014,MLB,6,30,4
MLB,STL,2014,MLB,6,30,2015,MLB,1,30,-5
MLB,STL,2015,MLB,1,30,2016,MLB,12,30,11
MLB,STL,2016,MLB,12,30,2017,MLB,12,30,0
MLB,STL,2017,MLB,12,30,2018,MLB,13,30,1
MLB,STL,2018,MLB,13,30,2019,MLB,10,30,-3
MLB,STL,2019,MLB,10,30,2020,MLB,12,30,2
MLB,STL,2020,MLB,12,30,2021,MLB,10,30,-2
MLB,LAD,1998,MLB,14,30,1999,MLB,16,30,2
MLB,LAD,1999,MLB,16,30,2000,MLB,10,30,-6
MLB,LAD,2000,MLB,10,30,2001,MLB,12,30,2
MLB,LAD,2001,MLB,12,30,2002,MLB,11,30,-1
MLB,LAD,2002,MLB,11,30,2003,MLB,15,30,4
MLB,LAD,2003,MLB,15,30,2004,MLB,5,30,-10
MLB,LAD,2004,MLB,5,30,2005,MLB,25,30,20
MLB,LAD,2005,MLB,25,30,2006,MLB,8,30,-17
MLB,LAD,2006,MLB,8,30,2007,MLB,16,30,8
MLB,LAD,2007,MLB,16,30,2008,MLB,15,30,-1
MLB,LAD,2008,MLB,15,30,2009,MLB,3,30,-12
MLB,LAD,2009,MLB,3,30,2010,MLB,19,30,16
MLB,LAD,2010,MLB,19,30,2011,MLB,13,30,-6
MLB,LAD,2011,MLB,13,30,2012,MLB,13,30,0
MLB,LAD,2012,MLB,13,30,2013,MLB,8,30,-5
MLB,LAD,2013,MLB,8,30,2014,MLB,4,30,-4
MLB,LAD,2014,MLB,4,30,2015,MLB,6,30,2
MLB,LAD,2015,MLB,6,30,2016,MLB,6,30,0
MLB,LAD,2016,MLB,6,30,2017,MLB,1,30,-5
MLB,LAD,2017,MLB,1,30,2018,MLB,7,30,6
MLB,LAD,2018,MLB,7,30,2019,MLB,2,30,-5
MLB,LAD,2019,MLB,2,30,2020,MLB,1,30,-1
MLB,LAD,2020,MLB,1,30,2021,MLB,2,30,1
MLB,CHW,1998,MLB,15,30,1999,MLB,19,30,4
MLB,CHW,1999,MLB,19,30,2000,MLB,2,30,-17
MLB,CHW,2000,MLB,2,30,2001,MLB,14,30,12
MLB,CHW,2001,MLB,14,30,2002,MLB,14,30,0
MLB,CHW,2002,MLB,14,30,2003,MLB,12,30,-2
MLB,CHW,2003,MLB,12,30,2004,MLB,15,30,3
MLB,CHW,2004,MLB,15,30,2005,MLB,2,30,-13
MLB,CHW,2005,MLB,2,30,2006,MLB,6,30,4
MLB,CHW,2006,MLB,6,30,2007,MLB,24,30,18
MLB,CHW,2007,MLB,24,30,2008,MLB,9,30,-15
MLB,CHW,2008,MLB,9,30,2009,MLB,18,30,9
MLB,CHW,2009,MLB,18,30,2010,MLB,11,30,-7
MLB,CHW,2010,MLB,11,30,2011,MLB,18,30,7
MLB,CHW,2011,MLB,18,30,2012,MLB,14,30,-4
MLB,CHW,2012,MLB,14,30,2013,MLB,28,30,14
MLB,CHW,2013,MLB,28,30,2014,MLB,24,30,-4
MLB,CHW,2014,MLB,24,30,2015,MLB,21,30,-3
MLB,CHW,2015,MLB,21,30,2016,MLB,19,30,-2
MLB,CHW,2016,MLB,19,30,2017,MLB,27,30,8
MLB,CHW,2017,MLB,27,30,2018,MLB,28,30,1
MLB,CHW,2018,MLB,28,30,2019,MLB,20,30,-8
MLB,CHW,2019,MLB,20,30,2020,MLB,7,30,-13
MLB,CHW,2020,MLB,7,30,2021,MLB,6,30,-1
MLB,BAL,1998,MLB,16,30,1999,MLB,15,30,-1
MLB,BAL,1999,MLB,15,30,2000,MLB,21,30,6
MLB,BAL,2000,MLB,21,30,2001,MLB,28,30,7
MLB,BAL,2001,MLB,28,30,2002,MLB,25,30,-3
MLB,BAL,2002,MLB,25,30,2003,MLB,22,30,-3
MLB,BAL,2003,MLB,22,30,2004,MLB,18,30,-4
MLB,BAL,2004,MLB,18,30,2005,MLB,22,30,4
MLB,BAL,2005,MLB,22,30,2006,MLB,26,30,4
MLB,BAL,2006,MLB,26,30,2007,MLB,28,30,2
MLB,BAL,2007,MLB,28,30,2008,MLB,26,30,-2
MLB,BAL,2008,MLB,26,30,2009,MLB,28,30,2
MLB,BAL,2009,MLB,28,30,2010,MLB,27,30,-1
MLB,BAL,2010,MLB,27,30,2011,MLB,27,30,0
MLB,BAL,2011,MLB,27,30,2012,MLB,8,30,-19
MLB,BAL,2012,MLB,8,30,2013,MLB,14,30,6
MLB,BAL,2013,MLB,14,30,2014,MLB,3,30,-11
MLB,BAL,2014,MLB,3,30,2015,MLB,16,30,13
MLB,BAL,2015,MLB,16,30,2016,MLB,8,30,-8
MLB,BAL,2016,MLB,8,30,2017,MLB,22,30,14
MLB,BAL,2017,MLB,22,30,2018,MLB,30,30,8
MLB,BAL,2018,MLB,30,30,2019,MLB,29,30,-1
MLB,BAL,2019,MLB,29,30,2020,MLB,25,30,-4
MLB,BAL,2020,MLB,25,30,2021,MLB,30,30,5
MLB,CIN,1998,MLB,17,30,1999,MLB,7,30,-10
MLB,CIN,1999,MLB,7,30,2000,MLB,11,30,4
MLB,CIN,2000,MLB,11,30,2001,MLB,25,30,14
MLB,CIN,2001,MLB,25,30,2002,MLB,18,30,-7
MLB,CIN,2002,MLB,18,30,2003,MLB,24,30,6
MLB,CIN,2003,MLB,24,30,2004,MLB,19,30,-5
MLB,CIN,2004,MLB,19,30,2005,MLB,23,30,4
MLB,CIN,2005,MLB,23,30,2006,MLB,16,30,-7
MLB,CIN,2006,MLB,16,30,2007,MLB,23,30,7
MLB,CIN,2007,MLB,23,30,2008,MLB,23,30,0
MLB,CIN,2008,MLB,23,30,2009,MLB,19,30,-4
MLB,CIN,2009,MLB,19,30,2010,MLB,7,30,-12
MLB,CIN,2010,MLB,7,30,2011,MLB,17,30,10
MLB,CIN,2011,MLB,17,30,2012,MLB,2,30,-15
MLB,CIN,2012,MLB,2,30,2013,MLB,11,30,9
MLB,CIN,2013,MLB,11,30,2014,MLB,21,30,10
MLB,CIN,2014,MLB,21,30,2015,MLB,29,30,8
MLB,CIN,2015,MLB,29,30,2016,MLB,29,30,0
MLB,CIN,2016,MLB,29,30,2017,MLB,26,30,-3
MLB,CIN,2017,MLB,26,30,2018,MLB,24,30,-2
MLB,CIN,2018,MLB,24,30,2019,MLB,19,30,-5
MLB,CIN,2019,MLB,19,30,2020,MLB,13,30,-6
MLB,CIN,2020,MLB,13,30,2021,MLB,14,30,1
MLB,COL,1998,MLB,18,30,1999,MLB,22,30,4
MLB,COL,1999,MLB,22,30,2000,MLB,15,30,-7
MLB,COL,2000,MLB,15,30,2001,MLB,21,30,6
MLB,COL,2001,MLB,21,30,2002,MLB,21,30,0
MLB,COL,2002,MLB,21,30,2003,MLB,21,30,0
MLB,COL,2003,MLB,21,30,2004,MLB,24,30,3
MLB,COL,2004,MLB,24,30,2005,MLB,28,30,4
MLB,COL,2005,MLB,28,30,2006,MLB,22,30,-6
MLB,COL,2006,MLB,22,30,2007,MLB,6,30,-16
MLB,COL,2007,MLB,6,30,2008,MLB,22,30,16
MLB,COL,2008,MLB,22,30,2009,MLB,6,30,-16
MLB,COL,2009,MLB,6,30,2010,MLB,14,30,8
MLB,COL,2010,MLB,14,30,2011,MLB,21,30,7
MLB,COL,2011,MLB,21,30,2012,MLB,28,30,7
MLB,COL,2012,MLB,28,30,2013,MLB,22,30,-6
MLB,COL,2013,MLB,22,30,2014,MLB,29,30,7
MLB,COL,2014,MLB,29,30,2015,MLB,27,30,-2
MLB,COL,2015,MLB,27,30,2016,MLB,20,30,-7
MLB,COL,2016,MLB,20,30,2017,MLB,9,30,-11
MLB,COL,2017,MLB,9,30,2018,MLB,9,30,0
MLB,COL,2018,MLB,9,30,2019,MLB,22,30,13
MLB,COL,2019,MLB,22,30,2020,MLB,24,30,2
MLB,COL,2020,MLB,24,30,2021,MLB,21,30,-3
MLB,SEA,1998,MLB,19,30,1999,MLB,13,30,-6
MLB,SEA,1999,MLB,13,30,2000,MLB,7,30,-6
MLB,SEA,2000,MLB,7,30,2001,MLB,1,30,-6
MLB,SEA,2001,MLB,1,30,2002,MLB,10,30,9
MLB,SEA,2002,MLB,10,30,2003,MLB,6,30,-4
MLB,SEA,2003,MLB,6,30,2004,MLB,28,30,22
MLB,SEA,2004,MLB,28,30,2005,MLB,26,30,-2
MLB,SEA,2005,MLB,26,30,2006,MLB,20,30,-6
MLB,SEA,2006,MLB,20,30,2007,MLB,11,30,-9
MLB,SEA,2007,MLB,11,30,2008,MLB,29,30,18
MLB,SEA,2008,MLB,29,30,2009,MLB,14,30,-15
MLB,SEA,2009,MLB,14,30,2010,MLB,29,30,15
MLB,SEA,2010,MLB,29,30,2011,MLB,28,30,-1
MLB,SEA,2011,MLB,28,30,2012,MLB,20,30,-8
MLB,SEA,2012,MLB,20,30,2013,MLB,25,30,5
MLB,SEA,2013,MLB,25,30,2014,MLB,11,30,-14
MLB,SEA,2014,MLB,11,30,2015,MLB,20,30,9
MLB,SEA,2015,MLB,20,30,2016,MLB,13,30,-7
MLB,SEA,2016,MLB,13,30,2017,MLB,17,30,4
MLB,SEA,2017,MLB,17,30,2018,MLB,12,30,-5
MLB,SEA,2018,MLB,12,30,2019,MLB,25,30,13
MLB,SEA,2019,MLB,25,30,2020,MLB,19,30,-6
MLB,SEA,2020,MLB,19,30,2021,MLB,11,30,-8
MLB,PHI,1998,MLB,20,30,1999,MLB,17,30,-3
MLB,PHI,1999,MLB,17,30,2000,MLB,29,30,12
MLB,PHI,2000,MLB,29,30,2001,MLB,11,30,-18
MLB,PHI,2001,MLB,11,30,2002,MLB,15,30,4
MLB,PHI,2002,MLB,15,30,2003,MLB,11,30,-4
MLB,PHI,2003,MLB,11,30,2004,MLB,14,30,3
MLB,PHI,2004,MLB,14,30,2005,MLB,10,30,-4
MLB,PHI,2005,MLB,10,30,2006,MLB,12,30,2
MLB,PHI,2006,MLB,12,30,2007,MLB,7,30,-5
MLB,PHI,2007,MLB,7,30,2008,MLB,5,30,-2
MLB,PHI,2008,MLB,5,30,2009,MLB,5,30,0
MLB,PHI,2009,MLB,5,30,2010,MLB,1,30,-4
MLB,PHI,2010,MLB,1,30,2011,MLB,1,30,0
MLB,PHI,2011,MLB,1,30,2012,MLB,17,30,16
MLB,PHI,2012,MLB,17,30,2013,MLB,24,30,7
MLB,PHI,2013,MLB,24,30,2014,MLB,22,30,-2
MLB,PHI,2014,MLB,22,30,2015,MLB,30,30,8
MLB,PHI,2015,MLB,30,30,2016,MLB,23,30,-7
MLB,PHI,2016,MLB,23,30,2017,MLB,28,30,5
MLB,PHI,2017,MLB,28,30,2018,MLB,18,30,-10
MLB,PHI,2018,MLB,18,30,2019,MLB,16,30,-2
MLB,PHI,2019,MLB,16,30,2020,MLB,18,30,2
MLB,PHI,2020,MLB,18,30,2021,MLB,15,30,-3
MLB,OAK,1998,MLB,21,30,1999,MLB,10,30,-11
MLB,OAK,1999,MLB,10,30,2000,MLB,6,30,-4
MLB,OAK,2000,MLB,6,30,2001,MLB,2,30,-4
MLB,OAK,2001,MLB,2,30,2002,MLB,2,30,0
MLB,OAK,2002,MLB,2,30,2003,MLB,4,30,2
MLB,OAK,2003,MLB,4,30,2004,MLB,10,30,6
MLB,OAK,2004,MLB,10,30,2005,MLB,9,30,-1
MLB,OAK,2005,MLB,9,30,2006,MLB,5,30,-4
MLB,OAK,2006,MLB,5,30,2007,MLB,19,30,14
MLB,OAK,2007,MLB,19,30,2008,MLB,19,30,0
MLB,OAK,2008,MLB,19,30,2009,MLB,21,30,2
MLB,OAK,2009,MLB,21,30,2010,MLB,15,30,-6
MLB,OAK,2010,MLB,15,30,2011,MLB,20,30,5
MLB,OAK,2011,MLB,20,30,2012,MLB,5,30,-15
MLB,OAK,2012,MLB,5,30,2013,MLB,3,30,-2
MLB,OAK,2013,MLB,3,30,2014,MLB,8,30,5
MLB,OAK,2014,MLB,8,30,2015,MLB,25,30,17
MLB,OAK,2015,MLB,25,30,2016,MLB,24,30,-1
MLB,OAK,2016,MLB,24,30,2017,MLB,21,30,-3
MLB,OAK,2017,MLB,21,30,2018,MLB,4,30,-17
MLB,OAK,2018,MLB,4,30,2019,MLB,5,30,1
MLB,OAK,2019,MLB,5,30,2020,MLB,5,30,0
MLB,OAK,2020,MLB,5,30,2021,MLB,13,30,8
MLB,MIL,1998,MLB,22,30,1999,MLB,20,30,-2
MLB,MIL,1999,MLB,20,30,2000,MLB,22,30,2
MLB,MIL,2000,MLB,22,30,2001,MLB,23,30,1
MLB,MIL,2001,MLB,23,30,2002,MLB,28,30,5
MLB,MIL,2002,MLB,28,30,2003,MLB,26,30,-2
MLB,MIL,2003,MLB,26,30,2004,MLB,26,30,0
MLB,MIL,2004,MLB,26,30,2005,MLB,15,30,-11
MLB,MIL,2005,MLB,15,30,2006,MLB,24,30,9
MLB,MIL,2006,MLB,24,30,2007,MLB,15,30,-9
MLB,MIL,2007,MLB,15,30,2008,MLB,6,30,-9
MLB,MIL,2008,MLB,6,30,2009,MLB,17,30,11
MLB,MIL,2009,MLB,17,30,2010,MLB,21,30,4
MLB,MIL,2010,MLB,21,30,2011,MLB,4,30,-17
MLB,MIL,2011,MLB,4,30,2012,MLB,15,30,11
MLB,MIL,2012,MLB,15,30,2013,MLB,21,30,6
MLB,MIL,2013,MLB,21,30,2014,MLB,15,30,-6
MLB,MIL,2014,MLB,15,30,2015,MLB,26,30,11
MLB,MIL,2015,MLB,26,30,2016,MLB,22,30,-4
MLB,MIL,2016,MLB,22,30,2017,MLB,10,30,-12
MLB,MIL,2017,MLB,10,30,2018,MLB,5,30,-5
MLB,MIL,2018,MLB,5,30,2019,MLB,11,30,6
MLB,MIL,2019,MLB,11,30,2020,MLB,17,30,6
MLB,MIL,2020,MLB,17,30,2021,MLB,5,30,-12
MLB,KCR,1998,MLB,23,30,1999,MLB,28,30,5
MLB,KCR,1999,MLB,28,30,2000,MLB,19,30,-9
MLB,KCR,2000,MLB,19,30,2001,MLB,27,30,8
MLB,KCR,2001,MLB,27,30,2002,MLB,27,30,0
MLB,KCR,2002,MLB,27,30,2003,MLB,18,30,-9
MLB,KCR,2003,MLB,18,30,2004,MLB,29,30,11
MLB,KCR,2004,MLB,29,30,2005,MLB,30,30,1
MLB,KCR,2005,MLB,30,30,2006,MLB,29,30,-1
MLB,KCR,2006,MLB,29,30,2007,MLB,27,30,-2
MLB,KCR,2007,MLB,27,30,2008,MLB,20,30,-7
MLB,KCR,2008,MLB,20,30,2009,MLB,27,30,7
MLB,KCR,2009,MLB,27,30,2010,MLB,26,30,-1
MLB,KCR,2010,MLB,26,30,2011,MLB,25,30,-1
MLB,KCR,2011,MLB,25,30,2012,MLB,23,30,-2
MLB,KCR,2012,MLB,23,30,2013,MLB,12,30,-11
MLB,KCR,2013,MLB,12,30,2014,MLB,7,30,-5
MLB,KCR,2014,MLB,7,30,2015,MLB,4,30,-3
MLB,KCR,2015,MLB,4,30,2016,MLB,16,30,12
MLB,KCR,2016,MLB,16,30,2017,MLB,15,30,-1
MLB,KCR,2017,MLB,15,30,2018,MLB,29,30,14
MLB,KCR,2018,MLB,29,30,2019,MLB,27,30,-2
MLB,KCR,2019,MLB,27,30,2020,MLB,22,30,-5
MLB,KCR,2020,MLB,22,30,2021,MLB,22,30,0
MLB,MIN,1998,MLB,24,30,1999,MLB,30,30,6
MLB,MIN,1999,MLB,30,30,2000,MLB,27,30,-3
MLB,MIN,2000,MLB,27,30,2001,MLB,13,30,-14
MLB,MIN,2001,MLB,13,30,2002,MLB,8,30,-5
MLB,MIN,2002,MLB,8,30,2003,MLB,8,30,0
MLB,MIN,2003,MLB,8,30,2004,MLB,8,30,0
MLB,MIN,2004,MLB,8,30,2005,MLB,12,30,4
MLB,MIN,2005,MLB,12,30,2006,MLB,3,30,-9
MLB,MIN,2006,MLB,3,30,2007,MLB,17,30,14
MLB,MIN,2007,MLB,17,30,2008,MLB,10,30,-7
MLB,MIN,2008,MLB,10,30,2009,MLB,11,30,1
MLB,MIN,2009,MLB,11,30,2010,MLB,4,30,-7
MLB,MIN,2010,MLB,4,30,2011,MLB,29,30,25
MLB,MIN,2011,MLB,29,30,2012,MLB,27,30,-2
MLB,MIN,2012,MLB,27,30,2013,MLB,27,30,0
MLB,MIN,2013,MLB,27,30,2014,MLB,26,30,-1
MLB,MIN,2014,MLB,26,30,2015,MLB,14,30,-12
MLB,MIN,2015,MLB,14,30,2016,MLB,30,30,16
MLB,MIN,2016,MLB,30,30,2017,MLB,11,30,-19
MLB,MIN,2017,MLB,11,30,2018,MLB,19,30,8
MLB,MIN,2018,MLB,19,30,2019,MLB,4,30,-15
MLB,MIN,2019,MLB,4,30,2020,MLB,4,30,0
MLB,MIN,2020,MLB,4,30,2021,MLB,23,30,19
MLB,PIT,1998,MLB,25,30,1999,MLB,14,30,-11
MLB,PIT,1999,MLB,14,30,2000,MLB,26,30,12
MLB,PIT,2000,MLB,26,30,2001,MLB,29,30,3
MLB,PIT,2001,MLB,29,30,2002,MLB,22,30,-7
MLB,PIT,2002,MLB,22,30,2003,MLB,20,30,-2
MLB,PIT,2003,MLB,20,30,2004,MLB,20,30,0
MLB,PIT,2004,MLB,20,30,2005,MLB,27,30,7
MLB,PIT,2005,MLB,27,30,2006,MLB,27,30,0
MLB,PIT,2006,MLB,27,30,2007,MLB,29,30,2
MLB,PIT,2007,MLB,29,30,2008,MLB,27,30,-2
MLB,PIT,2008,MLB,27,30,2009,MLB,29,30,2
MLB,PIT,2009,MLB,29,30,2010,MLB,30,30,1
MLB,PIT,2010,MLB,30,30,2011,MLB,23,30,-7
MLB,PIT,2011,MLB,23,30,2012,MLB,18,30,-5
MLB,PIT,2012,MLB,18,30,2013,MLB,5,30,-13
MLB,PIT,2013,MLB,5,30,2014,MLB,9,30,4
MLB,PIT,2014,MLB,9,30,2015,MLB,2,30,-7
MLB,PIT,2015,MLB,2,30,2016,MLB,18,30,16
MLB,PIT,2016,MLB,18,30,2017,MLB,20,30,2
MLB,PIT,2017,MLB,20,30,2018,MLB,14,30,-6
MLB,PIT,2018,MLB,14,30,2019,MLB,24,30,10
MLB,PIT,2019,MLB,24,30,2020,MLB,30,30,6
MLB,PIT,2020,MLB,30,30,2021,MLB,27,30,-3
MLB,WSN,1998,MLB,26,30,1999,MLB,26,30,0
MLB,WSN,1999,MLB,26,30,2000,MLB,28,30,2
MLB,WSN,2000,MLB,28,30,2001,MLB,24,30,-4
MLB,WSN,2001,MLB,24,30,2002,MLB,13,30,-11
MLB,WSN,2002,MLB,13,30,2003,MLB,17,30,4
MLB,WSN,2003,MLB,17,30,2004,MLB,27,30,10
MLB,WSN,2004,MLB,27,30,2005,MLB,16,30,-11
MLB,WSN,2005,MLB,16,30,2006,MLB,25,30,9
MLB,WSN,2006,MLB,25,30,2007,MLB,22,30,-3
MLB,WSN,2007,MLB,22,30,2008,MLB,30,30,8
MLB,WSN,2008,MLB,30,30,2009,MLB,30,30,0
MLB,WSN,2009,MLB,30,30,2010,MLB,24,30,-6
MLB,WSN,2010,MLB,24,30,2011,MLB,15,30,-9
MLB,WSN,2011,MLB,15,30,2012,MLB,1,30,-14
MLB,WSN,2012,MLB,1,30,2013,MLB,13,30,12
MLB,WSN,2013,MLB,13,30,2014,MLB,2,30,-11
MLB,WSN,2014,MLB,2,30,2015,MLB,13,30,11
MLB,WSN,2015,MLB,13,30,2016,MLB,2,30,-11
MLB,WSN,2016,MLB,2,30,2017,MLB,4,30,2
MLB,WSN,2017,MLB,4,30,2018,MLB,15,30,11
MLB,WSN,2018,MLB,15,30,2019,MLB,8,30,-7
MLB,WSN,2019,MLB,8,30,2020,MLB,20,30,12
MLB,WSN,2020,MLB,20,30,2021,MLB,26,30,6
MLB,DET,1998,MLB,27,30,1999,MLB,24,30,-3
MLB,DET,1999,MLB,24,30,2000,MLB,18,30,-6
MLB,DET,2000,MLB,18,30,2001,MLB,26,30,8
MLB,DET,2001,MLB,26,30,2002,MLB,30,30,4
MLB,DET,2002,MLB,30,30,2003,MLB,30,30,0
MLB,DET,2003,MLB,30,30,2004,MLB,21,30,-9
MLB,DET,2004,MLB,21,30,2005,MLB,24,30,3
MLB,DET,2005,MLB,24,30,2006,MLB,4,30,-20
MLB,DET,2006,MLB,4,30,2007,MLB,9,30,5
MLB,DET,2007,MLB,9,30,2008,MLB,21,30,12
MLB,DET,2008,MLB,21,30,2009,MLB,13,30,-8
MLB,DET,2009,MLB,13,30,2010,MLB,16,30,3
MLB,DET,2010,MLB,16,30,2011,MLB,5,30,-11
MLB,DET,2011,MLB,5,30,2012,MLB,12,30,7
MLB,DET,2012,MLB,12,30,2013,MLB,6,30,-6
MLB,DET,2013,MLB,6,30,2014,MLB,5,30,-1
MLB,DET,2014,MLB,5,30,2015,MLB,22,30,17
MLB,DET,2015,MLB,22,30,2016,MLB,11,30,-11
MLB,DET,2016,MLB,11,30,2017,MLB,30,30,19
MLB,DET,2017,MLB,30,30,2018,MLB,26,30,-4
MLB,DET,2018,MLB,26,30,2019,MLB,30,30,4
MLB,DET,2019,MLB,30,30,2020,MLB,28,30,-2
MLB,DET,2020,MLB,28,30,2021,MLB,19,30,-9
MLB,ARI,1998,MLB,28,30,1999,MLB,2,30,-26
MLB,ARI,1999,MLB,2,30,2000,MLB,13,30,11
MLB,ARI,2000,MLB,13,30,2001,MLB,6,30,-7
MLB,ARI,2001,MLB,6,30,2002,MLB,5,30,-1
MLB,ARI,2002,MLB,5,30,2003,MLB,16,30,11
MLB,ARI,2003,MLB,16,30,2004,MLB,30,30,14
MLB,ARI,2004,MLB,30,30,2005,MLB,20,30,-10
MLB,ARI,2005,MLB,20,30,2006,MLB,23,30,3
MLB,ARI,2006,MLB,23,30,2007,MLB,5,30,-18
MLB,ARI,2007,MLB,5,30,2008,MLB,16,30,11
MLB,ARI,2008,MLB,16,30,2009,MLB,24,30,8
MLB,ARI,2009,MLB,24,30,2010,MLB,28,30,4
MLB,ARI,2010,MLB,28,30,2011,MLB,6,30,-22
MLB,ARI,2011,MLB,6,30,2012,MLB,16,30,10
MLB,ARI,2012,MLB,16,30,2013,MLB,16,30,0
MLB,ARI,2013,MLB,16,30,2014,MLB,30,30,14
MLB,ARI,2014,MLB,30,30,2015,MLB,18,30,-12
MLB,ARI,2015,MLB,18,30,2016,MLB,25,30,7
MLB,ARI,2016,MLB,25,30,2017,MLB,5,30,-20
MLB,ARI,2017,MLB,5,30,2018,MLB,16,30,11
MLB,ARI,2018,MLB,16,30,2019,MLB,13,30,-3
MLB,ARI,2019,MLB,13,30,2020,MLB,26,30,13
MLB,ARI,2020,MLB,26,30,2021,MLB,29,30,3
MLB,TBD,1998,MLB,29,30,1999,MLB,25,30,-4
MLB,TBD,1999,MLB,25,30,2000,MLB,25,30,0
MLB,TBD,2000,MLB,25,30,2001,MLB,30,30,5
MLB,TBD,2001,MLB,30,30,2002,MLB,29,30,-1
MLB,TBD,2002,MLB,29,30,2003,MLB,29,30,0
MLB,TBD,2003,MLB,29,30,2004,MLB,23,30,-6
MLB,TBD,2004,MLB,23,30,2005,MLB,29,30,6
MLB,TBD,2005,MLB,29,30,2006,MLB,30,30,1
MLB,TBD,2006,MLB,30,30,2007,MLB,30,30,0
MLB,TBD,2007,MLB,30,30,2008,MLB,3,30,-27
MLB,TBD,2008,MLB,3,30,2009,MLB,15,30,12
MLB,TBD,2009,MLB,15,30,2010,MLB,2,30,-13
MLB,TBD,2010,MLB,2,30,2011,MLB,7,30,5
MLB,TBD,2011,MLB,7,30,2012,MLB,9,30,2
MLB,TBD,2012,MLB,9,30,2013,MLB,9,30,0
MLB,TBD,2013,MLB,9,30,2014,MLB,18,30,9
MLB,TBD,2014,MLB,18,30,2015,MLB,17,30,-1
MLB,TBD,2015,MLB,17,30,2016,MLB,27,30,10
MLB,TBD,2016,MLB,27,30,2017,MLB,14,30,-13
MLB,TBD,2017,MLB,14,30,2018,MLB,11,30,-3
MLB,TBD,2018,MLB,11,30,2019,MLB,7,30,-4
MLB,TBD,2019,MLB,7,30,2020,MLB,2,30,-5
MLB,TBD,2020,MLB,2,30,2021,MLB,3,30,1
MLB,FLA,1998,MLB,30,30,1999,MLB,29,30,-1
MLB,FLA,1999,MLB,29,30,2000,MLB,17,30,-12
MLB,FLA,2000,MLB,17,30,2001,MLB,19,30,2
MLB,FLA,2001,MLB,19,30,2002,MLB,16,30,-3
MLB,FLA,2002,MLB,16,30,2003,MLB,7,30,-9
MLB,FLA,2003,MLB,7,30,2004,MLB,16,30,9
MLB,FLA,2004,MLB,16,30,2005,MLB,13,30,-3
MLB,FLA,2005,MLB,13,30,2006,MLB,19,30,6
MLB,FLA,2006,MLB,19,30,2007,MLB,26,30,7
MLB,FLA,2007,MLB,26,30,2008,MLB,14,30,-12
MLB,FLA,2008,MLB,14,30,2009,MLB,10,30,-4
MLB,FLA,2009,MLB,10,30,2010,MLB,17,30,7
MLB,FLA,2010,MLB,17,30,2011,MLB,22,30,5
MLB,FLA,2011,MLB,22,30,2012,MLB,25,30,3
MLB,FLA,2012,MLB,25,30,2013,MLB,29,30,4
MLB,FLA,2013,MLB,29,30,2014,MLB,19,30,-10
MLB,FLA,2014,MLB,19,30,2015,MLB,24,30,5
MLB,FLA,2015,MLB,24,30,2016,MLB,17,30,-7
MLB,FLA,2016,MLB,17,30,2017,MLB,18,30,1
MLB,FLA,2017,MLB,18,30,2018,MLB,27,30,9
MLB,FLA,2018,MLB,27,30,2019,MLB,28,30,1
MLB,FLA,2019,MLB,28,30,2020,MLB,14,30,-14
MLB,FLA,2020,MLB,14,30,2021,MLB,25,30,11
EPL,Manchester United,1996,ALL,1,20,1997,ALL,1,20,0
EPL,Manchester United,1997,ALL,1,20,1998,ALL,2,20,1
EPL,Manchester United,1998,ALL,2,20,1999,ALL,1,20,-1
EPL,Manchester United,1999,ALL,1,20,2000,ALL,1,20,0
EPL,Manchester United,2000,ALL,1,20,2001,ALL,1,20,0
EPL,Manchester United,2001,ALL,1,20,2002,ALL,3,20,2
EPL,Manchester United,2002,ALL,3,20,2003,ALL,1,20,-2
EPL,Manchester United,2003,ALL,1,20,2004,ALL,3,20,2
EPL,Manchester United,2004,ALL,3,20,2005,ALL,3,20,0
EPL,Manchester United,2005,ALL,3,20,2006,ALL,2,20,-1
EPL,Manchester United,2006,ALL,2,20,2007,ALL,1,20,-1
EPL,Manchester United,2007,ALL,1,20,2008,ALL,1,20,0
EPL,Manchester United,2008,ALL,1,20,2009,ALL,1,20,0
EPL,Manchester United,2009,ALL,1,20,2010,ALL,2,20,1
EPL,Manchester United,2010,ALL,2,20,2011,ALL,1,20,-1
EPL,Manchester United,2011,ALL,1,20,2012,ALL,2,20,1
EPL,Manchester United,2012,ALL,2,20,2013,ALL,1,20,-1
EPL,Manchester United,2013,ALL,1,20,2014,ALL,7,20,6
EPL,Manchester United,2014,ALL,7,20,2015,ALL,4,20,-3
EPL,Manchester United,2015,ALL,4,20,2016,ALL,5,20,1
EPL,Manchester United,2016,ALL,5,20,2017,ALL,6,20,1
EPL,Manchester United,2017,ALL,6,20,2018,ALL,2,20,-4
EPL,Manchester United,2018,ALL,2,20,2019,ALL,6,20,4
EPL,Manchester United,2019,ALL,6,20,2020,ALL,3,20,-3
EPL,Manchester United,2020,ALL,3,20,2021,ALL,2,20,-1
EPL,Manchester United,2021,ALL,2,20,2022,ALL,6,20,4
EPL,Manchester United,2022,ALL,6,20,2023,ALL,3,20,-3
EPL,Manchester United,2023,ALL,3,20,2024,ALL,8,20,5
EPL,Manchester United,2024,ALL,8,20,2025,ALL,15,20,7
EPL,Newcastle United,1996,ALL,2,20,1997,ALL,2,20,0
EPL,Newcastle United,1997,ALL,2,20,1998,ALL,13,20,11
EPL,Newcastle United,1998,ALL,13,20,1999,ALL,13,20,0
EPL,Newcastle United,1999,ALL,13,20,2000,ALL,11,20,-2
EPL,Newcastle United,2000,ALL,11,20,2001,ALL,11,20,0
EPL,Newcastle United,2001,ALL,11,20,2002,ALL,4,20,-7
EPL,Newcastle United,2002,ALL,4,20,2003,ALL,3,20,-1
EPL,Newcastle United,2003,ALL,3,20,2004,ALL,5,20,2
EPL,Newcastle United,2004,ALL,5,20,2005,ALL,14,20,9
EPL,Newcastle United,2005,ALL,14,20,2006,ALL,7,20,-7
EPL,Newcastle United,2006,ALL,7,20,2007,ALL,13,20,6
EPL,Newcastle United,2007,ALL,13,20,2008,ALL,12,20,-1
EPL,Newcastle United,2008,ALL,12,20,2009,ALL,18,20,6
EPL,Newcastle United,2011,ALL,12,20,2012,ALL,5,20,-7
EPL,Newcastle United,2012,ALL,5,20,2013,ALL,16,20,11
EPL,Newcastle United,2013,ALL,16,20,2014,ALL,10,20,-6
EPL,Newcastle United,2014,ALL,10,20,2015,ALL,15,20,5
EPL,Newcastle United,2015,ALL,15,20,2016,ALL,18,20,3
EPL,Newcastle United,2018,ALL,10,20,2019,ALL,13,20,3
EPL,Newcastle United,2019,ALL,13,20,2020,ALL,13,20,0
EPL,Newcastle United,2020,ALL,13,20,2021,ALL,12,20,-1
EPL,Newcastle United,2021,ALL,12,20,2022,ALL,11,20,-1
EPL,Newcastle United,2022,ALL,11,20,2023,ALL,4,20,-7
EPL,Newcastle United,2023,ALL,4,20,2024,ALL,7,20,3
EPL,Newcastle United,2024,ALL,7,20,2025,ALL,5,20,-2
EPL,Liverpool,1996,ALL,3,20,1997,ALL,4,20,1
EPL,Liverpool,1997,ALL,4,20,1998,ALL,3,20,-1
EPL,Liverpool,1998,ALL,3,20,1999,ALL,7,20,4
EPL,Liverpool,1999,ALL,7,20,2000,ALL,4,20,-3
EPL,Liverpool,2000,ALL,4,20,2001,ALL,3,20,-1
EPL,Liverpool,2001,ALL,3,20,2002,ALL,2,20,-1
EPL,Liverpool,2002,ALL,2,20,2003,ALL,5,20,3
EPL,Liverpool,2003,ALL,5,20,2004,ALL,4,20,-1
EPL,Liverpool,2004,ALL,4,20,2005,ALL,5,20,1
EPL,Liverpool,2005,ALL,5,20,2006,ALL,3,20,-2
EPL,Liverpool,2006,ALL,3,20,2007,ALL,3,20,0
EPL,Liverpool,2007,ALL,3,20,2008,ALL,4,20,1
EPL,Liverpool,2008,ALL,4,20,2009,ALL,2,20,-2
EPL,Liverpool,2009,ALL,2,20,2010,ALL,7,20,5
EPL,Liverpool,2010,ALL,7,20,2011,ALL,6,20,-1
EPL,Liverpool,2011,ALL,6,20,2012,ALL,8,20,2
EPL,Liverpool,2012,ALL,8,20,2013,ALL,7,20,-1
EPL,Liverpool,2013,ALL,7,20,2014,ALL,2,20,-5
EPL,Liverpool,2014,ALL,2,20,2015,ALL,6,20,4
EPL,Liverpool,2015,ALL,6,20,2016,ALL,8,20,2
EPL,Liverpool,2016,ALL,8,20,2017,ALL,4,20,-4
EPL,Liverpool,2017,ALL,4,20,2018,ALL,4,20,0
EPL,Liverpool,2018,ALL,4,20,2019,ALL,2,20,-2
EPL,Liverpool,2019,ALL,2,20,2020,ALL,1,20,-1
EPL,Liverpool,2020,ALL,1,20,2021,ALL,3,20,2
EPL,Liverpool,2021,ALL,3,20,2022,ALL,2,20,-1
EPL,Liverpool,2022,ALL,2,20,2023,ALL,5,20,3
EPL,Liverpool,2023,ALL,5,20,2024,ALL,3,20,-2
EPL,Liverpool,2024,ALL,3,20,2025,ALL,1,20,-2
EPL,Aston Villa,1996,ALL,4,20,1997,ALL,5,20,1
EPL,Aston Villa,1997,ALL,5,20,1998,ALL,7,20,2
EPL,Aston Villa,1998,ALL,7,20,1999,ALL,6,20,-1
EPL,Aston Villa,1999,ALL,6,20,2000,ALL,6,20,0
EPL,Aston Villa,2000,ALL,6,20,2001,ALL,8,20,2
EPL,Aston Villa,2001,ALL,8,20,2002,ALL,8,20,0
EPL,Aston Villa,2002,ALL,8,20,2003,ALL,16,20,8
EPL,Aston Villa,2003,ALL,16,20,2004,ALL,6,20,-10
EPL,Aston Villa,2004,ALL,6,20,2005,ALL,10,20,4
EPL,Aston Villa,2005,ALL,10,20,2006,ALL,16,20,6
EPL,Aston Villa,2006,ALL,16,20,2007,ALL,11,20,-5
EPL,Aston Villa,2007,ALL,11,20,2008,ALL,6,20,-5
EPL,Aston Villa,2008,ALL,6,20,2009,ALL,6,20,0
EPL,Aston Villa,2009,ALL,6,20,2010,ALL,6,20,0
EPL,Aston Villa,2010,ALL,6,20,2011,ALL,9,20,3
EPL,Aston Villa,2011,ALL,9,20,2012,ALL,16,20,7
EPL,Aston Villa,2012,ALL,16,20,2013,ALL,15,20,-1
EPL,Aston Villa,2013,ALL,15,20,2014,ALL,15,20,0
EPL,Aston Villa,2014,ALL,15,20,2015,ALL,17,20,2
EPL,Aston Villa,2015,ALL,17,20,2016,ALL,20,20,3
EPL,Aston Villa,2020,ALL,17,20,2021,ALL,11,20,-6
EPL,Aston Villa,2021,ALL,11,20,2022,ALL,14,20,3
EPL,Aston Villa,2022,ALL,14,20,2023,ALL,7,20,-7
EPL,Aston Villa,2023,ALL,7,20,2024,ALL,4,20,-3
EPL,Aston Villa,2024,ALL,4,20,2025,ALL,6,20,2
EPL,Arsenal,1996,ALL,5,20,1997,ALL,3,20,-2
EPL,Arsenal,1997,ALL,3,20,1998,ALL,1,20,-2
EPL,Arsenal,1998,ALL,1,20,1999,ALL,2,20,1
EPL,Arsenal,1999,ALL,2,20,2000,ALL,2,20,0
EPL,Arsenal,2000,ALL,2,20,2001,ALL,2,20,0
EPL,Arsenal,2001,ALL,2,20,2002,ALL,1,20,-1
EPL,Arsenal,2002,ALL,1,20,2003,ALL,2,20,1
EPL,Arsenal,2003,ALL,2,20,2004,ALL,1,20,-1
EPL,Arsenal,2004,ALL,1,20,2005,ALL,2,20,1
EPL,Arsenal,2005,ALL,2,20,2006,ALL,4,20,2
EPL,Arsenal,2006,ALL,4,20,2007,ALL,4,20,0
EPL,Arsenal,2007,ALL,4,20,2008,ALL,3,20,-1
EPL,Arsenal,2008,ALL,3,20,2009,ALL,4,20,1
EPL,Arsenal,2009,ALL,4,20,2010,ALL,3,20,-1
EPL,Arsenal,2010,ALL,3,20,2011,ALL,4,20,1
EPL,Arsenal,2011,ALL,4,20,2012,ALL,3,20,-1
EPL,Arsenal,2012,ALL,3,20,2013,ALL,4,20,1
EPL,Arsenal,2013,ALL,4,20,2014,ALL,4,20,0
EPL,Arsenal,2014,ALL,4,20,2015,ALL,3,20,-1
EPL,Arsenal,2015,ALL,3,20,2016,ALL,2,20,-1
EPL,Arsenal,2016,ALL,2,20,2017,ALL,5,20,3
EPL,Arsenal,2017,ALL,5,20,2018,ALL,6,20,1
EPL,Arsenal,2018,ALL,6,20,2019,ALL,5,20,-1
EPL,Arsenal,2019,ALL,5,20,2020,ALL,8,20,3
EPL,Arsenal,2020,ALL,8,20,2021,ALL,8,20,0
EPL,Arsenal,2021,ALL,8,20,2022,ALL,5,20,-3
EPL,Arsenal,2022,ALL,5,20,2023,ALL,2,20,-3
EPL,Arsenal,2023,ALL,2,20,2024,ALL,2,20,0
EPL,Arsenal,2024,ALL,2,20,2025,ALL,2,20,0
EPL,Everton,1996,ALL,6,20,1997,ALL,16,20,10
EPL,Everton,1997,ALL,16,20,1998,ALL,17,20,1
EPL,Everton,1998,ALL,17,20,1999,ALL,14,20,-3
EPL,Everton,1999,ALL,14,20,2000,ALL,13,20,-1
EPL,Everton,2000,ALL,13,20,2001,ALL,16,20,3
EPL,Everton,2001,ALL,16,20,2002,ALL,15,20,-1
EPL,Everton,2002,ALL,15,20,2003,ALL,7,20,-8
EPL,Everton,2003,ALL,7,20,2004,ALL,17,20,10
EPL,Everton,2004,ALL,17,20,2005,ALL,4,20,-13
EPL,Everton,2005,ALL,4,20,2006,ALL,11,20,7
EPL,Everton,2006,ALL,11,20,2007,ALL,6,20,-5
EPL,Everton,2007,ALL,6,20,2008,ALL,5,20,-1
EPL,Everton,2008,ALL,5,20,2009,ALL,5,20,0
EPL,Everton,2009,ALL,5,20,2010,ALL,8,20,3
EPL,Everton,2010,ALL,8,20,2011,ALL,7,20,-1
EPL,Everton,2011,ALL,7,20,2012,ALL,7,20,0
EPL,Everton,2012,ALL,7,20,2013,ALL,6,20,-1
EPL,Everton,2013,ALL,6,20,2014,ALL,5,20,-1
EPL,Everton,2014,ALL,5,20,2015,ALL,11,20,6
EPL,Everton,2015,ALL,11,20,2016,ALL,11,20,0
EPL,Everton,2016,ALL,11,20,2017,ALL,7,20,-4
EPL,Everton,2017,ALL,7,20,2018,ALL,8,20,1
EPL,Everton,2018,ALL,8,20,2019,ALL,8,20,0
EPL,Everton,2019,ALL,8,20,2020,ALL,12,20,4
EPL,Everton,2020,ALL,12,20,2021,ALL,10,20,-2
EPL,Everton,2021,ALL,10,20,2022,ALL,16,20,6
EPL,Everton,2022,ALL,16,20,2023,ALL,17,20,1
EPL,Everton,2023,ALL,17,20,2024,ALL,12,20,-5
EPL,Everton,2024,ALL,12,20,2025,ALL,13,20,1
EPL,Blackburn Rovers,1996,ALL,7,20,1997,ALL,13,20,6
EPL,Blackburn Rovers,1997,ALL,13,20,1998,ALL,6,20,-7
EPL,Blackburn Rovers,1998,ALL,6,20,1999,ALL,19,20,13
EPL,Blackburn Rovers,2002,ALL,10,20,2003,ALL,6,20,-4
EPL,Blackburn Rovers,2003,ALL,6,20,2004,ALL,15,20,9
EPL,Blackburn Rovers,2004,ALL,15,20,2005,ALL,15,20,0
EPL,Blackburn Rovers,2005,ALL,15,20,2006,ALL,6,20,-9
EPL,Blackburn Rovers,2006,ALL,6,20,2007,ALL,10,20,4
EPL,Blackburn Rovers,2007,ALL,10,20,2008,ALL,7,20,-3
EPL,Blackburn Rovers,2008,ALL,7,20,2009,ALL,15,20,8
EPL,Blackburn Rovers,2009,ALL,15,20,2010,ALL,10,20,-5
EPL,Blackburn Rovers,2010,ALL,10,20,2011,ALL,15,20,5
EPL,Blackburn Rovers,2011,ALL,15,20,2012,ALL,19,20,4
EPL,Tottenham Hotspur,1996,ALL,8,20,1997,ALL,10,20,2
EPL,Tottenham Hotspur,1997,ALL,10,20,1998,ALL,14,20,4
EPL,Tottenham Hotspur,1998,ALL,14,20,1999,ALL,11,20,-3
EPL,Tottenham Hotspur,1999,ALL,11,20,2000,ALL,10,20,-1
EPL,Tottenham Hotspur,2000,ALL,10,20,2001,ALL,12,20,2
EPL,Tottenham Hotspur,2001,ALL,12,20,2002,ALL,9,20,-3
EPL,Tottenham Hotspur,2002,ALL,9,20,2003,ALL,10,20,1
EPL,Tottenham Hotspur,2003,ALL,10,20,2004,ALL,14,20,4
EPL,Tottenham Hotspur,2004,ALL,14,20,2005,ALL,9,20,-5
EPL,Tottenham Hotspur,2005,ALL,9,20,2006,ALL,5,20,-4
EPL,Tottenham Hotspur,2006,ALL,5,20,2007,ALL,5,20,0
EPL,Tottenham Hotspur,2007,ALL,5,20,2008,ALL,11,20,6
EPL,Tottenham Hotspur,2008,ALL,11,20,2009,ALL,8,20,-3
EPL,Tottenham Hotspur,2009,ALL,8,20,2010,ALL,4,20,-4
EPL,Tottenham Hotspur,2010,ALL,4,20,2011,ALL,5,20,1
EPL,Tottenham Hotspur,2011,ALL,5,20,2012,ALL,4,20,-1
EPL,Tottenham Hotspur,2012,ALL,4,20,2013,ALL,5,20,1
EPL,Tottenham Hotspur,2013,ALL,5,20,2014,ALL,6,20,1
EPL,Tottenham Hotspur,2014,ALL,6,20,2015,ALL,5,20,-1
EPL,Tottenham Hotspur,2015,ALL,5,20,2016,ALL,3,20,-2
EPL,Tottenham Hotspur,2016,ALL,3,20,2017,ALL,2,20,-1
EPL,Tottenham Hotspur,2017,ALL,2,20,2018,ALL,3,20,1
EPL,Tottenham Hotspur,2018,ALL,3,20,2019,ALL,4,20,1
EPL,Tottenham Hotspur,2019,ALL,4,20,2020,ALL,6,20,2
EPL,Tottenham Hotspur,2020,ALL,6,20,2021,ALL,7,20,1
EPL,Tottenham Hotspur,2021,ALL,7,20,2022,ALL,4,20,-3
EPL,Tottenham Hotspur,2022,ALL,4,20,2023,ALL,8,20,4
EPL,Tottenham Hotspur,2023,ALL,8,20,2024,ALL,5,20,-3
EPL,Tottenham Hotspur,2024,ALL,5,20,2025,ALL,17,20,12
EPL,Nottingham Forest,1996,ALL,9,20,1997,ALL,20,20,11
EPL,Nottingham Forest,2023,ALL,16,20,2024,ALL,17,20,1
EPL,Nottingham Forest,2024,ALL,17,20,2025,ALL,7,20,-10
EPL,West Ham United,1996,ALL,10,20,1997,ALL,15,20,5
EPL,West Ham United,1997,ALL,15,20,1998,ALL,8,20,-7
EPL,West Ham United,1998,ALL,8,20,1999,ALL,5,20,-3
EPL,West Ham United,1999,ALL,5,20,2000,ALL,9,20,4
EPL,West Ham United,2000,ALL,9,20,2001,ALL,15,20,6
EPL,West Ham United,2001,ALL,15,20,2002,ALL,7,20,-8
EPL,West Ham United,2002,ALL,7,20,2003,ALL,18,20,11
EPL,West Ham United,2006,ALL,9,20,2007,ALL,15,20,6
EPL,West Ham United,2007,ALL,15,20,2008,ALL,10,20,-5
EPL,West Ham United,2008,ALL,10,20,2009,ALL,9,20,-1
EPL,West Ham United,2009,ALL,9,20,2010,ALL,17,20,8
EPL,West Ham United,2010,ALL,17,20,2011,ALL,20,20,3
EPL,West Ham United,2013,ALL,10,20,2014,ALL,13,20,3
EPL,West Ham United,2014,ALL,13,20,2015,ALL,12,20,-1
EPL,West Ham United,2015,ALL,12,20,2016,ALL,7,20,-5
EPL,West Ham United,2016,ALL,7,20,2017,ALL,11,20,4
EPL,West Ham United,2017,ALL,11,20,2018,ALL,13,20,2
EPL,West Ham United,2018,ALL,13,20,2019,ALL,10,20,-3
EPL,West Ham United,2019,ALL,10,20,2020,ALL,16,20,6
EPL,West Ham United,2020,ALL,16,20,2021,ALL,6,20,-10
EPL,West Ham United,2021,ALL,6,20,2022,ALL,7,20,1
EPL,West Ham United,2022,ALL,7,20,2023,ALL,14,20,7
EPL,West Ham United,2023,ALL,14,20,2024,ALL,9,20,-5
EPL,West Ham United,2024,ALL,9,20,2025,ALL,14,20,5
EPL,Chelsea,1996,ALL,11,20,1997,ALL,6,20,-5
EPL,Chelsea,1997,ALL,6,20,1998,ALL,4,20,-2
EPL,Chelsea,1998,ALL,4,20,1999,ALL,3,20,-1
EPL,Chelsea,1999,ALL,3,20,2000,ALL,5,20,2
EPL,Chelsea,2000,ALL,5,20,2001,ALL,6,20,1
EPL,Chelsea,2001,ALL,6,20,2002,ALL,6,20,0
EPL,Chelsea,2002,ALL,6,20,2003,ALL,4,20,-2
EPL,Chelsea,2003,ALL,4,20,2004,ALL,2,20,-2
EPL,Chelsea,2004,ALL,2,20,2005,ALL,1,20,-1
EPL,Chelsea,2005,ALL,1,20,2006,ALL,1,20,0
EPL,Chelsea,2006,ALL,1,20,2007,ALL,2,20,1
EPL,Chelsea,2007,ALL,2,20,2008,ALL,2,20,0
EPL,Chelsea,2008,ALL,2,20,2009,ALL,3,20,1
EPL,Chelsea,2009,ALL,3,20,2010,ALL,1,20,-2
EPL,Chelsea,2010,ALL,1,20,2011,ALL,2,20,1
EPL,Chelsea,2011,ALL,2,20,2012,ALL,6,20,4
EPL,Chelsea,2012,ALL,6,20,2013,ALL,3,20,-3
EPL,Chelsea,2013,ALL,3,20,2014,ALL,3,20,0
EPL,Chelsea,2014,ALL,3,20,2015,ALL,1,20,-2
EPL,Chelsea,2015,ALL,1,20,2016,ALL,10,20,9
EPL,Chelsea,2016,ALL,10,20,2017,ALL,1,20,-9
EPL,Chelsea,2017,ALL,1,20,2018,ALL,5,20,4
EPL,Chelsea,2018,ALL,5,20,2019,ALL,3,20,-2
EPL,Chelsea,2019,ALL,3,20,2020,ALL,4,20,1
EPL,Chelsea,2020,ALL,4,20,2021,ALL,4,20,0
EPL,Chelsea,2021,ALL,4,20,2022,ALL,3,20,-1
EPL,Chelsea,2022,ALL,3,20,2023,ALL,12,20,9
EPL,Chelsea,2023,ALL,12,20,2024,ALL,6,20,-6
EPL,Chelsea,2024,ALL,6,20,2025,ALL,4,20,-2
EPL,Middlesbrough,1996,ALL,12,20,1997,ALL,14,20,2
EPL,Middlesbrough,1999,ALL,9,20,2000,ALL,12,20,3
EPL,Middlesbrough,2000,ALL,12,20,2001,ALL,14,20,2
EPL,Middlesbrough,2001,ALL,14,20,2002,ALL,12,20,-2
EPL,Middlesbrough,2002,ALL,12,20,2003,ALL,11,20,-1
EPL,Middlesbrough,2003,ALL,11,20,2004,ALL,11,20,0
EPL,Middlesbrough,2004,ALL,11,20,2005,ALL,7,20,-4
EPL,Middlesbrough,2005,ALL,7,20,2006,ALL,14,20,7
EPL,Middlesbrough,2006,ALL,14,20,2007,ALL,12,20,-2
EPL,Middlesbrough,2007,ALL,12,20,2008,ALL,13,20,1
EPL,Middlesbrough,2008,ALL,13,20,2009,ALL,19,20,6
EPL,Leeds United,1996,ALL,13,20,1997,ALL,11,20,-2
EPL,Leeds United,1997,ALL,11,20,1998,ALL,5,20,-6
EPL,Leeds United,1998,ALL,5,20,1999,ALL,4,20,-1
EPL,Leeds United,1999,ALL,4,20,2000,ALL,3,20,-1
EPL,Leeds United,2000,ALL,3,20,2001,ALL,4,20,1
EPL,Leeds United,2001,ALL,4,20,2002,ALL,5,20,1
EPL,Leeds United,2002,ALL,5,20,2003,ALL,15,20,10
EPL,Leeds United,2003,ALL,15,20,2004,ALL,19,20,4
EPL,Leeds United,2021,ALL,9,20,2022,ALL,17,20,8
EPL,Leeds United,2022,ALL,17,20,2023,ALL,19,20,2
EPL,Wimbledon,1996,ALL,14,20,1997,ALL,8,20,-6
EPL,Wimbledon,1997,ALL,8,20,1998,ALL,15,20,7
EPL,Wimbledon,1998,ALL,15,20,1999,ALL,16,20,1
EPL,Wimbledon,1999,ALL,16,20,2000,ALL,18,20,2
EPL,Sheffield Wednesday,1996,ALL,15,20,1997,ALL,7,20,-8
EPL,Sheffield Wednesday,1997,ALL,7,20,1998,ALL,16,20,9
EPL,Sheffield Wednesday,1998,ALL,16,20,1999,ALL,12,20,-4
EPL,Sheffield Wednesday,1999,ALL,12,20,2000,ALL,19,20,7
EPL,Coventry City,1996,ALL,16,20,1997,ALL,18,20,2
EPL,Coventry City,1997,ALL,18,20,1998,ALL,11,20,-7
EPL,Coventry City,1998,ALL,11,20,1999,ALL,15,20,4
EPL,Coventry City,1999,ALL,15,20,2000,ALL,14,20,-1
EPL,Coventry City,2000,ALL,14,20,2001,ALL,19,20,5
EPL,Southampton,1996,ALL,17,20,1997,ALL,17,20,0
EPL,Southampton,1997,ALL,17,20,1998,ALL,12,20,-5
EPL,Southampton,1998,ALL,12,20,1999,ALL,17,20,5
EPL,Southampton,1999,ALL,17,20,2000,ALL,15,20,-2
EPL,Southampton,2000,ALL,15,20,2001,ALL,10,20,-5
EPL,Southampton,2001,ALL,10,20,2002,ALL,11,20,1
EPL,Southampton,2002,ALL,11,20,2003,ALL,8,20,-3
EPL,Southampton,2003,ALL,8,20,2004,ALL,12,20,4
EPL,Southampton,2004,ALL,12,20,2005,ALL,20,20,8
EPL,Southampton,2013,ALL,14,20,2014,ALL,8,20,-6
EPL,Southampton,2014,ALL,8,20,2015,ALL,7,20,-1
EPL,Southampton,2015,ALL,7,20,2016,ALL,6,20,-1
EPL,Southampton,2016,ALL,6,20,2017,ALL,8,20,2
EPL,Southampton,2017,ALL,8,20,2018,ALL,17,20,9
EPL,Southampton,2018,ALL,17,20,2019,ALL,16,20,-1
EPL,Southampton,2019,ALL,16,20,2020,ALL,11,20,-5
EPL,Southampton,2020,ALL,11,20,2021,ALL,15,20,4
EPL,Southampton,2021,ALL,15,20,2022,ALL,15,20,0
EPL,Southampton,2022,ALL,15,20,2023,ALL,20,20,5
EPL,Manchester City,2003,ALL,9,20,2004,ALL,16,20,7
EPL,Manchester City,2004,ALL,16,20,2005,ALL,8,20,-8
EPL,Manchester City,2005,ALL,8,20,2006,ALL,15,20,7
EPL,Manchester City,2006,ALL,15,20,2007,ALL,14,20,-1
EPL,Manchester City,2007,ALL,14,20,2008,ALL,9,20,-5
EPL,Manchester City,2008,ALL,9,20,2009,ALL,10,20,1
EPL,Manchester City,2009,ALL,10,20,2010,ALL,5,20,-5
EPL,Manchester City,2010,ALL,5,20,2011,ALL,3,20,-2
EPL,Manchester City,2011,ALL,3,20,2012,ALL,1,20,-2
EPL,Manchester City,2012,ALL,1,20,2013,ALL,2,20,1
EPL,Manchester City,2013,ALL,2,20,2014,ALL,1,20,-1
EPL,Manchester City,2014,ALL,1,20,2015,ALL,2,20,1
EPL,Manchester City,2015,ALL,2,20,2016,ALL,4,20,2
EPL,Manchester City,2016,ALL,4,20,2017,ALL,3,20,-1
EPL,Manchester City,2017,ALL,3,20,2018,ALL,1,20,-2
EPL,Manchester City,2018,ALL,1,20,2019,ALL,1,20,0
EPL,Manchester City,2019,ALL,1,20,2020,ALL,2,20,1
EPL,Manchester City,2020,ALL,2,20,2021,ALL,1,20,-1
EPL,Manchester City,2021,ALL,1,20,2022,ALL,1,20,0
EPL,Manchester City,2022,ALL,1,20,2023,ALL,1,20,0
EPL,Manchester City,2023,ALL,1,20,2024,ALL,1,20,0
EPL,Manchester City,2024,ALL,1,20,2025,ALL,3,20,2
EPL,Queens Park Rangers,2012,ALL,17,20,2013,ALL,20,20,3
EPL,Bolton Wanderers,2002,ALL,16,20,2003,ALL,17,20,1
EPL,Bolton Wanderers,2003,ALL,17,20,2004,ALL,8,20,-9
EPL,Bolton Wanderers,2004,ALL,8,20,2005,ALL,6,20,-2
EPL,Bolton Wanderers,2005,ALL,6,20,2006,ALL,8,20,2
EPL,Bolton Wanderers,2006,ALL,8,20,2007,ALL,7,20,-1
EPL,Bolton Wanderers,2007,ALL,7,20,2008,ALL,16,20,9
EPL,Bolton Wanderers,2008,ALL,16,20,2009,ALL,13,20,-3
EPL,Bolton Wanderers,2009,ALL,13,20,2010,ALL,14,20,1
EPL,Bolton Wanderers,2010,ALL,14,20,2011,ALL,14,20,0
EPL,Bolton Wanderers,2011,ALL,14,20,2012,ALL,18,20,4
EPL,Leicester City,1997,ALL,9,20,1998,ALL,10,20,1
EPL,Leicester City,1998,ALL,10,20,1999,ALL,10,20,0
EPL,Leicester City,1999,ALL,10,20,2000,ALL,8,20,-2
EPL,Leicester City,2000,ALL,8,20,2001,ALL,13,20,5
EPL,Leicester City,2001,ALL,13,20,2002,ALL,20,20,7
EPL,Leicester City,2015,ALL,14,20,2016,ALL,1,20,-13
EPL,Leicester City,2016,ALL,1,20,2017,ALL,12,20,11
EPL,Leicester City,2017,ALL,12,20,2018,ALL,9,20,-3
EPL,Leicester City,2018,ALL,9,20,2019,ALL,9,20,0
EPL,Leicester City,2019,ALL,9,20,2020,ALL,5,20,-4
EPL,Leicester City,2020,ALL,5,20,2021,ALL,5,20,0
EPL,Leicester City,2021,ALL,5,20,2022,ALL,8,20,3
EPL,Leicester City,2022,ALL,8,20,2023,ALL,18,20,10
EPL,Derby County,1997,ALL,12,20,1998,ALL,9,20,-3
EPL,Derby County,1998,ALL,9,20,1999,ALL,8,20,-1
EPL,Derby County,1999,ALL,8,20,2000,ALL,16,20,8
EPL,Derby County,2000,ALL,16,20,2001,ALL,17,20,1
EPL,Derby County,2001,ALL,17,20,2002,ALL,19,20,2
EPL,Sunderland,2000,ALL,7,20,2001,ALL,7,20,0
EPL,Sunderland,2001,ALL,7,20,2002,ALL,17,20,10
EPL,Sunderland,2002,ALL,17,20,2003,ALL,20,20,3
EPL,Sunderland,2008,ALL,15,20,2009,ALL,16,20,1
EPL,Sunderland,2009,ALL,16,20,2010,ALL,13,20,-3
EPL,Sunderland,2010,ALL,13,20,2011,ALL,10,20,-3
EPL,Sunderland,2011,ALL,10,20,2012,ALL,13,20,3
EPL,Sunderland,2012,ALL,13,20,2013,ALL,17,20,4
EPL,Sunderland,2013,ALL,17,20,2014,ALL,14,20,-3
EPL,Sunderland,2014,ALL,14,20,2015,ALL,16,20,2
EPL,Sunderland,2015,ALL,16,20,2016,ALL,17,20,1
EPL,Sunderland,2016,ALL,17,20,2017,ALL,20,20,3
EPL,Crystal Palace,2014,ALL,11,20,2015,ALL,10,20,-1
EPL,Crystal Palace,2015,ALL,10,20,2016,ALL,15,20,5
EPL,Crystal Palace,2016,ALL,15,20,2017,ALL,14,20,-1
EPL,Crystal Palace,2017,ALL,14,20,2018,ALL,11,20,-3
EPL,Crystal Palace,2018,ALL,11,20,2019,ALL,12,20,1
EPL,Crystal Palace,2019,ALL,12,20,2020,ALL,14,20,2
EPL,Crystal Palace,2020,ALL,14,20,2021,ALL,14,20,0
EPL,Crystal Palace,2021,ALL,14,20,2022,ALL,12,20,-2
EPL,Crystal Palace,2022,ALL,12,20,2023,ALL,11,20,-1
EPL,Crystal Palace,2023,ALL,11,20,2024,ALL,10,20,-1
EPL,Crystal Palace,2024,ALL,10,20,2025,ALL,12,20,2
EPL,Charlton Athletic,2001,ALL,9,20,2002,ALL,14,20,5
EPL,Charlton Athletic,2002,ALL,14,20,2003,ALL,12,20,-2
EPL,Charlton Athletic,2003,ALL,12,20,2004,ALL,7,20,-5
EPL,Charlton Athletic,2004,ALL,7,20,2005,ALL,11,20,4
EPL,Charlton Athletic,2005,ALL,11,20,2006,ALL,13,20,2
EPL,Charlton Athletic,2006,ALL,13,20,2007,ALL,19,20,6
EPL,Bradford City,2000,ALL,17,20,2001,ALL,20,20,3
EPL,Watford,2016,ALL,13,20,2017,ALL,17,20,4
EPL,Watford,2017,ALL,17,20,2018,ALL,14,20,-3
EPL,Watford,2018,ALL,14,20,2019,ALL,11,20,-3
EPL,Watford,2019,ALL,11,20,2020,ALL,19,20,8
EPL,Ipswich Town,2001,ALL,5,20,2002,ALL,18,20,13
EPL,Fulham,2002,ALL,13,20,2003,ALL,14,20,1
EPL,Fulham,2003,ALL,14,20,2004,ALL,9,20,-5
EPL,Fulham,2004,ALL,9,20,2005,ALL,13,20,4
EPL,Fulham,2005,ALL,13,20,2006,ALL,12,20,-1
EPL,Fulham,2006,ALL,12,20,2007,ALL,16,20,4
EPL,Fulham,2007,ALL,16,20,2008,ALL,17,20,1
EPL,Fulham,2008,ALL,17,20,2009,ALL,7,20,-10
EPL,Fulham,2009,ALL,7,20,2010,ALL,12,20,5
EPL,Fulham,2010,ALL,12,20,2011,ALL,8,20,-4
EPL,Fulham,2011,ALL,8,20,2012,ALL,9,20,1
EPL,Fulham,2012,ALL,9,20,2013,ALL,12,20,3
EPL,Fulham,2013,ALL,12,20,2014,ALL,19,20,7
EPL,Fulham,2023,ALL,10,20,2024,ALL,14,20,4
EPL,Fulham,2024,ALL,14,20,2025,ALL,11,20,-3
EPL,Birmingham City,2003,ALL,13,20,2004,ALL,10,20,-3
EPL,Birmingham City,2004,ALL,10,20,2005,ALL,12,20,2
EPL,Birmingham City,2005,ALL,12,20,2006,ALL,18,20,6
EPL,Birmingham City,2010,ALL,9,20,2011,ALL,18,20,9
EPL,West Bromwich Albion,2005,ALL,17,20,2006,ALL,19,20,2
EPL,West Bromwich Albion,2011,ALL,11,20,2012,ALL,10,20,-1
EPL,West Bromwich Albion,2012,ALL,10,20,2013,ALL,8,20,-2
EPL,West Bromwich Albion,2013,ALL,8,20,2014,ALL,17,20,9
EPL,West Bromwich Albion,2014,ALL,17,20,2015,ALL,13,20,-4
EPL,West Bromwich Albion,2015,ALL,13,20,2016,ALL,14,20,1
EPL,West Bromwich Albion,2016,ALL,14,20,2017,ALL,10,20,-4
EPL,West Bromwich Albion,2017,ALL,10,20,2018,ALL,20,20,10
EPL,Portsmouth,2004,ALL,13,20,2005,ALL,16,20,3
EPL,Portsmouth,2005,ALL,16,20,2006,ALL,17,20,1
EPL,Portsmouth,2006,ALL,17,20,2007,ALL,9,20,-8
EPL,Portsmouth,2007,ALL,9,20,2008,ALL,8,20,-1
EPL,Portsmouth,2008,ALL,8,20,2009,ALL,14,20,6
EPL,Portsmouth,2009,ALL,14,20,2010,ALL,20,20,6
EPL,Wolverhampton Wanderers,2010,ALL,15,20,2011,ALL,17,20,2
EPL,Wolverhampton Wanderers,2011,ALL,17,20,2012,ALL,20,20,3
EPL,Wolverhampton Wanderers,2019,ALL,7,20,2020,ALL,7,20,0
EPL,Wolverhampton Wanderers,2020,ALL,7,20,2021,ALL,13,20,6
EPL,Wolverhampton Wanderers,2021,ALL,13,20,2022,ALL,10,20,-3
EPL,Wolverhampton Wanderers,2022,ALL,10,20,2023,ALL,13,20,3
EPL,Wolverhampton Wanderers,2023,ALL,13,20,2024,ALL,15,20,2
EPL,Wolverhampton Wanderers,2024,ALL,15,20,2025,ALL,16,20,1
EPL,Norwich City,2012,ALL,12,20,2013,ALL,11,20,-1
EPL,Norwich City,2013,ALL,11,20,2014,ALL,18,20,7
EPL,Wigan Athletic,2006,ALL,10,20,2007,ALL,17,20,7
EPL,Wigan Athletic,2007,ALL,17,20,2008,ALL,14,20,-3
EPL,Wigan Athletic,2008,ALL,14,20,2009,ALL,11,20,-3
EPL,Wigan Athletic,2009,ALL,11,20,2010,ALL,16,20,5
EPL,Wigan Athletic,2010,ALL,16,20,2011,ALL,16,20,0
EPL,Wigan Athletic,2011,ALL,16,20,2012,ALL,15,20,-1
EPL,Wigan Athletic,2012,ALL,15,20,2013,ALL,18,20,3
EPL,Reading,2007,ALL,8,20,2008,ALL,18,20,10
EPL,Sheffield United,2020,ALL,9,20,2021,ALL,20,20,11
EPL,Stoke City,2009,ALL,12,20,2010,ALL,11,20,-1
EPL,Stoke City,2010,ALL,11,20,2011,ALL,13,20,2
EPL,Stoke City,2011,ALL,13,20,2012,ALL,14,20,1
EPL,Stoke City,2012,ALL,14,20,2013,ALL,13,20,-1
EPL,Stoke City,2013,ALL,13,20,2014,ALL,9,20,-4
EPL,Stoke City,2014,ALL,9,20,2015,ALL,9,20,0
EPL,Stoke City,2015,ALL,9,20,2016,ALL,9,20,0
EPL,Stoke City,2016,ALL,9,20,2017,ALL,13,20,4
EPL,Stoke City,2017,ALL,13,20,2018,ALL,19,20,6
EPL,Hull City,2009,ALL,17,20,2010,ALL,19,20,2
EPL,Hull City,2014,ALL,16,20,2015,ALL,18,20,2
EPL,Burnley,2017,ALL,16,20,2018,ALL,7,20,-9
EPL,Burnley,2018,ALL,7,20,2019,ALL,15,20,8
EPL,Burnley,2019,ALL,15,20,2020,ALL,10,20,-5
EPL,Burnley,2020,ALL,10,20,2021,ALL,17,20,7
EPL,Burnley,2021,ALL,17,20,2022,ALL,18,20,1
EPL,Swansea City,2012,ALL,11,20,2013,ALL,9,20,-2
EPL,Swansea City,2013,ALL,9,20,2014,ALL,12,20,3
EPL,Swansea City,2014,ALL,12,20,2015,ALL,8,20,-4
EPL,Swansea City,2015,ALL,8,20,2016,ALL,12,20,4
EPL,Swansea City,2016,ALL,12,20,2017,ALL,15,20,3
EPL,Swansea City,2017,ALL,15,20,2018,ALL,18,20,3
EPL,AFC Bournemouth,2016,ALL,16,20,2017,ALL,9,20,-7
EPL,AFC Bournemouth,2017,ALL,9,20,2018,ALL,12,20,3
EPL,AFC Bournemouth,2018,ALL,12,20,2019,ALL,14,20,2
EPL,AFC Bournemouth,2019,ALL,14,20,2020,ALL,18,20,4
EPL,AFC Bournemouth,2023,ALL,15,20,2024,ALL,13,20,-2
EPL,AFC Bournemouth,2024,ALL,13,20,2025,ALL,9,20,-4
EPL,Brighton & Hove Albion,2018,ALL,15,20,2019,ALL,17,20,2
EPL,Brighton & Hove Albion,2019,ALL,17,20,2020,ALL,15,20,-2
EPL,Brighton & Hove Albion,2020,ALL,15,20,2021,ALL,16,20,1
EPL,Brighton & Hove Albion,2021,ALL,16,20,2022,ALL,9,20,-7
EPL,Brighton & Hove Albion,2022,ALL,9,20,2023,ALL,6,20,-3
EPL,Brighton & Hove Albion,2023,ALL,6,20,2024,ALL,11,20,5
EPL,Brighton & Hove Albion,2024,ALL,11,20,2025,ALL,8,20,-3
EPL,Huddersfield Town,2018,ALL,16,20,2019,ALL,20,20,4
EPL,Brentford,2022,ALL,13,20,2023,ALL,9,20,-4
EPL,Brentford,2023,ALL,9,20,2024,ALL,16,20,7
EPL,Brentford,2024,ALL,16,20,2025,ALL,10,20,-6
AFL,Hawthorn,2012,ALL,1,18,2013,ALL,1,18,0
AFL,Hawthorn,2013,ALL,1,18,2014,ALL,2,18,1
AFL,Hawthorn,2014,ALL,2,18,2015,ALL,3,18,1
AFL,Hawthorn,2015,ALL,3,18,2016,ALL,3,18,0
AFL,Hawthorn,2016,ALL,3,18,2017,ALL,12,18,9
AFL,Hawthorn,2017,ALL,12,18,2018,ALL,4,18,-8
AFL,Hawthorn,2018,ALL,4,18,2019,ALL,9,18,5
AFL,Hawthorn,2019,ALL,9,18,2020,ALL,15,18,6
AFL,Hawthorn,2020,ALL,15,18,2021,ALL,14,18,-1
AFL,Hawthorn,2021,ALL,14,18,2022,ALL,13,18,-1
AFL,Hawthorn,2022,ALL,13,18,2023,ALL,16,18,3
AFL,Hawthorn,2023,ALL,16,18,2024,ALL,7,18,-9
AFL,Adelaide,2012,ALL,2,18,2013,ALL,11,18,9
AFL,Adelaide,2013,ALL,11,18,2014,ALL,10,18,-1
AFL,Adelaide,2014,ALL,10,18,2015,ALL,7,18,-3
AFL,Adelaide,2015,ALL,7,18,2016,ALL,5,18,-2
AFL,Adelaide,2016,ALL,5,18,2017,ALL,1,18,-4
AFL,Adelaide,2017,ALL,1,18,2018,ALL,12,18,11
AFL,Adelaide,2018,ALL,12,18,2019,ALL,11,18,-1
AFL,Adelaide,2019,ALL,11,18,2020,ALL,18,18,7
AFL,Adelaide,2020,ALL,18,18,2021,ALL,15,18,-3
AFL,Adelaide,2021,ALL,15,18,2022,ALL,14,18,-1
AFL,Adelaide,2022,ALL,14,18,2023,ALL,10,18,-4
AFL,Adelaide,2023,ALL,10,18,2024,ALL,15,18,5
AFL,Sydney,2012,ALL,3,18,2013,ALL,4,18,1
AFL,Sydney,2013,ALL,4,18,2014,ALL,1,18,-3
AFL,Sydney,2014,ALL,1,18,2015,ALL,4,18,3
AFL,Sydney,2015,ALL,4,18,2016,ALL,1,18,-3
AFL,Sydney,2016,ALL,1,18,2017,ALL,6,18,5
AFL,Sydney,2017,ALL,6,18,2018,ALL,6,18,0
AFL,Sydney,2018,ALL,6,18,2019,ALL,15,18,9
AFL,Sydney,2019,ALL,15,18,2020,ALL,16,18,1
AFL,Sydney,2020,ALL,16,18,2021,ALL,6,18,-10
AFL,Sydney,2021,ALL,6,18,2022,ALL,3,18,-3
AFL,Sydney,2022,ALL,3,18,2023,ALL,8,18,5
AFL,Sydney,2023,ALL,8,18,2024,ALL,1,18,-7
AFL,Collingwood,2012,ALL,4,18,2013,ALL,6,18,2
AFL,Collingwood,2013,ALL,6,18,2014,ALL,11,18,5
AFL,Collingwood,2014,ALL,11,18,2015,ALL,12,18,1
AFL,Collingwood,2015,ALL,12,18,2016,ALL,12,18,0
AFL,Collingwood,2016,ALL,12,18,2017,ALL,13,18,1
AFL,Collingwood,2017,ALL,13,18,2018,ALL,3,18,-10
AFL,Collingwood,2018,ALL,3,18,2019,ALL,4,18,1
AFL,Collingwood,2019,ALL,4,18,2020,ALL,8,18,4
AFL,Collingwood,2020,ALL,8,18,2021,ALL,17,18,9
AFL,Collingwood,2021,ALL,17,18,2022,ALL,4,18,-13
AFL,Collingwood,2022,ALL,4,18,2023,ALL,1,18,-3
AFL,Collingwood,2023,ALL,1,18,2024,ALL,9,18,8
AFL,West Coast,2012,ALL,5,18,2013,ALL,13,18,8
AFL,West Coast,2013,ALL,13,18,2014,ALL,9,18,-4
AFL,West Coast,2014,ALL,9,18,2015,ALL,2,18,-7
AFL,West Coast,2015,ALL,2,18,2016,ALL,6,18,4
AFL,West Coast,2016,ALL,6,18,2017,ALL,8,18,2
AFL,West Coast,2017,ALL,8,18,2018,ALL,2,18,-6
AFL,West Coast,2018,ALL,2,18,2019,ALL,5,18,3
AFL,West Coast,2019,ALL,5,18,2020,ALL,5,18,0
AFL,West Coast,2020,ALL,5,18,2021,ALL,9,18,4
AFL,West Coast,2021,ALL,9,18,2022,ALL,17,18,8
AFL,West Coast,2022,ALL,17,18,2023,ALL,18,18,1
AFL,West Coast,2023,ALL,18,18,2024,ALL,16,18,-2
AFL,Geelong,2012,ALL,6,18,2013,ALL,2,18,-4
AFL,Geelong,2013,ALL,2,18,2014,ALL,3,18,1
AFL,Geelong,2014,ALL,3,18,2015,ALL,10,18,7
AFL,Geelong,2015,ALL,10,18,2016,ALL,2,18,-8
AFL,Geelong,2016,ALL,2,18,2017,ALL,2,18,0
AFL,Geelong,2017,ALL,2,18,2018,ALL,8,18,6
AFL,Geelong,2018,ALL,8,18,2019,ALL,1,18,-7
AFL,Geelong,2019,ALL,1,18,2020,ALL,4,18,3
AFL,Geelong,2020,ALL,4,18,2021,ALL,3,18,-1
AFL,Geelong,2021,ALL,3,18,2022,ALL,1,18,-2
AFL,Geelong,2022,ALL,1,18,2023,ALL,12,18,11
AFL,Geelong,2023,ALL,12,18,2024,ALL,3,18,-9
AFL,Fremantle,2012,ALL,7,18,2013,ALL,3,18,-4
AFL,Fremantle,2013,ALL,3,18,2014,ALL,4,18,1
AFL,Fremantle,2014,ALL,4,18,2015,ALL,1,18,-3
AFL,Fremantle,2015,ALL,1,18,2016,ALL,16,18,15
AFL,Fremantle,2016,ALL,16,18,2017,ALL,14,18,-2
AFL,Fremantle,2017,ALL,14,18,2018,ALL,14,18,0
AFL,Fremantle,2018,ALL,14,18,2019,ALL,13,18,-1
AFL,Fremantle,2019,ALL,13,18,2020,ALL,12,18,-1
AFL,Fremantle,2020,ALL,12,18,2021,ALL,11,18,-1
AFL,Fremantle,2021,ALL,11,18,2022,ALL,5,18,-6
AFL,Fremantle,2022,ALL,5,18,2023,ALL,14,18,9
AFL,Fremantle,2023,ALL,14,18,2024,ALL,10,18,-4
AFL,North Melbourne,2012,ALL,8,18,2013,ALL,10,18,2
AFL,North Melbourne,2013,ALL,10,18,2014,ALL,6,18,-4
AFL,North Melbourne,2014,ALL,6,18,2015,ALL,8,18,2
AFL,North Melbourne,2015,ALL,8,18,2016,ALL,8,18,0
AFL,North Melbourne,2016,ALL,8,18,2017,ALL,15,18,7
AFL,North Melbourne,2017,ALL,15,18,2018,ALL,9,18,-6
AFL,North Melbourne,2018,ALL,9,18,2019,ALL,12,18,3
AFL,North Melbourne,2019,ALL,12,18,2020,ALL,17,18,5
AFL,North Melbourne,2020,ALL,17,18,2021,ALL,18,18,1
AFL,North Melbourne,2021,ALL,18,18,2022,ALL,18,18,0
AFL,North Melbourne,2022,ALL,18,18,2023,ALL,17,18,-1
AFL,North Melbourne,2023,ALL,17,18,2024,ALL,17,18,0
AFL,St Kilda,2012,ALL,9,18,2013,ALL,16,18,7
AFL,St Kilda,2013,ALL,16,18,2014,ALL,18,18,2
AFL,St Kilda,2014,ALL,18,18,2015,ALL,14,18,-4
AFL,St Kilda,2015,ALL,14,18,2016,ALL,9,18,-5
AFL,St Kilda,2016,ALL,9,18,2017,ALL,11,18,2
AFL,St Kilda,2017,ALL,11,18,2018,ALL,16,18,5
AFL,St Kilda,2018,ALL,16,18,2019,ALL,14,18,-2
AFL,St Kilda,2019,ALL,14,18,2020,ALL,6,18,-8
AFL,St Kilda,2020,ALL,6,18,2021,ALL,10,18,4
AFL,St Kilda,2021,ALL,10,18,2022,ALL,10,18,0
AFL,St Kilda,2022,ALL,10,18,2023,ALL,6,18,-4
AFL,St Kilda,2023,ALL,6,18,2024,ALL,12,18,6
AFL,Carlton,2012,ALL,10,18,2013,ALL,9,18,-1
AFL,Carlton,2013,ALL,9,18,2014,ALL,13,18,4
AFL,Carlton,2014,ALL,13,18,2015,ALL,18,18,5
AFL,Carlton,2015,ALL,18,18,2016,ALL,14,18,-4
AFL,Carlton,2016,ALL,14,18,2017,ALL,16,18,2
AFL,Carlton,2017,ALL,16,18,2018,ALL,18,18,2
AFL,Carlton,2018,ALL,18,18,2019,ALL,16,18,-2
AFL,Carlton,2019,ALL,16,18,2020,ALL,11,18,-5
AFL,Carlton,2020,ALL,11,18,2021,ALL,13,18,2
AFL,Carlton,2021,ALL,13,18,2022,ALL,9,18,-4
AFL,Carlton,2022,ALL,9,18,2023,ALL,5,18,-4
AFL,Carlton,2023,ALL,5,18,2024,ALL,8,18,3
AFL,Essendon,2012,ALL,11,18,2013,ALL,7,18,-4
AFL,Essendon,2013,ALL,7,18,2014,ALL,7,18,0
AFL,Essendon,2014,ALL,7,18,2015,ALL,15,18,8
AFL,Essendon,2015,ALL,15,18,2016,ALL,18,18,3
AFL,Essendon,2016,ALL,18,18,2017,ALL,7,18,-11
AFL,Essendon,2017,ALL,7,18,2018,ALL,11,18,4
AFL,Essendon,2018,ALL,11,18,2019,ALL,8,18,-3
AFL,Essendon,2019,ALL,8,18,2020,ALL,13,18,5
AFL,Essendon,2020,ALL,13,18,2021,ALL,8,18,-5
AFL,Essendon,2021,ALL,8,18,2022,ALL,15,18,7
AFL,Essendon,2022,ALL,15,18,2023,ALL,11,18,-4
AFL,Essendon,2023,ALL,11,18,2024,ALL,11,18,0
AFL,Richmond,2012,ALL,12,18,2013,ALL,5,18,-7
AFL,Richmond,2013,ALL,5,18,2014,ALL,8,18,3
AFL,Richmond,2014,ALL,8,18,2015,ALL,5,18,-3
AFL,Richmond,2015,ALL,5,18,2016,ALL,13,18,8
AFL,Richmond,2016,ALL,13,18,2017,ALL,3,18,-10
AFL,Richmond,2017,ALL,3,18,2018,ALL,1,18,-2
AFL,Richmond,2018,ALL,1,18,2019,ALL,3,18,2
AFL,Richmond,2019,ALL,3,18,2020,ALL,3,18,0
AFL,Richmond,2020,ALL,3,18,2021,ALL,12,18,9
AFL,Richmond,2021,ALL,12,18,2022,ALL,7,18,-5
AFL,Richmond,2022,ALL,7,18,2023,ALL,13,18,6
AFL,Richmond,2023,ALL,13,18,2024,ALL,18,18,5
AFL,Brisbane Lions,2012,ALL,13,18,2013,ALL,12,18,-1
AFL,Brisbane Lions,2013,ALL,12,18,2014,ALL,15,18,3
AFL,Brisbane Lions,2014,ALL,15,18,2015,ALL,17,18,2
AFL,Brisbane Lions,2015,ALL,17,18,2016,ALL,17,18,0
AFL,Brisbane Lions,2016,ALL,17,18,2017,ALL,18,18,1
AFL,Brisbane Lions,2017,ALL,18,18,2018,ALL,15,18,-3
AFL,Brisbane Lions,2018,ALL,15,18,2019,ALL,2,18,-13
AFL,Brisbane Lions,2019,ALL,2,18,2020,ALL,2,18,0
AFL,Brisbane Lions,2020,ALL,2,18,2021,ALL,4,18,2
AFL,Brisbane Lions,2021,ALL,4,18,2022,ALL,6,18,2
AFL,Brisbane Lions,2022,ALL,6,18,2023,ALL,2,18,-4
AFL,Brisbane Lions,2023,ALL,2,18,2024,ALL,5,18,3
AFL,Port Adelaide,2012,ALL,14,18,2013,ALL,8,18,-6
AFL,Port Adelaide,2013,ALL,8,18,2014,ALL,5,18,-3
AFL,Port Adelaide,2014,ALL,5,18,2015,ALL,9,18,4
AFL,Port Adelaide,2015,ALL,9,18,2016,ALL,10,18,1
AFL,Port Adelaide,2016,ALL,10,18,2017,ALL,5,18,-5
AFL,Port Adelaide,2017,ALL,5,18,2018,ALL,10,18,5
AFL,Port Adelaide,2018,ALL,10,18,2019,ALL,10,18,0
AFL,Port Adelaide,2019,ALL,10,18,2020,ALL,1,18,-9
AFL,Port Adelaide,2020,ALL,1,18,2021,ALL,2,18,1
AFL,Port Adelaide,2021,ALL,2,18,2022,ALL,11,18,9
AFL,Port Adelaide,2022,ALL,11,18,2023,ALL,3,18,-8
AFL,Port Adelaide,2023,ALL,3,18,2024,ALL,2,18,-1
AFL,Footscray,2012,ALL,15,18,2013,ALL,15,18,0
AFL,Footscray,2013,ALL,15,18,2014,ALL,14,18,-1
AFL,Footscray,2014,ALL,14,18,2015,ALL,6,18,-8
AFL,Footscray,2015,ALL,6,18,2016,ALL,7,18,1
AFL,Footscray,2016,ALL,7,18,2017,ALL,10,18,3
AFL,Footscray,2017,ALL,10,18,2018,ALL,13,18,3
AFL,Footscray,2018,ALL,13,18,2019,ALL,7,18,-6
AFL,Footscray,2019,ALL,7,18,2020,ALL,7,18,0
AFL,Footscray,2020,ALL,7,18,2021,ALL,5,18,-2
AFL,Footscray,2021,ALL,5,18,2022,ALL,8,18,3
AFL,Footscray,2022,ALL,8,18,2023,ALL,9,18,1
AFL,Footscray,2023,ALL,9,18,2024,ALL,6,18,-3
AFL,Melbourne,2012,ALL,16,18,2013,ALL,17,18,1
AFL,Melbourne,2013,ALL,17,18,2014,ALL,17,18,0
AFL,Melbourne,2014,ALL,17,18,2015,ALL,13,18,-4
AFL,Melbourne,2015,ALL,13,18,2016,ALL,11,18,-2
AFL,Melbourne,2016,ALL,11,18,2017,ALL,9,18,-2
AFL,Melbourne,2017,ALL,9,18,2018,ALL,5,18,-4
AFL,Melbourne,2018,ALL,5,18,2019,ALL,17,18,12
AFL,Melbourne,2019,ALL,17,18,2020,ALL,9,18,-8
AFL,Melbourne,2020,ALL,9,18,2021,ALL,1,18,-8
AFL,Melbourne,2021,ALL,1,18,2022,ALL,2,18,1
AFL,Melbourne,2022,ALL,2,18,2023,ALL,4,18,2
AFL,Melbourne,2023,ALL,4,18,2024,ALL,14,18,10
AFL,Gold Coast,2012,ALL,17,18,2013,ALL,14,18,-3
AFL,Gold Coast,2013,ALL,14,18,2014,ALL,12,18,-2
AFL,Gold Coast,2014,ALL,12,18,2015,ALL,16,18,4
AFL,Gold Coast,2015,ALL,16,18,2016,ALL,15,18,-1
AFL,Gold Coast,2016,ALL,15,18,2017,ALL,17,18,2
AFL,Gold Coast,2017,ALL,17,18,2018,ALL,17,18,0
AFL,Gold Coast,2018,ALL,17,18,2019,ALL,18,18,1
AFL,Gold Coast,2019,ALL,18,18,2020,ALL,14,18,-4
AFL,Gold Coast,2020,ALL,14,18,2021,ALL,16,18,2
AFL,Gold Coast,2021,ALL,16,18,2022,ALL,12,18,-4
AFL,Gold Coast,2022,ALL,12,18,2023,ALL,15,18,3
AFL,Gold Coast,2023,ALL,15,18,2024,ALL,13,18,-2
AFL,GWS,2012,ALL,18,18,2013,ALL,18,18,0
AFL,GWS,2013,ALL,18,18,2014,ALL,16,18,-2
AFL,GWS,2014,ALL,16,18,2015,ALL,11,18,-5
AFL,GWS,2015,ALL,11,18,2016,ALL,4,18,-7
AFL,GWS,2016,ALL,4,18,2017,ALL,4,18,0
AFL,GWS,2017,ALL,4,18,2018,ALL,7,18,3
AFL,GWS,2018,ALL,7,18,2019,ALL,6,18,-1
AFL,GWS,2019,ALL,6,18,2020,ALL,10,18,4
AFL,GWS,2020,ALL,10,18,2021,ALL,7,18,-3
AFL,GWS,2021,ALL,7,18,2022,ALL,16,18,9
AFL,GWS,2022,ALL,16,18,2023,ALL,7,18,-9
AFL,GWS,2023,ALL,7,18,2024,ALL,4,18,-3
NRL,Melbourne Storm,2007,ALL,1,16,2008,ALL,1,16,0
NRL,Melbourne Storm,2008,ALL,1,16,2009,ALL,4,16,3
NRL,Melbourne Storm,2009,ALL,4,16,2010,ALL,16,16,12
NRL,Melbourne Storm,2010,ALL,16,16,2011,ALL,1,16,-15
NRL,Melbourne Storm,2011,ALL,1,16,2012,ALL,2,16,1
NRL,Melbourne Storm,2012,ALL,2,16,2013,ALL,3,16,1
NRL,Melbourne Storm,2013,ALL,3,16,2014,ALL,6,16,3
NRL,Melbourne Storm,2014,ALL,6,16,2015,ALL,4,16,-2
NRL,Melbourne Storm,2015,ALL,4,16,2016,ALL,1,16,-3
NRL,Melbourne Storm,2016,ALL,1,16,2017,ALL,1,16,0
NRL,Melbourne Storm,2017,ALL,1,16,2018,ALL,2,16,1
NRL,Melbourne Storm,2018,ALL,2,16,2019,ALL,1,16,-1
NRL,Melbourne Storm,2019,ALL,1,16,2020,ALL,2,16,1
NRL,Melbourne Storm,2020,ALL,2,16,2021,ALL,1,16,-1
NRL,Melbourne Storm,2021,ALL,1,16,2022,ALL,5,16,4
NRL,Melbourne Storm,2022,ALL,5,16,2023,ALL,3,17,-2
NRL,Melbourne Storm,2023,ALL,3,17,2024,ALL,1,17,-2
NRL,Melbourne Storm,2024,ALL,1,17,2025,ALL,2,17,1
NRL,Manly Warringah Sea Eagles,2007,ALL,2,16,2008,ALL,2,16,0
NRL,Manly Warringah Sea Eagles,2008,ALL,2,16,2009,ALL,5,16,3
NRL,Manly Warringah Sea Eagles,2009,ALL,5,16,2010,ALL,8,16,3
NRL,Manly Warringah Sea Eagles,2010,ALL,8,16,2011,ALL,2,16,-6
NRL,Manly Warringah Sea Eagles,2011,ALL,2,16,2012,ALL,4,16,2
NRL,Manly Warringah Sea Eagles,2012,ALL,4,16,2013,ALL,4,16,0
NRL,Manly Warringah Sea Eagles,2013,ALL,4,16,2014,ALL,2,16,-2
NRL,Manly Warringah Sea Eagles,2014,ALL,2,16,2015,ALL,9,16,7
NRL,Manly Warringah Sea Eagles,2015,ALL,9,16,2016,ALL,13,16,4
NRL,Manly Warringah Sea Eagles,2016,ALL,13,16,2017,ALL,6,16,-7
NRL,Manly Warringah Sea Eagles,2017,ALL,6,16,2018,ALL,15,16,9
NRL,Manly Warringah Sea Eagles,2018,ALL,15,16,2019,ALL,6,16,-9
NRL,Manly Warringah Sea Eagles,2019,ALL,6,16,2020,ALL,13,16,7
NRL,Manly Warringah Sea Eagles,2020,ALL,13,16,2021,ALL,4,16,-9
NRL,Manly Warringah Sea Eagles,2021,ALL,4,16,2022,ALL,11,16,7
NRL,Manly Warringah Sea Eagles,2022,ALL,11,16,2023,ALL,12,17,1
NRL,Manly Warringah Sea Eagles,2023,ALL,12,17,2024,ALL,7,17,-5
NRL,Manly Warringah Sea Eagles,2024,ALL,7,17,2025,ALL,10,17,3
NRL,North Queensland Cowboys,2007,ALL,3,16,2008,ALL,15,16,12
NRL,North Queensland Cowboys,2008,ALL,15,16,2009,ALL,12,16,-3
NRL,North Queensland Cowboys,2009,ALL,12,16,2010,ALL,15,16,3
NRL,North Queensland Cowboys,2010,ALL,15,16,2011,ALL,7,16,-8
NRL,North Queensland Cowboys,2011,ALL,7,16,2012,ALL,5,16,-2
NRL,North Queensland Cowboys,2012,ALL,5,16,2013,ALL,8,16,3
NRL,North Queensland Cowboys,2013,ALL,8,16,2014,ALL,5,16,-3
NRL,North Queensland Cowboys,2014,ALL,5,16,2015,ALL,3,16,-2
NRL,North Queensland Cowboys,2015,ALL,3,16,2016,ALL,4,16,1
NRL,North Queensland Cowboys,2016,ALL,4,16,2017,ALL,8,16,4
NRL,North Queensland Cowboys,2017,ALL,8,16,2018,ALL,13,16,5
NRL,North Queensland Cowboys,2018,ALL,13,16,2019,ALL,14,16,1
NRL,North Queensland Cowboys,2019,ALL,14,16,2020,ALL,14,16,0
NRL,North Queensland Cowboys,2020,ALL,14,16,2021,ALL,15,16,1
NRL,North Queensland Cowboys,2021,ALL,15,16,2022,ALL,3,16,-12
NRL,North Queensland Cowboys,2022,ALL,3,16,2023,ALL,11,17,8
NRL,North Queensland Cowboys,2023,ALL,11,17,2024,ALL,5,17,-6
NRL,North Queensland Cowboys,2024,ALL,5,17,2025,ALL,12,17,7
NRL,Warriors,2007,ALL,4,16,2008,ALL,8,16,4
NRL,Warriors,2008,ALL,8,16,2009,ALL,14,16,6
NRL,Warriors,2009,ALL,14,16,2010,ALL,5,16,-9
NRL,Warriors,2010,ALL,5,16,2011,ALL,6,16,1
NRL,Warriors,2011,ALL,6,16,2012,ALL,14,16,8
NRL,Warriors,2012,ALL,14,16,2013,ALL,11,16,-3
NRL,Warriors,2013,ALL,11,16,2014,ALL,9,16,-2
NRL,Warriors,2014,ALL,9,16,2015,ALL,13,16,4
NRL,Warriors,2015,ALL,13,16,2016,ALL,10,16,-3
NRL,Warriors,2016,ALL,10,16,2017,ALL,13,16,3
NRL,Warriors,2017,ALL,13,16,2018,ALL,8,16,-5
NRL,Warriors,2018,ALL,8,16,2019,ALL,13,16,5
NRL,Warriors,2019,ALL,13,16,2020,ALL,10,16,-3
NRL,Warriors,2020,ALL,10,16,2021,ALL,12,16,2
NRL,Warriors,2021,ALL,12,16,2022,ALL,15,16,3
NRL,Warriors,2022,ALL,15,16,2023,ALL,4,17,-11
NRL,Warriors,2023,ALL,4,17,2024,ALL,13,17,9
NRL,Warriors,2024,ALL,13,17,2025,ALL,6,17,-7
NRL,Parramatta Eels,2007,ALL,5,16,2008,ALL,11,16,6
NRL,Parramatta Eels,2008,ALL,11,16,2009,ALL,8,16,-3
NRL,Parramatta Eels,2009,ALL,8,16,2010,ALL,12,16,4
NRL,Parramatta Eels,2010,ALL,12,16,2011,ALL,14,16,2
NRL,Parramatta Eels,2011,ALL,14,16,2012,ALL,16,16,2
NRL,Parramatta Eels,2012,ALL,16,16,2013,ALL,16,16,0
NRL,Parramatta Eels,2013,ALL,16,16,2014,ALL,10,16,-6
NRL,Parramatta Eels,2014,ALL,10,16,2015,ALL,12,16,2
NRL,Parramatta Eels,2015,ALL,12,16,2016,ALL,14,16,2
NRL,Parramatta Eels,2016,ALL,14,16,2017,ALL,4,16,-10
NRL,Parramatta Eels,2017,ALL,4,16,2018,ALL,16,16,12
NRL,Parramatta Eels,2018,ALL,16,16,2019,ALL,5,16,-11
NRL,Parramatta Eels,2019,ALL,5,16,2020,ALL,3,16,-2
NRL,Parramatta Eels,2020,ALL,3,16,2021,ALL,6,16,3
NRL,Parramatta Eels,2021,ALL,6,16,2022,ALL,4,16,-2
NRL,Parramatta Eels,2022,ALL,4,16,2023,ALL,10,17,6
NRL,Parramatta Eels,2023,ALL,10,17,2024,ALL,15,17,5
NRL,Parramatta Eels,2024,ALL,15,17,2025,ALL,11,17,-4
NRL,Bulldogs,2007,ALL,6,16,2008,ALL,16,16,10
NRL,Bulldogs,2008,ALL,16,16,2009,ALL,2,16,-14
NRL,South Sydney Rabbitohs,2007,ALL,7,16,2008,ALL,14,16,7
NRL,South Sydney Rabbitohs,2008,ALL,14,16,2009,ALL,10,16,-4
NRL,South Sydney Rabbitohs,2009,ALL,10,16,2010,ALL,9,16,-1
NRL,South Sydney Rabbitohs,2010,ALL,9,16,2011,ALL,10,16,1
NRL,South Sydney Rabbitohs,2011,ALL,10,16,2012,ALL,3,16,-7
NRL,South Sydney Rabbitohs,2012,ALL,3,16,2013,ALL,2,16,-1
NRL,South Sydney Rabbitohs,2013,ALL,2,16,2014,ALL,3,16,1
NRL,South Sydney Rabbitohs,2014,ALL,3,16,2015,ALL,7,16,4
NRL,South Sydney Rabbitohs,2015,ALL,7,16,2016,ALL,12,16,5
NRL,South Sydney Rabbitohs,2016,ALL,12,16,2017,ALL,12,16,0
NRL,South Sydney Rabbitohs,2017,ALL,12,16,2018,ALL,3,16,-9
NRL,South Sydney Rabbitohs,2018,ALL,3,16,2019,ALL,3,16,0
NRL,South Sydney Rabbitohs,2019,ALL,3,16,2020,ALL,6,16,3
NRL,South Sydney Rabbitohs,2020,ALL,6,16,2021,ALL,3,16,-3
NRL,South Sydney Rabbitohs,2021,ALL,3,16,2022,ALL,7,16,4
NRL,South Sydney Rabbitohs,2022,ALL,7,16,2023,ALL,9,17,2
NRL,South Sydney Rabbitohs,2023,ALL,9,17,2024,ALL,16,17,7
NRL,South Sydney Rabbitohs,2024,ALL,16,17,2025,ALL,14,17,-2
NRL,Brisbane Broncos,2007,ALL,8,16,2008,ALL,5,16,-3
NRL,Brisbane Broncos,2008,ALL,5,16,2009,ALL,6,16,1
NRL,Brisbane Broncos,2009,ALL,6,16,2010,ALL,10,16,4
NRL,Brisbane Broncos,2010,ALL,10,16,2011,ALL,3,16,-7
NRL,Brisbane Broncos,2011,ALL,3,16,2012,ALL,8,16,5
NRL,Brisbane Broncos,2012,ALL,8,16,2013,ALL,12,16,4
NRL,Brisbane Broncos,2013,ALL,12,16,2014,ALL,8,16,-4
NRL,Brisbane Broncos,2014,ALL,8,16,2015,ALL,2,16,-6
NRL,Brisbane Broncos,2015,ALL,2,16,2016,ALL,5,16,3
NRL,Brisbane Broncos,2016,ALL,5,16,2017,ALL,3,16,-2
NRL,Brisbane Broncos,2017,ALL,3,16,2018,ALL,5,16,2
NRL,Brisbane Broncos,2018,ALL,5,16,2019,ALL,8,16,3
NRL,Brisbane Broncos,2019,ALL,8,16,2020,ALL,16,16,8
NRL,Brisbane Broncos,2020,ALL,16,16,2021,ALL,14,16,-2
NRL,Brisbane Broncos,2021,ALL,14,16,2022,ALL,9,16,-5
NRL,Brisbane Broncos,2022,ALL,9,16,2023,ALL,2,17,-7
NRL,Brisbane Broncos,2023,ALL,2,17,2024,ALL,12,17,10
NRL,Brisbane Broncos,2024,ALL,12,17,2025,ALL,4,17,-8
NRL,Wests Tigers,2007,ALL,9,16,2008,ALL,10,16,1
NRL,Wests Tigers,2008,ALL,10,16,2009,ALL,9,16,-1
NRL,Wests Tigers,2009,ALL,9,16,2010,ALL,3,16,-6
NRL,Wests Tigers,2010,ALL,3,16,2011,ALL,4,16,1
NRL,Wests Tigers,2011,ALL,4,16,2012,ALL,10,16,6
NRL,Wests Tigers,2012,ALL,10,16,2013,ALL,15,16,5
NRL,Wests Tigers,2013,ALL,15,16,2014,ALL,13,16,-2
NRL,Wests Tigers,2014,ALL,13,16,2015,ALL,15,16,2
NRL,Wests Tigers,2015,ALL,15,16,2016,ALL,9,16,-6
NRL,Wests Tigers,2016,ALL,9,16,2017,ALL,14,16,5
NRL,Wests Tigers,2017,ALL,14,16,2018,ALL,9,16,-5
NRL,Wests Tigers,2018,ALL,9,16,2019,ALL,9,16,0
NRL,Wests Tigers,2019,ALL,9,16,2020,ALL,11,16,2
NRL,Wests Tigers,2020,ALL,11,16,2021,ALL,13,16,2
NRL,Wests Tigers,2021,ALL,13,16,2022,ALL,16,16,3
NRL,Wests Tigers,2022,ALL,16,16,2023,ALL,17,17,1
NRL,Wests Tigers,2023,ALL,17,17,2024,ALL,17,17,0
NRL,Wests Tigers,2024,ALL,17,17,2025,ALL,13,17,-4
NRL,Sydney Roosters,2007,ALL,10,16,2008,ALL,4,16,-6
NRL,Sydney Roosters,2008,ALL,4,16,2009,ALL,16,16,12
NRL,Sydney Roosters,2009,ALL,16,16,2010,ALL,6,16,-10
NRL,Sydney Roosters,2010,ALL,6,16,2011,ALL,11,16,5
NRL,Sydney Roosters,2011,ALL,11,16,2012,ALL,13,16,2
NRL,Sydney Roosters,2012,ALL,13,16,2013,ALL,1,16,-12
NRL,Sydney Roosters,2013,ALL,1,16,2014,ALL,1,16,0
NRL,Sydney Roosters,2014,ALL,1,16,2015,ALL,1,16,0
NRL,Sydney Roosters,2015,ALL,1,16,2016,ALL,15,16,14
NRL,Sydney Roosters,2016,ALL,15,16,2017,ALL,2,16,-13
NRL,Sydney Roosters,2017,ALL,2,16,2018,ALL,1,16,-1
NRL,Sydney Roosters,2018,ALL,1,16,2019,ALL,2,16,1
NRL,Sydney Roosters,2019,ALL,2,16,2020,ALL,4,16,2
NRL,Sydney Roosters,2020,ALL,4,16,2021,ALL,5,16,1
NRL,Sydney Roosters,2021,ALL,5,16,2022,ALL,6,16,1
NRL,Sydney Roosters,2022,ALL,6,16,2023,ALL,7,17,1
NRL,Sydney Roosters,2023,ALL,7,17,2024,ALL,3,17,-4
NRL,Sydney Roosters,2024,ALL,3,17,2025,ALL,8,17,5
NRL,Cronulla Sutherland Sharks,2007,ALL,11,16,2008,ALL,3,16,-8
NRL,Cronulla Sutherland Sharks,2008,ALL,3,16,2009,ALL,15,16,12
NRL,Cronulla Sutherland Sharks,2009,ALL,15,16,2010,ALL,14,16,-1
NRL,Cronulla Sutherland Sharks,2010,ALL,14,16,2011,ALL,13,16,-1
NRL,Cronulla Sutherland Sharks,2011,ALL,13,16,2012,ALL,7,16,-6
NRL,Cronulla Sutherland Sharks,2012,ALL,7,16,2013,ALL,5,16,-2
NRL,Cronulla Sutherland Sharks,2013,ALL,5,16,2014,ALL,16,16,11
NRL,Cronulla Sutherland Sharks,2014,ALL,16,16,2015,ALL,6,16,-10
NRL,Cronulla Sutherland Sharks,2015,ALL,6,16,2016,ALL,3,16,-3
NRL,Cronulla Sutherland Sharks,2016,ALL,3,16,2017,ALL,5,16,2
NRL,Cronulla Sutherland Sharks,2017,ALL,5,16,2018,ALL,4,16,-1
NRL,Cronulla Sutherland Sharks,2018,ALL,4,16,2019,ALL,7,16,3
NRL,Cronulla Sutherland Sharks,2019,ALL,7,16,2020,ALL,8,16,1
NRL,Cronulla Sutherland Sharks,2020,ALL,8,16,2021,ALL,9,16,1
NRL,Cronulla Sutherland Sharks,2021,ALL,9,16,2022,ALL,2,16,-7
NRL,Cronulla Sutherland Sharks,2022,ALL,2,16,2023,ALL,6,17,4
NRL,Cronulla Sutherland Sharks,2023,ALL,6,17,2024,ALL,4,17,-2
NRL,Cronulla Sutherland Sharks,2024,ALL,4,17,2025,ALL,5,17,1
NRL,Gold Coast Titans,2007,ALL,12,16,2008,ALL,13,16,1
NRL,Gold Coast Titans,2008,ALL,13,16,2009,ALL,3,16,-10
NRL,Gold Coast Titans,2009,ALL,3,16,2010,ALL,4,16,1
NRL,Gold Coast Titans,2010,ALL,4,16,2011,ALL,16,16,12
NRL,Gold Coast Titans,2011,ALL,16,16,2012,ALL,11,16,-5
NRL,Gold Coast Titans,2012,ALL,11,16,2013,ALL,9,16,-2
NRL,Gold Coast Titans,2013,ALL,9,16,2014,ALL,14,16,5
NRL,Gold Coast Titans,2014,ALL,14,16,2015,ALL,14,16,0
NRL,Gold Coast Titans,2015,ALL,14,16,2016,ALL,8,16,-6
NRL,Gold Coast Titans,2016,ALL,8,16,2017,ALL,15,16,7
NRL,Gold Coast Titans,2017,ALL,15,16,2018,ALL,14,16,-1
NRL,Gold Coast Titans,2018,ALL,14,16,2019,ALL,16,16,2
NRL,Gold Coast Titans,2019,ALL,16,16,2020,ALL,9,16,-7
NRL,Gold Coast Titans,2020,ALL,9,16,2021,ALL,8,16,-1
NRL,Gold Coast Titans,2021,ALL,8,16,2022,ALL,13,16,5
NRL,Gold Coast Titans,2022,ALL,13,16,2023,ALL,14,17,1
NRL,Gold Coast Titans,2023,ALL,14,17,2024,ALL,14,17,0
NRL,Gold Coast Titans,2024,ALL,14,17,2025,ALL,16,17,2
NRL,St George Illawarra Dragons,2007,ALL,13,16,2008,ALL,7,16,-6
NRL,St George Illawarra Dragons,2008,ALL,7,16,2009,ALL,1,16,-6
NRL,St George Illawarra Dragons,2009,ALL,1,16,2010,ALL,1,16,0
NRL,St George Illawarra Dragons,2010,ALL,1,16,2011,ALL,5,16,4
NRL,St George Illawarra Dragons,2011,ALL,5,16,2012,ALL,9,16,4
NRL,St George Illawarra Dragons,2012,ALL,9,16,2013,ALL,14,16,5
NRL,St George Illawarra Dragons,2013,ALL,14,16,2014,ALL,11,16,-3
NRL,St George Illawarra Dragons,2014,ALL,11,16,2015,ALL,8,16,-3
NRL,St George Illawarra Dragons,2015,ALL,8,16,2016,ALL,11,16,3
NRL,St George Illawarra Dragons,2016,ALL,11,16,2017,ALL,9,16,-2
NRL,St George Illawarra Dragons,2017,ALL,9,16,2018,ALL,7,16,-2
NRL,St George Illawarra Dragons,2018,ALL,7,16,2019,ALL,15,16,8
NRL,St George Illawarra Dragons,2019,ALL,15,16,2020,ALL,12,16,-3
NRL,St George Illawarra Dragons,2020,ALL,12,16,2021,ALL,11,16,-1
NRL,St George Illawarra Dragons,2021,ALL,11,16,2022,ALL,10,16,-1
NRL,St George Illawarra Dragons,2022,ALL,10,16,2023,ALL,16,17,6
NRL,St George Illawarra Dragons,2023,ALL,16,17,2024,ALL,11,17,-5
NRL,St George Illawarra Dragons,2024,ALL,11,17,2025,ALL,15,17,4
NRL,Canberra Raiders,2007,ALL,14,16,2008,ALL,6,16,-8
NRL,Canberra Raiders,2008,ALL,6,16,2009,ALL,13,16,7
NRL,Canberra Raiders,2009,ALL,13,16,2010,ALL,7,16,-6
NRL,Canberra Raiders,2010,ALL,7,16,2011,ALL,15,16,8
NRL,Canberra Raiders,2011,ALL,15,16,2012,ALL,6,16,-9
NRL,Canberra Raiders,2012,ALL,6,16,2013,ALL,13,16,7
NRL,Canberra Raiders,2013,ALL,13,16,2014,ALL,15,16,2
NRL,Canberra Raiders,2014,ALL,15,16,2015,ALL,10,16,-5
NRL,Canberra Raiders,2015,ALL,10,16,2016,ALL,2,16,-8
NRL,Canberra Raiders,2016,ALL,2,16,2017,ALL,10,16,8
NRL,Canberra Raiders,2017,ALL,10,16,2018,ALL,10,16,0
NRL,Canberra Raiders,2018,ALL,10,16,2019,ALL,4,16,-6
NRL,Canberra Raiders,2019,ALL,4,16,2020,ALL,5,16,1
NRL,Canberra Raiders,2020,ALL,5,16,2021,ALL,10,16,5
NRL,Canberra Raiders,2021,ALL,10,16,2022,ALL,8,16,-2
NRL,Canberra Raiders,2022,ALL,8,16,2023,ALL,8,17,0
NRL,Canberra Raiders,2023,ALL,8,17,2024,ALL,9,17,1
NRL,Canberra Raiders,2024,ALL,9,17,2025,ALL,1,17,-8
NRL,Newcastle Knights,2007,ALL,15,16,2008,ALL,9,16,-6
NRL,Newcastle Knights,2008,ALL,9,16,2009,ALL,7,16,-2
NRL,Newcastle Knights,2009,ALL,7,16,2010,ALL,11,16,4
NRL,Newcastle Knights,2010,ALL,11,16,2011,ALL,8,16,-3
NRL,Newcastle Knights,2011,ALL,8,16,2012,ALL,12,16,4
NRL,Newcastle Knights,2012,ALL,12,16,2013,ALL,7,16,-5
NRL,Newcastle Knights,2013,ALL,7,16,2014,ALL,12,16,5
NRL,Newcastle Knights,2014,ALL,12,16,2015,ALL,16,16,4
NRL,Newcastle Knights,2015,ALL,16,16,2016,ALL,16,16,0
NRL,Newcastle Knights,2016,ALL,16,16,2017,ALL,16,16,0
NRL,Newcastle Knights,2017,ALL,16,16,2018,ALL,11,16,-5
NRL,Newcastle Knights,2018,ALL,11,16,2019,ALL,11,16,0
NRL,Newcastle Knights,2019,ALL,11,16,2020,ALL,7,16,-4
NRL,Newcastle Knights,2020,ALL,7,16,2021,ALL,7,16,0
NRL,Newcastle Knights,2021,ALL,7,16,2022,ALL,14,16,7
NRL,Newcastle Knights,2022,ALL,14,16,2023,ALL,5,17,-9
NRL,Newcastle Knights,2023,ALL,5,17,2024,ALL,8,17,3
NRL,Newcastle Knights,2024,ALL,8,17,2025,ALL,17,17,9
NRL,Penrith Panthers,2007,ALL,16,16,2008,ALL,12,16,-4
NRL,Penrith Panthers,2008,ALL,12,16,2009,ALL,11,16,-1
NRL,Penrith Panthers,2009,ALL,11,16,2010,ALL,2,16,-9
NRL,Penrith Panthers,2010,ALL,2,16,2011,ALL,12,16,10
NRL,Penrith Panthers,2011,ALL,12,16,2012,ALL,15,16,3
NRL,Penrith Panthers,2012,ALL,15,16,2013,ALL,10,16,-5
NRL,Penrith Panthers,2013,ALL,10,16,2014,ALL,4,16,-6
NRL,Penrith Panthers,2014,ALL,4,16,2015,ALL,11,16,7
NRL,Penrith Panthers,2015,ALL,11,16,2016,ALL,6,16,-5
NRL,Penrith Panthers,2016,ALL,6,16,2017,ALL,7,16,1
NRL,Penrith Panthers,2017,ALL,7,16,2018,ALL,6,16,-1
NRL,Penrith Panthers,2018,ALL,6,16,2019,ALL,10,16,4
NRL,Penrith Panthers,2019,ALL,10,16,2020,ALL,1,16,-9
NRL,Penrith Panthers,2020,ALL,1,16,2021,ALL,2,16,1
NRL,Penrith Panthers,2021,ALL,2,16,2022,ALL,1,16,-1
NRL,Penrith Panthers,2022,ALL,1,16,2023,ALL,1,17,0
NRL,Penrith Panthers,2023,ALL,1,17,2024,ALL,2,17,1
NRL,Penrith Panthers,2024,ALL,2,17,2025,ALL,7,17,5
NRL,Canterbury Bankstown Bulldogs,2010,ALL,13,16,2011,ALL,9,16,-4
NRL,Canterbury Bankstown Bulldogs,2011,ALL,9,16,2012,ALL,1,16,-8
NRL,Canterbury Bankstown Bulldogs,2012,ALL,1,16,2013,ALL,6,16,5
NRL,Canterbury Bankstown Bulldogs,2013,ALL,6,16,2014,ALL,7,16,1
NRL,Canterbury Bankstown Bulldogs,2014,ALL,7,16,2015,ALL,5,16,-2
NRL,Canterbury Bankstown Bulldogs,2015,ALL,5,16,2016,ALL,7,16,2
NRL,Canterbury Bankstown Bulldogs,2016,ALL,7,16,2017,ALL,11,16,4
NRL,Canterbury Bankstown Bulldogs,2017,ALL,11,16,2018,ALL,12,16,1
NRL,Canterbury Bankstown Bulldogs,2018,ALL,12,16,2019,ALL,12,16,0
NRL,Canterbury Bankstown Bulldogs,2019,ALL,12,16,2020,ALL,15,16,3
NRL,Canterbury Bankstown Bulldogs,2020,ALL,15,16,2021,ALL,16,16,1
NRL,Canterbury Bankstown Bulldogs,2021,ALL,16,16,2022,ALL,12,16,-4
NRL,Canterbury Bankstown Bulldogs,2022,ALL,12,16,2023,ALL,15,17,3
NRL,Canterbury Bankstown Bulldogs,2023,ALL,15,17,2024,ALL,6,17,-9
NRL,Canterbury Bankstown Bulldogs,2024,ALL,6,17,2025,ALL,3,17,-3
NRL,Dolphins,2023,ALL,13,17,2024,ALL,10,17,-3
NRL,Dolphins,2024,ALL,10,17,2025,ALL,9,17,-1
