season,home,away,home_score,away_score
2016,GS,MEM,125,104
2016,LAL,UTAH,101,96
2016,PHX,LAC,114,105
2016,POR,DEN,107,99
2016,BOS,MIA,98,88
2016,BKN,TOR,96,103
2016,CHA,ORL,117,103
2016,CLE,DET,110,112
2016,WSH,ATL,109,98
2016,CHI,PHI,115,105
2016,DAL,SA,91,96
2016,HOU,SAC,116,81
2016,MIL,IND,92,97
2016,MIN,NO,144,109
2016,LAC,MEM,110,84
2016,SA,OKC,102,98
2016,DET,MIA,93,99
2016,TOR,PHI,122,98
2016,IND,NY,102,90
2016,PHX,SAC,101,105
2016,UTAH,DAL,92,101
2016,MIN,HOU,105,129
2016,NO,CHI,116,121
2016,OKC,LAL,112,79
2016,BOS,CHA,100,114
2016,BKN,WSH,111,120
2016,CLE,ATL,109,94
2016,ORL,MIL,107,98
2016,NY,TOR,89,93
2016,SA,GS,86,92
2016,IND,BKN,129,105
2016,MIA,ORL,118,96
2016,PHI,MIL,108,109
2016,DEN,UTAH,84,100
2016,HOU,LAL,130,110
2016,LAC,DAL,98,91
2016,WSH,CHA,113,98
2016,POR,MIN,105,106
2016,SAC,OKC,114,112
2016,CHI,CLE,105,102
2016,MEM,GS,99,100
2016,ATL,BOS,118,107
2016,NO,PHX,100,121
2016,DEN,SA,102,98
2016,UTAH,LAC,99,102
2016,DAL,MEM,103,93
2016,NO,LAL,110,102
2016,BOS,MIL,124,109
2016,DET,WSH,112,99
2016,TOR,IND,111,98
2016,CHA,BKN,113,99
2016,ORL,MIA,112,109
2016,PHI,NY,102,109
2016,GS,SA,112,101
2016,SAC,MIN,97,105
2016,ATL,TOR,95,87
2016,MIA,CHI,106,98
2016,HOU,PHX,115,124
2016,LAL,LAC,81,91
2016,POR,OKC,120,115
2016,DAL,HOU,88,86
2016,BOS,NO,104,97
2016,NY,CHA,97,111
2016,IND,CLE,123,109
2016,ORL,DET,104,108
2016,WSH,BKN,121,103
2016,GS,MIN,117,124
2016,LAC,LAL,103,81
2016,SAC,POR,107,115
2016,DEN,OKC,102,124
2016,UTAH,SA,86,88
2016,MIA,DET,107,89
2016,ATL,PHX,103,90
2016,MEM,CHI,108,92
2016,MIL,CLE,80,109
2016,TOR,CHA,96,90
2016,PHI,NO,107,93
2016,LAL,BOS,100,107
2016,GS,POR,136,111
2016,NY,IND,87,92
2016,MIL,CHI,98,102
2016,ORL,MEM,119,107
2016,PHX,UTAH,86,101
2016,CLE,CHA,112,103
2016,HOU,OKC,118,110
2016,MIN,DAL,78,88
2016,LAC,WSH,114,109
2016,BKN,NO,87,106
2016,POR,MIA,110,93
2016,DEN,SAC,106,115
2016,SA,TOR,102,95
2016,CHI,DET,90,94
2016,PHI,IND,102,115
2016,GS,BOS,106,109
2016,PHX,WSH,99,106
2016,SAC,MIA,106,112
2016,UTAH,MIN,98,85
2016,ATL,CLE,108,110
2016,MEM,TOR,95,99
2016,MIL,ORL,113,110
2016,DET,DAL,89,98
2016,NY,BKN,105,91
2016,CHA,PHI,100,91
2016,POR,BOS,116,109
2016,OKC,LAC,119,117
2016,NO,DEN,101,95
2016,CLE,BKN,107,87
2016,IND,ORL,94,114
2016,HOU,CHI,100,103
2016,LAL,MIA,102,100
2016,SAC,WSH,120,111
2016,UTAH,GS,96,103
2016,DAL,NY,91,89
2016,SA,NO,100,92
2016,MEM,DEN,105,109
2016,MIL,PHX,105,94
2016,MIN,LAC,79,99
2016,TOR,ATL,105,97
2016,GS,WSH,102,94
2016,CLE,HOU,100,106
2016,DET,OKC,88,82
2016,IND,CHI,96,98
2016,ORL,BKN,139,105
2016,PHI,CHA,85,100
2016,LAC,BOS,114,90
2016,POR,SAC,105,93
2016,DEN,DAL,88,97
2016,UTAH,LAL,123,75
2016,CHI,ATL,100,102
2016,MEM,SA,87,101
2016,MIN,PHX,121,116
2016,NO,NY,99,91
2016,MIA,BKN,110,99
2016,TOR,OKC,100,119
2016,LAL,WSH,88,101
2016,GS,PHI,117,105
2016,IND,HOU,104,101
2016,SAC,DAL,133,111
2016,LAC,DEN,105,90
2016,PHX,BOS,99,102
2016,POR,PHI,108,105
2016,MIL,CHA,91,115
2016,MIN,UTAH,84,93
2016,OKC,SA,111,92
2016,DET,ATL,95,112
2016,NY,CLE,93,107
2016,ORL,CHI,111,89
2016,NO,TOR,91,115
2016,BKN,IND,120,110
2016,GS,DAL,128,120
2016,LAL,DEN,105,116
2016,SAC,PHX,116,94
2016,SA,MEM,110,104
2016,MIA,ORL,108,97
2016,ATL,MIL,101,90
2016,HOU,TOR,112,109
2016,DET,CHA,112,105
2016,WSH,MIN,129,132
2016,LAC,POR,96,94
2016,OKC,UTAH,113,91
2016,BKN,CLE,104,95
2016,NY,CHI,106,94
2016,IND,NO,92,84
2016,GS,LAC,114,98
2016,PHX,LAL,119,107
2016,POR,DAL,109,103
2016,DEN,PHI,104,103
2016,SA,MIA,112,88
2016,CHI,NY,107,115
2016,HOU,UTAH,87,89
2016,MIN,SAC,113,104
2016,BOS,TOR,91,79
2016,DET,ORL,118,102
2016,WSH,ATL,101,122
2016,CLE,MIL,113,104
2016,LAL,MEM,107,100
2016,NO,MIA,99,113
2016,OKC,HOU,111,107
2016,BKN,CHA,100,105
2016,PHX,MEM,97,103
2016,ATL,WSH,102,117
2016,CHI,SAC,109,102
2016,MIN,GS,104,109
2016,BOS,ORL,107,96
2016,DET,MIL,92,91
2016,CHA,SA,91,88
2016,CLE,DEN,124,91
2016,IND,PHI,91,75
2016,NY,SAC,80,88
2016,MIL,UTAH,85,94
2016,PHI,BOS,105,120
2016,NO,LAC,109,105
2016,TOR,ORL,105,100
2016,DAL,POR,132,120
2016,SA,GS,87,79
2016,CHI,UTAH,92,85
2016,MEM,LAC,113,102
2016,ATL,HOU,109,97
2016,MIA,CLE,122,101
2016,DET,BKN,115,103
2016,IND,OKC,111,115
2016,WSH,NY,99,89
2016,CHA,DEN,93,101
2016,LAL,PHX,90,95
2016,DAL,GS,112,130
2016,HOU,MIN,116,111
2016,NO,POR,112,117
2016,DET,SAC,115,108
2016,TOR,BOS,105,91
2016,ORL,CLE,103,109
2016,PHI,OKC,97,111
2016,UTAH,PHX,103,69
2016,SA,POR,118,110
2016,ATL,DEN,116,98
2016,CHI,BKN,118,102
2016,MIL,MEM,96,86
2016,MIA,CHA,106,109
2016,IND,TOR,94,101
2016,PHI,WSH,94,99
2016,GS,NY,121,85
2016,SAC,NO,108,123
2016,HOU,LAC,106,122
2016,MEM,MIN,108,114
2016,DET,ATL,114,118
2016,BOS,OKC,109,130
2016,CHA,ORL,107,99
2016,CLE,DAL,99,98
2016,WSH,CHI,117,96
2016,LAL,SAC,98,106
2016,SA,LAC,108,87
2016,MIL,TOR,89,107
2016,BKN,PHI,131,114
2016,IND,BOS,103,98
2016,ORL,DEN,116,110
2016,UTAH,CLE,94,85
2016,GS,NO,125,107
2016,PHX,MIN,107,104
2016,WSH,DET,124,81
2016,HOU,MEM,130,81
2016,OKC,POR,128,94
2016,MIA,DEN,124,119
2016,TOR,CHI,107,109
2016,CHA,DAL,96,107
2016,LAL,NY,87,90
2016,BKN,MIL,100,109
2016,ATL,IND,104,75
2016,SAC,UTAH,99,108
2016,LAC,CLE,90,114
2016,GS,PHX,123,116
2016,POR,ORL,121,84
2016,DEN,WSH,116,100
2016,SA,OKC,93,85
2016,ATL,MEM,95,83
2016,MIL,NO,103,92
2016,CHA,HOU,125,109
2016,PHI,DET,111,125
2016,TOR,MIA,112,104
2016,DAL,IND,105,112
2016,GS,POR,128,112
2016,LAC,NY,101,94
2016,SAC,ORL,100,107
2016,UTAH,WSH,114,93
2016,CHI,MIA,96,118
2016,MEM,NO,121,114
2016,OKC,MIN,96,99
2016,BOS,HOU,98,102
2016,CHA,DET,118,103
2016,PHI,BKN,95,89
2016,LAL,CLE,108,120
2016,DEN,PHX,116,98
2016,SA,CHI,109,101
2016,TOR,ATL,104,96
2016,GS,UTAH,115,94
2016,SAC,CLE,111,120
2016,OKC,LAC,120,108
2016,PHX,NY,97,128
2016,DAL,DET,96,102
2016,MIL,MIA,114,108
2016,CHA,NO,122,113
2016,PHI,HOU,104,118
2016,BOS,MEM,116,96
2016,LAL,ORL,107,98
2016,POR,WSH,116,109
2016,DEN,NY,110,94
2016,UTAH,ATL,84,91
2016,MIN,SA,91,116
2016,TOR,BKN,104,99
2016,GS,ORL,119,113
2016,DAL,LAC,90,109
2016,CHI,MIL,100,90
2016,NO,SAC,115,112
2016,CHA,MIN,108,103
2016,CLE,MEM,103,106
2016,IND,SA,99,91
2016,TOR,HOU,107,113
2016,DET,POR,123,103
2016,MIA,PHI,103,98
2016,DEN,DAL,116,114
2016,MEM,PHX,100,109
2016,MIL,OKC,96,104
2016,LAL,GS,112,95
2016,LAC,ATL,97,107
2016,CHI,HOU,108,100
2016,SA,SAC,104,94
2016,MIN,BKN,132,118
2016,CLE,BOS,120,103
2016,NY,DET,102,89
2016,WSH,IND,99,100
2016,NO,UTAH,94,106
2016,LAL,ATL,77,106
2016,DEN,BKN,120,121
2016,CLE,WSH,108,83
2016,MEM,UTAH,94,88
2016,MIL,MIN,116,101
2016,BOS,NY,105,104
2016,TOR,POR,117,115
2016,CHA,IND,108,101
2016,ORL,PHX,84,102
2016,PHI,MIA,102,112
2016,GS,OKC,121,106
2016,DAL,SAC,101,104
2016,NO,SA,86,94
2016,MIA,PHX,108,92
2016,LAC,OKC,103,98
2016,DEN,LAL,117,107
2016,HOU,NO,100,95
2016,MEM,SAC,104,98
2016,MIL,IND,99,104
2016,MIN,WSH,98,104
2016,SA,DET,97,81
2016,BOS,POR,116,93
2016,TOR,UTAH,104,94
2016,ORL,CHI,102,89
2016,PHI,CHA,99,119
2016,GS,ATL,109,105
2016,LAL,BKN,107,101
2016,DAL,ORL,121,108
2016,MIA,CHI,129,111
2016,NY,POR,85,104
2016,CHA,PHX,126,92
2016,LAC,BKN,105,95
2016,SAC,OKC,116,131
2016,DEN,MEM,96,103
2016,MIL,HOU,128,121
2016,BOS,UTAH,100,95
2016,CLE,IND,100,96
2016,WSH,PHI,116,108
2016,NY,MIA,81,98
2016,DAL,MIN,128,101
2016,DET,TOR,114,101
2016,IND,POR,102,111
2016,ORL,PHI,130,116
2016,ATL,CHA,87,76
2016,WSH,CLE,113,99
2016,PHX,MEM,111,106
2016,UTAH,BKN,96,98
2016,MIL,DET,91,102
2016,OKC,GS,118,121
2016,CHI,POR,95,103
2016,HOU,SA,94,104
2016,NO,MIN,110,112
2016,BOS,MIA,101,89
2016,LAL,MEM,95,112
2016,SAC,LAC,107,117
2016,DAL,DEN,122,116
2016,ATL,CHI,103,88
2016,NY,ORL,108,95
2016,TOR,CLE,99,97
2016,IND,CHA,95,96
2016,PHI,WSH,94,103
2016,POR,HOU,105,119
2016,UTAH,SA,78,96
2016,PHX,BKN,106,116
2016,NO,OKC,123,119
2016,BOS,MIL,112,107
2016,ORL,GS,114,130
2016,LAC,DEN,81,87
2016,SAC,SA,92,108
2016,DAL,OKC,103,116
2016,CHI,WSH,109,104
2016,MEM,LAL,128,119
2016,DET,PHI,111,91
2016,MIA,GS,112,118
2016,TOR,MIN,114,105
2016,CLE,CHA,114,103
2016,IND,NY,108,105
2016,POR,BKN,112,104
2016,DEN,SAC,110,114
2016,UTAH,HOU,117,114
2016,PHI,ORL,115,124
2016,WSH,NO,109,89
2016,LAC,PHX,124,84
2016,ATL,GS,92,102
2016,MIL,LAL,108,101
2016,MIN,BOS,124,122
2016,MIA,IND,101,93
2016,NY,TOR,95,122
2016,CLE,DET,88,96
2016,POR,UTAH,115,111
2016,CHI,LAL,126,115
2016,DAL,PHI,129,103
2016,BKN,CHA,96,104
2016,ORL,IND,102,105
2016,TOR,MEM,98,85
2016,DEN,BOS,101,121
2016,PHX,SA,111,118
2016,DET,NO,106,111
2016,OKC,CLE,92,115
2016,LAC,GS,112,115
2016,MIN,NY,95,103
2016,ATL,MIL,109,117
2016,MIA,WSH,114,94
2016,UTAH,BOS,111,93
2016,LAL,SA,113,119
2016,POR,GS,137,105
2016,SAC,DEN,116,110
2016,PHX,HOU,100,116
2016,ATL,MIA,111,115
2016,CHI,TOR,116,106
2016,MEM,MIN,109,104
2016,NO,PHI,121,114
2016,OKC,IND,98,101
2016,MIL,CHA,95,98
2016,BKN,NY,109,98
2016,ORL,DAL,110,104
2016,WSH,DET,98,86
2016,LAC,SA,105,86
2016,CLE,CHI,106,95
2016,WSH,UTAH,103,89
2016,MIL,WSH,99,92
2016,OKC,NO,121,95
2016,POR,HOU,116,103
2016,PHX,GS,104,112
2016,CLE,LAL,120,111
2016,CHI,ATL,90,113
2016,MIN,TOR,117,112
2016,NO,UTAH,100,96
2016,BOS,LAC,139,134
2016,BKN,MEM,90,109
2016,DET,DEN,92,103
2016,IND,CHA,95,117
2016,ORL,SA,96,98
2016,PHI,SAC,110,114
2016,GS,HOU,123,110
2016,DAL,UTAH,119,121
2016,MIA,SA,101,119
2016,NY,WSH,108,111
2016,MIL,BOS,112,111
2016,PHX,OKC,106,122
2016,ATL,ORL,110,117
2016,MEM,POR,106,112
2016,MIN,NO,102,116
2016,BKN,DEN,105,104
2016,DET,TOR,89,103
2016,CHA,CHI,108,91
2016,CLE,SAC,120,100
2016,IND,LAL,89,87
2016,PHI,LAC,92,98
2016,MIA,LAC,93,100
2016,NY,DEN,96,101
2016,ORL,ATL,96,94
2016,BOS,SAC,128,119
2016,PHX,UTAH,89,98
2016,GS,OKC,116,108
2016,SA,LAL,106,102
2016,MEM,DAL,110,114
2016,MIN,CHI,112,105
2016,CLE,NO,99,84
2016,PHI,BKN,103,98
2016,CHA,WSH,108,104
2016,IND,DET,112,104
2016,HOU,POR,79,96
2016,DAL,SA,90,116
2016,DEN,CHI,115,110
2016,UTAH,MIL,84,81
2016,BKN,SAC,128,119
2016,CLE,BOS,103,104
2016,NY,MEM,85,91
2016,ATL,IND,102,96
2016,CHA,MIA,95,98
2016,ORL,LAC,93,107
2016,WSH,PHI,106,94
2016,POR,TOR,103,110
2016,NO,LAL,96,99
2016,PHX,HOU,105,111
2016,DET,NY,111,105
2016,LAC,MIN,102,108
2016,SAC,CHI,102,107
2016,UTAH,DEN,85,81
2016,DAL,MIA,90,93
2016,SA,NO,110,97
2016,WSH,GS,121,134
2016,OKC,ORL,117,114
2016,BOS,DET,102,95
2016,BKN,IND,100,114
2016,CHA,CLE,106,97
2016,PHI,ATL,86,124
2016,LAL,MIN,119,115
2016,POR,MIL,107,95
2016,PHX,TOR,97,104
2016,HOU,MIA,115,102
2016,NY,BOS,89,97
2016,SAC,MIL,111,104
2016,DEN,TOR,112,93
2016,UTAH,CHI,105,96
2016,SA,ORL,107,92
2016,ATL,DAL,112,97
2016,NO,MEM,95,110
2016,OKC,WSH,114,98
2016,BKN,DET,100,105
2016,IND,CLE,106,111
2016,LAL,CHA,82,101
2016,POR,MIN,96,93
2016,NY,GS,95,116
2016,DAL,PHX,91,78
2016,MIA,ATL,105,87
2016,ORL,BOS,119,114
2016,LAC,CHI,120,93
2016,CLE,SA,117,103
2016,HOU,WSH,122,123
2016,MEM,SAC,121,117
2016,IND,DEN,109,105
2016,NO,BKN,105,103
2016,TOR,DET,111,107
2016,PHI,GS,105,108
2016,LAC,LAL,105,93
2016,POR,CHA,109,91
2016,UTAH,MIN,103,90
2016,DAL,BKN,91,79
2016,OKC,HOU,116,108
2016,MIL,MIA,103,107
2016,BOS,ORL,113,94
2016,DET,CLE,106,114
2016,NY,PHX,102,84
2016,LAL,CHI,91,114
2016,TOR,NY,103,93
2016,MEM,MIL,103,83
2016,NO,SAC,114,105
2016,IND,ATL,111,92
2016,WSH,DEN,113,117
2016,GS,DAL,127,107
2016,UTAH,CHA,102,73
2016,ATL,LAC,83,85
2016,MIN,OKC,123,126
2016,SA,HOU,130,99
2016,BOS,DEN,111,103
2016,DET,PHI,110,97
2016,CLE,PHX,115,93
2016,LAL,DAL,90,92
2016,POR,SAC,112,97
2016,MIL,ORL,107,100
2016,BKN,MIA,98,102
2016,NY,OKC,122,128
2016,TOR,WSH,106,89
2016,IND,LAC,89,91
2016,PHI,PHX,113,103
2016,GS,SA,120,90
2016,SAC,CHA,128,129
2016,DEN,ATL,105,119
2016,UTAH,DET,92,95
2016,CHI,MIA,84,89
2016,MEM,ORL,108,102
2016,NO,HOU,111,112
2016,CLE,MIN,114,107
2016,WSH,BOS,91,116
2016,BKN,OKC,116,106
2016,PHI,BOS,92,112
2016,TOR,LAC,112,94
2016,HOU,DAL,115,104
2016,POR,LAL,121,103
2016,SAC,IND,108,97
2016,DEN,DET,104,101
2016,PHX,ATL,98,95
2016,CLE,CHI,83,96
2016,MIN,MEM,106,101
2016,CHA,NY,97,84
2016,NO,MIL,116,99
2016,GS,IND,122,110
2016,LAL,SA,95,108
2016,DAL,OKC,106,109
2016,TOR,MIA,101,81
2016,HOU,MIL,102,98
2016,BOS,CHI,110,101
2016,BKN,UTAH,86,108
2016,NY,LAC,88,116
2016,ORL,CHA,116,120
2016,PHX,SA,89,117
2016,SAC,ATL,91,88
2016,DEN,MEM,101,102
2016,CLE,LAC,115,102
2016,NO,DET,115,99
2016,LAL,SAC,93,112
2016,POR,ATL,98,104
2016,DAL,MIN,106,94
2016,CHI,GS,94,125
2016,HOU,DET,114,123
2016,OKC,CHA,109,95
2016,BKN,CLE,78,91
2016,NY,UTAH,118,111
2016,TOR,BOS,115,109
2016,ORL,PHI,87,96
2016,WSH,MIA,106,87
2016,DEN,OKC,104,110
2016,PHX,IND,94,97
2016,NO,MIN,114,99
2016,MIA,MIL,79,91
2016,LAC,HOU,140,132
2016,DAL,BOS,118,113
2016,CLE,GS,98,132
2016,TOR,BKN,112,100
2016,ATL,ORL,98,81
2016,DET,CHI,101,111
2016,MEM,NO,101,99
2016,CHA,UTAH,124,119
2016,WSH,POR,98,108
2016,NY,PHI,119,113
2016,LAL,HOU,95,112
2016,DEN,IND,129,126
2016,OKC,MIA,99,74
2016,SA,DAL,112,83
2016,MIN,PHX,117,87
2016,LAC,SAC,103,110
2016,UTAH,LAL,109,82
2016,MEM,NY,103,95
2016,ATL,BKN,114,86
2016,WSH,BOS,117,119
2016,DET,GS,113,95
2016,PHI,POR,114,89
2016,CHA,MIL,92,105
2016,HOU,CLE,77,91
2016,DEN,MIA,95,98
2016,CHI,DAL,77,83
2016,NO,CHA,109,107
2016,MIL,ATL,108,101
2016,BOS,PHX,117,103
2016,BKN,POR,104,116
2016,IND,WSH,104,118
2016,OKC,MIN,113,93
2016,GS,LAL,116,98
2016,UTAH,SAC,101,103
2016,MEM,DET,103,101
2016,SA,CLE,99,95
2016,PHI,CHI,111,115
2016,ORL,TOR,103,106
2016,LAC,MIA,104,90
2016,POR,UTAH,99,85
2016,SAC,NO,97,109
2016,DEN,GS,112,110
2016,BOS,IND,103,94
2016,HOU,MIN,107,104
2016,OKC,DAL,108,89
2016,BKN,NY,110,104
2016,CHA,ATL,107,84
2016,WSH,MIL,106,101
2016,LAL,NO,95,91
2016,DAL,CLE,107,110
2016,MEM,HOU,91,107
2016,MIL,CHI,106,101
2016,MIN,OKC,96,101
2016,DET,SA,99,109
2016,NY,BOS,120,114
2016,IND,PHX,116,97
2016,GS,MIA,111,103
2016,CHI,WSH,100,114
2016,BKN,SA,79,106
2016,LAL,UTAH,74,86
2016,POR,OKC,115,110
2016,DEN,CHA,95,92
2016,NY,MIL,100,88
2016,HOU,IND,107,103
2016,PHI,CLE,85,95
2016,MEM,BOS,101,98
2016,MIN,DAL,87,93
2016,LAC,NO,114,111
2016,SAC,GS,116,128
2016,UTAH,MIA,98,83
2016,DET,BKN,103,89
2016,PHI,TOR,95,108
2016,ORL,WSH,99,105
2016,ATL,CHI,120,105
2016,LAC,CHA,97,83
2016,LAL,OKC,113,117
2016,POR,GS,108,128
2016,PHX,MIA,95,103
2016,SA,NY,100,99
2016,MEM,DEN,91,84
2016,MIN,CLE,99,125
2016,NO,IND,86,91
2016,MIL,DAL,96,95
2016,BKN,ORL,77,83
2016,WSH,TOR,88,97
2016,SAC,LAL,118,115
2016,CHI,BOS,101,92
2016,HOU,UTAH,103,94
2016,PHI,ATL,98,126
2016,POR,LAC,98,109
2016,OKC,MEM,112,94
2016,PHX,CHA,111,102
2016,SA,UTAH,123,98
2016,MIN,DEN,74,78
2016,NO,DAL,91,100
2016,BOS,DET,94,99
2016,BKN,TOR,74,91
2016,MIA,NY,90,98
2016,ORL,IND,86,95
2016,WSH,CLE,115,121
2016,LAL,GS,88,109
2016,DAL,SAC,117,116
2016,ATL,NY,101,107
2016,CHI,MIL,117,106
2016,GS,CHA,111,101
2016,POR,MEM,78,91
2016,UTAH,HOU,91,93
2016,MIL,SA,98,123
2016,OKC,SAC,104,116
2016,BKN,BOS,94,103
2016,DET,ORL,115,89
2016,MIA,IND,103,100
2016,CLE,TOR,122,100
2016,PHI,MIN,109,99
2016,LAL,PHX,97,77
2016,DEN,POR,106,112
2016,WSH,MIA,75,97
2016,NY,ATL,111,97
2016,TOR,CHI,113,115
2016,GS,DEN,111,108
2016,LAC,PHI,130,99
2016,UTAH,MEM,92,87
2016,DAL,NO,98,105
2016,SA,HOU,121,103
2016,MIN,MIL,85,95
2016,CLE,ORL,104,79
2016,CHA,OKC,90,109
2016,IND,DET,94,82
2016,SAC,PHX,142,119
2016,BOS,BKN,97,100
2016,LAL,PHI,93,84
2016,CHI,NY,108,81
2016,MIA,DAL,106,82
2016,TOR,CHA,104,94
2016,WSH,ORL,103,91
2016,UTAH,POR,109,96
2016,NO,LAC,89,95
2016,OKC,PHX,110,106
2016,HOU,GS,110,114
2016,IND,MIL,116,120
2016,DET,MIN,115,90
2016,POR,DEN,110,103
2016,SAC,PHI,105,110
2016,DAL,GS,114,91
2016,SA,PHX,112,79
2016,CHI,IND,102,100
2016,MIN,UTAH,94,80
2016,BOS,LAL,104,112
2016,TOR,WSH,94,91
2016,CHA,LAC,117,122
2016,ORL,BKN,100,93
2016,DEN,CLE,87,93
2016,HOU,ATL,115,121
2016,MEM,MIA,99,90
2016,OKC,MIL,131,123
2016,NY,DET,108,96
2016,GS,SAC,122,103
2016,PHX,CLE,97,101
2016,UTAH,PHI,95,91
2016,DAL,MIL,103,93
2016,SA,MIN,101,95
2016,CHI,TOR,104,97
2016,MIA,BKN,105,111
2016,CHA,LAL,108,98
2016,IND,ATL,93,87
2016,ORL,NO,104,89
2016,WSH,LAC,91,108
2016,SAC,POR,94,98
2016,BOS,NY,100,91
2016,OKC,DEN,122,112
2016,MEM,LAL,112,96
2016,POR,CLE,105,76
2016,DAL,CHI,118,111
2016,PHX,PHI,104,111
2016,UTAH,LAC,104,109
2016,SA,DEN,101,86
2016,MIN,IND,88,102
2016,ATL,NY,117,98
2016,DET,BOS,93,99
2016,CHA,MEM,98,92
2016,ORL,MIA,101,108
2016,NO,HOU,110,108
2016,MIL,TOR,90,111
2016,BKN,WSH,96,111
2016,LAL,LAC,84,94
2016,HOU,SA,88,84
2016,GS,CLE,89,83
2016,OKC,CHI,96,105
2016,MIA,NO,94,88
2016,GS,UTAH,103,85
2016,LAL,OKC,85,120
2016,PHX,DEN,96,104
2016,ATL,DET,107,100
2016,MIL,PHI,113,100
2016,MIN,SA,83,108
2016,NO,POR,115,89
2016,BKN,DAL,118,119
2016,CHA,BOS,89,102
2016,CLE,NY,91,84
2016,IND,SAC,106,108
2016,ORL,HOU,104,101
2016,WSH,MEM,100,91
2016,DEN,LAL,107,111
2016,MIA,DET,92,93
2016,TOR,DAL,103,99
2016,PHI,MEM,90,104
2016,LAC,OKC,99,100
2016,UTAH,PHX,110,89
2016,SA,IND,106,92
2016,ATL,POR,106,97
2016,CHI,BKN,102,105
2016,HOU,CHA,102,95
2016,BOS,MIN,113,99
2016,NY,ORL,99,107
2016,WSH,SAC,113,99
2016,DEN,NO,125,130
2016,ORL,ATL,100,103
2016,TOR,SAC,94,104
2016,PHX,MIL,95,101
2016,CLE,PHI,108,86
2016,BKN,MIN,85,100
2016,MIA,POR,116,109
2016,HOU,LAC,107,97
2016,MEM,IND,96,84
2016,NY,CHI,107,91
2016,WSH,CHA,109,101
2016,OKC,LAL,118,78
2016,PHX,NO,104,88
2016,GS,MIL,121,112
2016,UTAH,DEN,97,88
2016,DAL,MEM,97,88
2016,MIA,TOR,94,108
2016,CHI,DET,144,147
2016,MIN,SAC,99,95
2016,SA,LAC,115,107
2016,BOS,ATL,101,109
2016,IND,BKN,104,97
2016,ORL,POR,102,94
2016,PHI,NY,97,107
2016,LAL,HOU,87,107
2016,CLE,OKC,104,100
2016,CHA,TOR,109,99
2016,GS,PHX,128,103
2016,LAC,MIL,103,90
2016,UTAH,NO,94,104
2016,SA,WSH,114,95
2016,ATL,PHI,127,106
2016,CHI,MEM,98,85
2016,OKC,POR,106,90
2016,BKN,MIA,98,104
2016,DET,BOS,119,116
2016,NY,MIN,107,102
2016,IND,DAL,107,81
2016,ORL,CHA,113,98
2016,LAL,MIL,113,95
2016,SAC,HOU,107,97
2016,MIN,DEN,100,112
2016,BOS,CLE,77,89
2016,POR,NO,105,101
2016,DEN,HOU,114,108
2016,DAL,PHX,104,94
2016,SA,UTAH,118,81
2016,ATL,MIA,88,100
2016,CHI,PHI,115,96
2016,MEM,WSH,112,95
2016,BKN,ORL,82,105
2016,DET,LAC,103,105
2016,IND,TOR,106,90
2016,OKC,UTAH,104,98
2016,MIA,MEM,100,97
2016,TOR,PHI,96,76
2016,PHX,MIN,108,101
2016,POR,NY,110,112
2016,DAL,WSH,111,114
2016,MIL,GS,108,95
2016,ATL,SA,78,103
2016,CHI,NO,98,94
2016,HOU,LAL,126,97
2016,DET,IND,118,96
2016,CHA,BOS,93,98
2016,BKN,LAC,100,105
2016,SA,LAL,109,87
2016,PHX,POR,96,106
2016,DEN,MIN,111,108
2016,UTAH,OKC,90,94
2016,MEM,CHA,99,123
2016,NO,WSH,107,105
2016,BOS,GS,119,124
2016,TOR,MIL,90,83
2016,IND,MIA,96,83
2016,ORL,CLE,76,111
2016,PHI,DET,95,107
2016,SAC,NY,99,97
2016,CHI,LAC,83,80
2016,OKC,ATL,107,94
2016,BKN,PHI,100,91
2016,DAL,ATL,95,98
2016,PHX,ORL,107,104
2016,UTAH,NY,106,85
2016,MIL,LAC,95,109
2016,MIN,LAL,123,122
2016,DET,MEM,92,93
2016,TOR,SA,97,94
2016,BOS,CHI,105,100
2016,CHA,MIA,99,81
2016,WSH,HOU,103,109
2016,SAC,UTAH,114,106
2016,DEN,ORL,74,85
2016,MEM,OKC,88,125
2016,BKN,HOU,110,105
2016,CLE,POR,105,100
2016,IND,GS,123,131
2016,CHI,PHX,101,103
2016,MIL,POR,90,88
2016,MIN,LAC,106,110
2016,NO,BOS,93,111
2016,MIA,WSH,103,114
2016,NY,DAL,97,104
2016,TOR,LAL,102,93
2016,CHA,DET,104,84
2016,PHI,SA,68,119
2016,OKC,SAC,98,95
2016,BKN,GS,98,114
2016,DET,LAL,111,91
2016,WSH,DAL,104,116
2016,MEM,PHX,95,93
2016,LAC,ORL,103,101
2016,UTAH,IND,122,119
2016,MIL,NY,106,91
2016,SA,BOS,108,105
2016,MIA,CLE,99,84
2016,CHI,CHA,96,102
2016,HOU,SAC,120,113
2016,MIN,POR,103,109
2016,TOR,GS,109,112
2016,PHI,DEN,105,108
2016,NO,CLE,114,108
2016,DAL,HOU,96,100
2016,ATL,LAL,100,87
2016,DET,MIL,102,95
2016,NY,BKN,108,91
2016,WSH,PHX,109,106
2016,POR,IND,123,111
2016,SAC,BOS,97,114
2016,MEM,SA,83,103
2016,UTAH,ORL,94,103
2016,TOR,DEN,105,106
2016,MIA,OKC,97,95
2016,LAC,IND,91,103
2016,SA,MIL,95,70
2016,ATL,TOR,86,96
2016,CHI,DEN,99,90
2016,HOU,NO,108,101
2016,DET,PHX,127,122
2016,NY,PHI,99,87
2016,CHA,GS,99,116
2016,WSH,LAL,104,108
2016,POR,DAL,112,115
2016,MIN,ORL,93,96
2016,NO,MEM,104,113
2016,BKN,PHX,94,91
2016,CLE,WSH,85,97
2016,PHI,LAL,103,91
2016,LAC,POR,102,87
2016,SAC,DAL,112,98
2016,UTAH,GS,103,106
2016,ATL,OKC,106,100
2016,CHI,SA,92,89
2016,MIL,DEN,92,74
2016,DET,HOU,116,105
2016,MIA,BOS,95,105
2016,LAL,IND,103,107
2016,NY,HOU,111,116
2016,BKN,DET,87,83
2016,ORL,BOS,110,91
2016,TOR,PHX,102,107
2016,MEM,PHI,92,84
2016,LAC,MIN,107,99
2016,CHA,MIL,87,82
2016,GS,SAC,120,101
2016,POR,LAL,108,96
2016,UTAH,NO,101,87
2016,DAL,DEN,92,81
2016,SA,ATL,108,88
2016,CLE,BKN,90,88
2016,WSH,TOR,82,84
2016,LAC,NO,111,90
2016,SAC,MIN,91,101
2016,PHX,GS,116,135
2016,DEN,SA,80,91
2016,IND,CHI,104,92
2016,HOU,PHI,116,114
2016,MEM,ATL,101,116
2016,OKC,DET,103,87
2016,BOS,WSH,111,78
2016,NY,MIA,78,97
2016,CHA,CLE,90,95
2016,ORL,MIL,114,90
2016,LAC,UTAH,91,102
2016,PHX,NO,114,120
2016,SA,DAL,88,83
2016,HOU,MEM,93,102
2016,MIL,SAC,118,129
2016,MIN,ATL,99,95
2016,OKC,BKN,110,99
2016,BOS,PHI,84,80
2016,DET,MIA,104,81
2016,TOR,CLE,103,99
2016,CHA,WSH,101,87
2016,ORL,NY,100,91
2016,GS,LAL,111,77
2016,POR,CHI,88,93
2016,DEN,LAC,94,111
2016,ATL,BOS,121,97
2016,MEM,DAL,110,96
2016,WSH,IND,106,123
2016,UTAH,OKC,89,111
2016,SA,PHX,98,84
2016,MIL,DET,109,88
2016,MIN,PHI,100,95
2016,MIA,NY,95,78
2016,CHA,SAC,127,122
2016,CLE,ORL,117,103
2016,LAL,POR,93,107
2016,DEN,GS,105,118
2016,OKC,DAL,117,114
2016,BKN,BOS,111,101
2016,NO,PHX,122,116
2016,LAC,TOR,80,91
2016,SA,MEM,92,82
2016,MIA,PHI,96,91
2016,HOU,NY,102,107
2016,CLE,ATL,109,97
2016,DET,WSH,95,97
2016,IND,MIL,123,86
2016,ORL,SAC,91,97
2016,GS,CHI,106,94
2016,LAL,TOR,91,102
2016,POR,LAC,102,91
2016,DEN,PHX,107,114
2016,DAL,UTAH,102,93
2016,MEM,HOU,96,84
2016,MIN,DET,86,96
2016,NO,SA,104,90
2016,OKC,NY,90,93
2016,BOS,BKN,120,95
2016,CHA,PHI,113,88
2016,LAC,GS,117,124
2016,CLE,MIL,115,100
2016,MIA,SAC,116,109
2016,PHX,CHI,97,103
2016,UTAH,TOR,93,89
2016,SA,DEN,109,98
2016,ATL,SAC,103,97
2016,HOU,POR,108,103
2016,OKC,NO,110,103
2016,BOS,DAL,102,106
2016,CHA,BKN,116,111
2016,ORL,MIN,104,101
2016,PHI,IND,85,112
2016,GS,TOR,115,110
2016,NO,DEN,98,115
2016,BKN,ATL,90,88
2016,DET,CLE,104,99
2016,MIA,MIN,91,103
2016,NY,CHA,102,94
2016,WSH,MIL,115,86
2016,PHX,LAL,120,101
2016,SA,POR,93,80
2016,CHI,IND,96,95
2016,HOU,BOS,95,111
2016,MEM,OKC,122,114
2016,PHI,DAL,86,92
2016,LAL,DET,97,85
2016,SAC,TOR,107,101
2016,OKC,BOS,85,100
2016,ATL,UTAH,96,97
2016,CHA,POR,106,94
2016,MIN,MEM,106,114
2016,NY,NO,95,87
2016,GS,BKN,107,99
2016,PHX,DEN,105,81
2016,MIL,CLE,108,105
2016,SA,PHI,92,83
2016,HOU,DAL,98,110
2016,WSH,ORL,108,99
2016,LAC,DET,101,96
2016,SAC,BKN,111,109
2016,DEN,HOU,107,98
2016,DAL,LAL,90,82
2016,CHI,CHA,102,97
2016,MEM,POR,101,100
2016,OKC,PHI,102,85
2016,BOS,ATL,106,93
2016,NY,CLE,84,90
2016,TOR,NO,100,81
2016,IND,MIN,107,103
2016,ORL,UTAH,102,93
2016,PHX,LAC,118,104
2016,MIN,GS,116,129
2016,MIA,UTAH,92,91
2016,POR,SA,101,113
2016,SAC,DET,101,92
2016,DEN,MIL,103,102
2016,ATL,NO,106,98
2016,DAL,LAC,118,108
2016,HOU,BKN,98,106
2016,MEM,GS,84,100
2016,BOS,IND,91,102
2016,CHA,NY,95,93
2016,ORL,LAL,101,99
2016,PHI,TOR,103,119
2016,MIL,BOS,83,99
2016,MIN,CHA,95,104
2016,NO,DAL,120,105
2016,MIA,LAL,101,88
2016,TOR,NY,109,111
2016,CLE,UTAH,118,114
2016,WSH,OKC,101,125
2016,GS,DET,109,95
2016,LAC,MEM,94,92
2016,SAC,SA,88,106
2016,DEN,POR,108,104
2016,ATL,MIN,107,117
2016,IND,ORL,97,84
2016,PHI,CHI,88,111
2016,POR,DET,103,120
2016,OKC,PHX,124,103
2016,MIA,TOR,96,76
2016,CLE,IND,101,97
2016,NY,LAL,99,95
2016,LAC,HOU,105,109
2016,SAC,GS,94,103
2016,UTAH,MEM,89,79
2016,DAL,NO,107,98
2016,MIL,BKN,94,86
2016,SA,CHA,114,94
2016,ATL,WSH,114,99
2016,PHI,ORL,97,105
2016,CHI,MIN,93,102
2016,GS,DEN,119,104
2016,SAC,HOU,110,116
2016,PHX,DET,92,100
2016,IND,MIA,90,87
2016,NO,ATL,115,121
2016,BOS,WSH,118,98
2016,BKN,LAL,98,104
2016,CLE,PHI,108,102
2016,NY,MIL,92,99
2016,ORL,TOR,92,87
2016,POR,MEM,115,96
2016,DEN,UTAH,84,96
2016,DAL,CHA,94,108
2016,CHI,OKC,104,98
2016,MIN,MIA,84,96
2016,GS,LAC,112,108
2016,PHX,SAC,118,97
2016,UTAH,POR,92,108
2016,ATL,BKN,101,87
2016,CLE,NY,96,86
2016,HOU,ORL,119,114
2016,MIL,PHI,91,87
2016,OKC,TOR,98,103
2016,IND,BOS,100,98
2016,WSH,SA,102,99
2016,LAL,DEN,109,120
2016,SAC,MEM,89,103
2016,DAL,TOR,91,102
2016,NO,ORL,94,103
2016,DET,IND,82,94
2016,MIA,ATL,92,98
2016,CHA,CHI,130,105
2016,GS,MEM,119,69
2016,LAC,PHX,102,96
2016,HOU,OKC,110,105
2016,MIN,POR,101,106
2016,BKN,MIL,96,103
2016,NY,SA,84,94
2016,PHI,CLE,100,107
2016,LAL,DAL,93,103
2016,CHI,ORL,92,87
2016,OKC,DEN,117,93
2016,MIA,HOU,109,89
2016,TOR,MIL,106,87
2016,BOS,SA,87,95
2016,CHA,ATL,92,94
2016,LAC,SAC,114,109
2016,POR,PHX,90,101
2016,MEM,BKN,101,91
2016,NO,GS,120,134
2016,IND,UTAH,76,97
2016,WSH,NY,110,117
2016,PHX,POR,110,92
2016,SAC,LAL,132,114
2016,HOU,GS,92,112
2016,DEN,MIN,78,95
2016,SA,BKN,102,75
2016,ATL,CHA,97,94
2016,MIL,WSH,113,118
2016,BOS,TOR,103,113
2016,DET,CHI,98,94
2016,CLE,MIA,102,92
2016,ORL,OKC,136,139
2016,PHI,UTAH,71,99
2016,LAC,DAL,104,88
2016,NY,ATL,101,112
2016,IND,MEM,103,112
2016,LAL,MIN,111,112
2016,PHX,DAL,95,111
2016,POR,NO,112,94
2016,SAC,LAC,104,111
2016,HOU,DEN,85,105
2016,MEM,CLE,76,106
2016,MIL,NY,97,122
2016,OKC,SA,112,106
2016,BOS,PHI,112,95
2016,BKN,CHI,100,115
2016,DET,UTAH,92,87
2016,MIA,CHA,104,94
2016,TOR,IND,106,99
2016,ORL,WSH,87,88
2016,GS,NO,111,95
2016,ATL,DET,94,106
2016,CHI,CLE,97,95
2017,LAC,SAC,115,95
2017,GS,LAL,109,94
2017,POR,NO,100,103
2017,UTAH,SA,101,97
2017,ORL,DET,113,109
2017,CLE,TOR,83,98
2017,BOS,MIL,112,94
2017,NY,PHI,114,113
2017,MIA,WSH,110,102
2017,CHI,BKN,112,73
2017,MEM,DAL,93,100
2017,HOU,MIN,123,118
2017,OKC,DEN,105,111
2017,IND,ATL,104,86
2017,LAL,NO,108,96
2017,SAC,PHX,129,104
2017,DAL,DEN,91,109
2017,MIN,OKC,98,100
2017,ATL,CHA,103,76
2017,LAC,HOU,125,96
2017,GS,UTAH,99,105
2017,POR,SA,99,98
2017,CHI,ORL,122,75
2017,MIL,CHA,89,79
2017,DET,WSH,101,105
2017,BOS,BKN,114,105
2017,MIA,CLE,124,121
2017,PHI,IND,111,120
2017,LAL,MIN,110,109
2017,PHX,DAL,124,111
2017,SAC,HOU,128,135
2017,MEM,DET,90,103
2017,DEN,OKC,105,106
2017,ATL,CLE,126,125
2017,NY,TOR,97,110
2017,GS,NO,123,101
2017,POR,UTAH,101,86
2017,SA,LAC,87,98
2017,PHI,MIL,82,90
2017,WSH,MIA,103,106
2017,CHA,BOS,114,121
2017,ORL,IND,112,127
2017,BKN,CHI,107,106
2017,LAL,SAC,98,94
2017,PHX,OKC,120,99
2017,DEN,NO,122,106
2017,UTAH,MIN,120,113
2017,DAL,SA,89,102
2017,MEM,NY,101,88
2017,HOU,DET,109,114
2017,CLE,ATL,100,114
2017,TOR,MIA,96,94
2017,POR,MIN,105,98
2017,ATL,BOS,123,116
2017,NY,WSH,103,106
2017,PHI,CHI,90,102
2017,ORL,BKN,115,107
2017,IND,MIL,104,89
2017,LAC,DAL,112,101
2017,PHX,GS,111,120
2017,SA,LAL,95,102
2017,MEM,OKC,100,103
2017,HOU,DEN,110,104
2017,BOS,CLE,91,114
2017,DET,TOR,102,105
2017,CHA,MIA,99,112
2017,GS,MIN,121,107
2017,SAC,DAL,98,87
2017,UTAH,POR,106,87
2017,SA,MEM,95,89
2017,NO,DEN,131,134
2017,OKC,MIL,110,79
2017,NY,CHI,100,91
2017,PHI,BKN,118,141
2017,WSH,CHA,118,111
2017,CLE,ORL,122,102
2017,IND,TOR,108,90
2017,MIN,POR,110,109
2017,PHX,HOU,116,123
2017,GS,WSH,139,115
2017,NO,CHI,110,117
2017,TOR,PHI,113,105
2017,BKN,ATL,91,82
2017,MIA,DEN,113,116
2017,CLE,IND,135,130
2017,LAL,MEM,108,103
2017,MIL,DAL,105,109
2017,SA,UTAH,109,103
2017,OKC,CHA,101,113
2017,NY,BOS,94,110
2017,POR,PHX,130,117
2017,MIN,SAC,117,123
2017,BKN,ORL,121,111
2017,CHI,ATL,106,104
2017,LAC,LAL,115,104
2017,GS,HOU,107,98
2017,UTAH,WSH,95,88
2017,MIL,DET,108,105
2017,MEM,DAL,99,90
2017,NO,SAC,117,89
2017,MIA,NY,94,98
2017,OKC,SA,95,100
2017,CLE,PHI,122,105
2017,BOS,ORL,117,116
2017,TOR,IND,111,100
2017,CHA,DEN,122,114
2017,POR,HOU,117,107
2017,PHX,LAC,118,124
2017,CHI,CLE,99,93
2017,MIN,LAL,119,104
2017,DET,BKN,90,89
2017,LAC,WSH,133,124
2017,SAC,UTAH,82,112
2017,SA,GS,98,110
2017,MEM,IND,110,97
2017,NO,DAL,121,118
2017,BOS,MIL,100,103
2017,TOR,CHA,106,110
2017,NY,MIA,88,105
2017,PHI,ATL,92,99
2017,ORL,OKC,106,114
2017,LAL,WSH,108,119
2017,POR,DEN,122,113
2017,HOU,GS,106,113
2017,BKN,PHI,101,106
2017,ATL,PHX,95,91
2017,DET,MIA,96,97
2017,CHA,MIL,108,118
2017,IND,MIN,114,115
2017,SAC,MEM,91,90
2017,UTAH,NO,108,100
2017,DAL,OKC,91,92
2017,SA,CLE,103,74
2017,TOR,ORL,131,112
2017,NY,DET,109,95
2017,LAL,POR,81,97
2017,GS,MEM,106,94
2017,DEN,NO,90,115
2017,IND,PHI,107,94
2017,BOS,MIA,112,108
2017,LAC,SAC,97,98
2017,MIL,CHI,94,109
2017,HOU,OKC,137,125
2017,CHA,PHX,120,106
2017,ATL,BKN,92,107
2017,POR,MIN,112,100
2017,DAL,TOR,86,94
2017,SA,NY,106,98
2017,CLE,WSH,115,127
2017,LAC,UTAH,108,95
2017,LAL,MIN,130,119
2017,GS,SAC,114,100
2017,CHI,PHI,107,117
2017,MIL,ATL,100,97
2017,HOU,NO,117,107
2017,BOS,PHX,130,120
2017,WSH,BKN,129,108
2017,CHA,CLE,105,112
2017,ORL,DET,115,87
2017,IND,DEN,117,125
2017,POR,NY,110,95
2017,DAL,LAC,97,95
2017,SA,MEM,97,90
2017,BKN,PHX,126,98
2017,MIA,TOR,84,101
2017,SAC,MIL,98,116
2017,UTAH,NY,108,101
2017,DEN,CLE,126,113
2017,CHI,DET,117,95
2017,OKC,PHI,122,97
2017,WSH,ATL,104,100
2017,BOS,IND,109,100
2017,ORL,CHA,102,109
2017,LAL,LAC,109,133
2017,POR,MIL,90,93
2017,MIN,SA,93,100
2017,DAL,GS,87,112
2017,NO,MEM,95,82
2017,BKN,DET,98,96
2017,MIA,PHX,112,97
2017,TOR,CHI,122,120
2017,LAC,NY,114,105
2017,HOU,DEN,125,124
2017,OKC,GS,95,111
2017,BOS,WSH,110,102
2017,CHA,ATL,105,90
2017,ORL,PHI,112,109
2017,IND,UTAH,107,100
2017,LAL,CLE,120,125
2017,SA,SAC,118,102
2017,NO,MIN,123,109
2017,TOR,IND,116,91
2017,MIA,POR,104,115
2017,DET,PHX,112,95
2017,PHI,BOS,105,99
2017,BKN,DAL,104,111
2017,GS,MIL,117,92
2017,DEN,HOU,105,109
2017,CHI,UTAH,95,86
2017,MEM,SA,104,96
2017,LAC,CLE,108,78
2017,CHA,WSH,98,93
2017,ATL,POR,97,113
2017,OKC,SAC,110,94
2017,LAL,MIL,103,107
2017,PHX,ORL,103,109
2017,NO,HOU,128,112
2017,MIA,MIN,123,105
2017,BKN,BOS,95,98
2017,DET,TOR,75,87
2017,PHI,DAL,116,74
2017,WSH,CHI,112,107
2017,GS,ORL,122,92
2017,DEN,LAC,129,114
2017,NY,BKN,110,121
2017,ATL,MEM,91,103
2017,CLE,UTAH,91,83
2017,TOR,OKC,102,123
2017,LAC,MIL,96,97
2017,PHX,SAC,101,107
2017,CHI,MEM,91,98
2017,HOU,LAL,139,100
2017,SA,POR,106,110
2017,BOS,MIN,117,104
2017,MIA,NO,120,112
2017,DET,UTAH,83,97
2017,WSH,DAL,107,112
2017,IND,CHA,98,77
2017,GS,PHI,106,104
2017,NO,POR,100,77
2017,BKN,OKC,104,122
2017,NY,IND,87,81
2017,CLE,DET,128,96
2017,SAC,ORL,120,115
2017,DEN,LAL,129,101
2017,UTAH,LAC,114,108
2017,MEM,MIL,113,93
2017,SA,ATL,107,99
2017,MIN,WSH,119,104
2017,TOR,DAL,100,78
2017,CHA,CHI,109,115
2017,LAL,PHI,116,118
2017,PHX,POR,101,110
2017,HOU,CLE,117,112
2017,BKN,NY,120,112
2017,IND,MIA,102,98
2017,BOS,CHI,100,80
2017,SAC,DEN,92,105
2017,POR,WSH,124,125
2017,MEM,ATL,90,107
2017,DAL,PHX,98,100
2017,SA,GS,107,85
2017,MIL,MIN,102,95
2017,MIA,TOR,104,89
2017,CHA,NO,122,125
2017,ORL,CLE,104,116
2017,DET,NY,112,92
2017,LAC,PHI,112,100
2017,OKC,UTAH,112,104
2017,SAC,WSH,122,130
2017,DEN,BOS,119,99
2017,DAL,BKN,105,96
2017,CHI,HOU,94,115
2017,MIL,IND,99,85
2017,MIN,GS,103,102
2017,ATL,TOR,105,99
2017,CHA,ORL,121,81
2017,PHX,LAL,110,122
2017,POR,PHI,114,108
2017,MEM,LAC,98,114
2017,OKC,SA,102,92
2017,DET,CLE,106,101
2017,GS,BOS,86,99
2017,DEN,WSH,113,123
2017,SA,SAC,114,104
2017,MIL,NY,104,93
2017,NO,TOR,87,94
2017,HOU,UTAH,108,115
2017,MIN,LAC,107,91
2017,IND,DET,115,98
2017,ATL,BKN,110,105
2017,MIA,CHA,108,101
2017,ORL,CHI,98,91
2017,PHX,WSH,127,131
2017,DAL,LAL,122,111
2017,OKC,POR,121,126
2017,LAC,BOS,116,102
2017,DEN,SAC,108,96
2017,UTAH,NO,88,83
2017,SA,HOU,112,110
2017,MEM,BKN,109,122
2017,CHA,IND,100,88
2017,ATL,GS,111,119
2017,DET,CHI,109,95
2017,PHI,MIL,98,112
2017,ORL,NY,105,113
2017,CLE,MIA,98,106
2017,LAL,NO,97,105
2017,DAL,OKC,104,89
2017,SAC,UTAH,109,110
2017,PHX,BOS,109,106
2017,WSH,ORL,115,114
2017,NY,GS,105,112
2017,ATL,IND,96,97
2017,POR,BKN,130,116
2017,DEN,CHA,102,112
2017,HOU,MEM,123,108
2017,SA,MIN,97,90
2017,CHI,LAC,91,101
2017,MIL,TOR,101,94
2017,MIA,CLE,120,92
2017,PHI,DET,106,136
2017,LAL,BOS,95,115
2017,NO,SA,98,101
2017,UTAH,BKN,112,97
2017,PHX,OKC,118,111
2017,DAL,MEM,104,100
2017,MIL,LAC,112,101
2017,PHI,NY,105,102
2017,WSH,TOR,106,114
2017,ORL,MIA,110,99
2017,ATL,CLE,130,135
2017,POR,OKC,114,109
2017,PHX,CHA,120,103
2017,CHI,GS,94,87
2017,LAC,HOU,103,122
2017,SAC,BKN,100,109
2017,UTAH,MIN,80,107
2017,SA,IND,100,99
2017,MIL,DEN,98,110
2017,NO,DET,109,86
2017,BOS,CLE,103,99
2017,TOR,WSH,96,105
2017,ATL,DAL,100,95
2017,MIA,PHI,125,98
2017,ORL,NY,90,101
2017,LAL,CHA,104,109
2017,CHI,DEN,107,125
2017,MEM,PHX,130,112
2017,OKC,UTAH,109,106
2017,DET,POR,120,113
2017,WSH,GS,112,108
2017,SAC,MIN,88,102
2017,HOU,IND,108,117
2017,DAL,MIA,96,89
2017,BOS,ATL,98,114
2017,NY,TOR,91,92
2017,PHI,GS,108,119
2017,CLE,MIL,102,95
2017,LAC,CHA,124,121
2017,OKC,NO,118,110
2017,TOR,POR,112,106
2017,DET,BOS,98,104
2017,DEN,MEM,98,105
2017,WSH,UTAH,92,102
2017,LAL,SA,98,119
2017,MIL,PHX,100,96
2017,GS,BKN,112,95
2017,HOU,MIN,142,130
2017,DAL,NO,96,83
2017,CLE,CHI,99,117
2017,MIA,IND,113,95
2017,NY,PHI,110,109
2017,ORL,ATL,105,86
2017,SAC,CHA,85,99
2017,LAC,SA,97,105
2017,DEN,BKN,129,109
2017,TOR,BOS,107,97
2017,CHI,PHX,128,121
2017,MIL,UTAH,95,109
2017,OKC,LAL,110,93
2017,MIN,DAL,97,84
2017,ATL,MIA,90,108
2017,PHI,WSH,120,112
2017,IND,MEM,102,92
2017,GS,LAC,123,113
2017,SAC,DEN,116,100
2017,NO,HOU,99,129
2017,CLE,NY,119,104
2017,DET,CHA,114,108
2017,ORL,POR,103,112
2017,CHI,BOS,104,103
2017,IND,WSH,98,111
2017,LAC,ATL,99,84
2017,GS,SAC,109,86
2017,OKC,NY,116,105
2017,DEN,MIN,99,112
2017,UTAH,POR,111,88
2017,PHX,LAL,137,101
2017,MEM,NO,91,95
2017,HOU,MIA,109,117
2017,BOS,PHI,116,108
2017,TOR,CHA,90,85
2017,BKN,MIL,125,129
2017,DET,DAL,98,91
2017,ORL,SA,79,107
2017,CLE,IND,113,104
2017,LAL,SAC,96,97
2017,CHI,TOR,105,94
2017,MIN,CLE,108,116
2017,POR,ATL,104,109
2017,DEN,GS,132,110
2017,UTAH,LAC,72,88
2017,PHX,NO,108,110
2017,DAL,BOS,98,111
2017,WSH,OKC,120,98
2017,MIL,DET,102,89
2017,BKN,MEM,103,112
2017,MIA,ORL,107,116
2017,CHA,PHI,99,105
2017,IND,SA,106,110
2017,SAC,NO,105,99
2017,TOR,DET,101,102
2017,MIN,CHI,117,89
2017,NY,SA,94,90
2017,UTAH,BOS,104,112
2017,HOU,PHX,133,102
2017,DAL,ORL,112,80
2017,OKC,GS,114,130
2017,PHI,MIA,117,109
2017,CLE,DEN,125,109
2017,IND,MIL,100,116
2017,CHA,LAC,102,107
2017,SAC,ATL,108,107
2017,PHX,CHI,115,97
2017,MIL,LAL,114,122
2017,MEM,GS,107,122
2017,MIN,NO,106,122
2017,WSH,IND,112,107
2017,BKN,MIA,99,108
2017,NY,DEN,123,131
2017,DET,SA,92,103
2017,POR,BOS,111,120
2017,DAL,UTAH,112,105
2017,OKC,CLE,118,109
2017,CHA,HOU,95,107
2017,ORL,PHI,111,112
2017,GS,CHI,123,92
2017,SAC,BOS,108,92
2017,MIL,MIA,88,106
2017,MEM,PHX,110,91
2017,NO,UTAH,94,127
2017,MIN,TOR,112,109
2017,NY,LAC,115,119
2017,BKN,WSH,110,114
2017,ATL,DEN,117,106
2017,DET,LAL,121,102
2017,PHI,SA,103,111
2017,IND,CLE,117,132
2017,DAL,POR,113,114
2017,HOU,ORL,128,104
2017,CHA,BKN,111,107
2017,SAC,CHI,107,112
2017,MEM,SA,89,74
2017,DEN,DAL,110,87
2017,NO,PHX,111,106
2017,MIN,MIA,113,115
2017,TOR,LAC,118,109
2017,ATL,UTAH,95,120
2017,DET,PHI,113,96
2017,NY,LAL,107,121
2017,WSH,CLE,135,140
2017,IND,OKC,93,90
2017,OKC,POR,105,99
2017,BOS,LAC,107,102
2017,BKN,TOR,95,103
2017,SAC,GS,109,106
2017,UTAH,CHA,105,98
2017,PHX,MIL,112,137
2017,SA,DEN,121,97
2017,MIN,MEM,99,107
2017,NY,CLE,104,111
2017,MIA,PHI,125,102
2017,WSH,NO,105,91
2017,ATL,ORL,113,86
2017,IND,DET,105,84
2017,SAC,PHX,103,105
2017,POR,DAL,104,108
2017,DEN,MIL,121,117
2017,HOU,CHI,121,117
2017,OKC,MEM,114,102
2017,BOS,LAL,113,107
2017,BKN,IND,97,106
2017,DET,MIN,116,108
2017,ORL,TOR,102,94
2017,LAC,GS,120,133
2017,SA,PHI,102,86
2017,HOU,ATL,108,113
2017,WSH,LAL,116,108
2017,GS,CHA,126,111
2017,OKC,CHI,100,128
2017,DEN,MEM,99,119
2017,UTAH,MIL,104,88
2017,PHX,LAC,114,124
2017,DAL,PHI,113,95
2017,BOS,TOR,109,104
2017,BKN,NY,90,95
2017,MIA,ATL,116,93
2017,DET,NO,118,98
2017,ORL,IND,88,98
2017,CLE,MIN,125,97
2017,LAL,DEN,120,116
2017,POR,CHA,115,98
2017,SA,OKC,108,94
2017,HOU,SAC,105,83
2017,WSH,NY,117,101
2017,TOR,NO,108,106
2017,PHX,MEM,96,115
2017,DAL,CLE,104,97
2017,MIN,ORL,111,105
2017,BOS,DET,113,109
2017,MIA,BKN,104,96
2017,PHI,SAC,122,119
2017,POR,GS,111,113
2017,CHI,PHI,121,108
2017,SA,DAL,101,105
2017,IND,HOU,120,101
2017,NO,WSH,94,107
2017,TOR,ORL,113,114
2017,CLE,OKC,107,91
2017,ATL,NY,142,139
2017,UTAH,MEM,95,102
2017,PHX,DEN,112,123
2017,MIN,BKN,129,109
2017,GS,LAC,144,98
2017,MIL,BOS,108,112
2017,MIA,DET,116,103
2017,CHA,SAC,106,109
2017,POR,MEM,112,109
2017,PHI,HOU,118,123
2017,CHI,MIA,88,100
2017,NO,SA,119,103
2017,ATL,WSH,86,112
2017,CLE,BKN,124,116
2017,BOS,ORL,128,98
2017,TOR,MIL,102,86
2017,NY,CHA,110,107
2017,IND,SAC,115,111
2017,UTAH,LAL,96,88
2017,DEN,PHX,127,120
2017,OKC,DAL,109,98
2017,MIN,IND,103,109
2017,POR,LAL,105,98
2017,DAL,NY,103,95
2017,CHI,ATL,114,119
2017,MIL,PHI,109,114
2017,MEM,TOR,101,99
2017,NO,OKC,105,114
2017,CHA,GS,103,113
2017,BOS,HOU,120,109
2017,BKN,MIA,106,109
2017,CLE,SAC,112,116
2017,DEN,UTAH,103,93
2017,PHX,MIN,111,112
2017,TOR,SA,106,108
2017,PHI,LAC,121,110
2017,WSH,BOS,123,108
2017,ORL,CHI,92,100
2017,UTAH,OKC,95,97
2017,MIL,HOU,127,114
2017,NO,CLE,124,122
2017,IND,NY,103,109
2017,BKN,SA,86,112
2017,ATL,LAC,105,115
2017,MIA,GS,105,102
2017,DET,SAC,104,109
2017,CHA,WSH,99,109
2017,MIN,DEN,111,108
2017,TOR,PHX,103,115
2017,DAL,LAL,122,73
2017,ORL,GS,98,118
2017,DEN,LAC,123,98
2017,UTAH,IND,109,100
2017,CHI,SAC,102,99
2017,CLE,SA,115,118
2017,MEM,HOU,95,119
2017,NY,PHX,105,107
2017,MIA,MIL,109,97
2017,CHA,BKN,112,105
2017,ATL,PHI,110,93
2017,DET,WSH,113,112
2017,BOS,POR,123,127
2017,LAL,IND,108,95
2017,DAL,UTAH,107,112
2017,MEM,SAC,107,91
2017,NO,BKN,114,143
2017,HOU,GS,108,125
2017,ATL,CHI,102,93
2017,PHI,POR,93,92
2017,CHA,TOR,113,78
2017,ORL,MIL,112,96
2017,LAC,MIN,101,104
2017,SA,DEN,118,104
2017,NY,WSH,110,113
2017,MIA,DAL,99,95
2017,CLE,PHX,118,103
2017,GS,OKC,121,100
2017,SAC,IND,100,106
2017,NO,ORL,118,98
2017,HOU,MIL,111,92
2017,DET,ATL,118,95
2017,BOS,NY,106,117
2017,PHI,TOR,94,89
2017,WSH,MEM,104,101
2017,CHA,POR,107,85
2017,LAL,DEN,121,127
2017,SA,MIN,122,114
2017,CHI,DAL,98,99
2017,BKN,TOR,109,119
2017,MIA,HOU,109,103
2017,LAC,OKC,120,98
2017,PHX,UTAH,101,106
2017,GS,CLE,126,91
2017,BOS,CHA,108,98
2017,DEN,ORL,125,112
2017,IND,NO,98,95
2017,MIL,PHI,104,113
2017,WSH,POR,120,101
2017,NY,ATL,107,108
2017,LAL,DET,97,102
2017,SAC,OKC,118,122
2017,MEM,CHI,104,108
2017,BKN,HOU,112,137
2017,TOR,NY,116,101
2017,ATL,MIL,111,98
2017,DAL,MIN,98,87
2017,UTAH,ORL,114,107
2017,WSH,PHI,109,93
2017,PHX,SA,108,105
2017,CHI,NO,107,99
2017,LAC,LAL,113,97
2017,SAC,CLE,108,120
2017,UTAH,DET,110,77
2017,POR,ORL,109,115
2017,MIL,MIA,116,108
2017,HOU,MEM,105,110
2017,MIN,OKC,96,86
2017,ATL,BOS,101,103
2017,TOR,BKN,132,113
2017,PHI,CHA,102,93
2017,GS,DET,127,107
2017,PHX,DAL,108,113
2017,SA,LAL,134,94
2017,NY,CHI,104,89
2017,BKN,NO,95,104
2017,DEN,IND,140,112
2017,LAC,ORL,105,96
2017,POR,CLE,102,86
2017,OKC,MEM,103,95
2017,MIN,HOU,119,105
2017,BOS,WSH,117,108
2017,PHI,NY,98,97
2017,LAL,POR,87,108
2017,GS,MIA,107,95
2017,SAC,DET,100,94
2017,UTAH,CLE,100,92
2017,SA,MIL,107,109
2017,HOU,CHA,121,114
2017,TOR,BOS,114,106
2017,BKN,ATL,97,117
2017,WSH,CHI,101,99
2017,CHI,OKC,94,109
2017,MIN,DAL,101,92
2017,NY,NO,96,110
2017,LAL,ORL,111,95
2017,SAC,GS,106,117
2017,POR,DET,124,125
2017,PHX,CLE,116,120
2017,MEM,UTAH,88,79
2017,TOR,HOU,122,129
2017,LAC,MIA,98,86
2017,MIL,WSH,101,107
2017,BKN,PHI,95,105
2017,DAL,ATL,82,97
2017,SA,CHA,102,85
2017,CHI,TOR,123,118
2017,OKC,DEN,121,106
2017,MIN,UTAH,92,94
2017,BOS,NO,117,108
2017,IND,NY,123,109
2017,LAL,MIA,127,100
2017,GS,MEM,119,128
2017,SAC,LAC,98,106
2017,MIL,NY,111,116
2017,BOS,PHI,110,106
2017,BKN,CLE,108,116
2017,WSH,MIN,112,105
2017,ORL,HOU,93,100
2017,POR,LAL,118,109
2017,DEN,SA,99,127
2017,DAL,PHX,95,102
2017,NO,ATL,94,99
2017,HOU,OKC,118,116
2017,TOR,UTAH,101,93
2017,DET,CHA,115,114
2017,IND,BKN,121,109
2017,LAC,MEM,115,106
2017,GS,POR,125,117
2017,SAC,MIA,102,107
2017,CLE,CHI,94,106
2017,NY,MIL,104,105
2017,CHA,OKC,123,112
2017,ORL,ATL,92,111
2017,LAL,MEM,116,102
2017,DEN,SAC,113,120
2017,PHX,MIA,99,90
2017,DAL,WSH,113,105
2017,SA,TOR,110,82
2017,BOS,UTAH,115,104
2017,DET,IND,116,121
2017,PHI,MIN,93,91
2017,LAC,PHX,109,98
2017,GS,DEN,127,119
2017,CHI,CHA,118,111
2017,HOU,WSH,101,91
2017,BKN,UTAH,89,101
2017,NY,ORL,103,115
2017,MIL,OKC,98,94
2017,CLE,NO,90,82
2017,LAL,TOR,114,123
2017,MIN,POR,89,95
2017,ATL,SA,114,112
2017,MIA,DET,98,107
2017,IND,ORL,117,104
2017,HOU,NY,129,122
2017,UTAH,PHX,91,86
2017,OKC,LAC,114,88
2017,CHI,MIL,96,116
2017,CHA,CLE,109,121
2017,SAC,MEM,98,112
2017,GS,DAL,108,99
2017,DEN,PHI,122,124
2017,SA,POR,110,94
2017,NO,NY,104,92
2017,HOU,LAC,140,116
2017,MIN,MIL,116,99
2017,ATL,DET,105,98
2017,BOS,MIA,117,114
2017,WSH,BKN,118,95
2017,IND,CHI,111,101
2017,LAL,DAL,89,101
2017,UTAH,PHI,100,83
2017,PHX,TOR,99,91
2017,MEM,OKC,114,80
2017,CLE,BOS,124,118
2017,CHA,MIA,91,82
2017,GS,TOR,121,111
2017,POR,SAC,102,89
2017,DEN,MIN,105,103
2017,SA,PHX,119,98
2017,CHI,BKN,101,99
2017,NO,LAC,102,98
2017,ATL,NY,102,98
2017,DET,MIL,94,119
2017,WSH,IND,111,105
2017,ORL,CHA,101,120
2017,LAL,UTAH,100,102
2017,DAL,HOU,107,123
2017,BOS,MEM,113,103
2017,MIA,OKC,94,106
2017,LAC,DEN,102,106
2017,SAC,PHI,102,100
2017,POR,TOR,91,95
2017,CHI,IND,90,85
2017,NO,DAL,111,104
2017,HOU,PHX,131,115
2017,MIN,ATL,104,90
2017,BKN,CHA,120,118
2017,DET,CLE,106,90
2017,WSH,MIL,107,102
2017,ORL,MEM,112,102
2017,LAL,LAC,111,102
2017,OKC,MIN,112,100
2017,SA,CHI,119,100
2017,CLE,GS,109,108
2017,NY,BOS,114,119
2017,LAC,DAL,88,90
2017,POR,SA,90,110
2017,DEN,ATL,108,109
2017,UTAH,TOR,98,104
2017,PHX,PHI,123,116
2017,MIL,WSH,123,96
2017,MEM,HOU,115,109
2017,NO,MIA,91,87
2017,MIN,SAC,105,109
2017,CLE,BKN,119,99
2017,BOS,OKC,112,117
2017,DET,GS,113,119
2017,CHA,CHI,103,91
2017,ORL,LAL,109,90
2017,LAC,SA,106,101
2017,MIA,LAL,115,107
2017,BKN,GS,101,117
2017,NY,ORL,106,95
2017,IND,BOS,102,109
2017,POR,DAL,95,96
2017,UTAH,SAC,93,94
2017,PHX,HOU,111,125
2017,CHI,WSH,97,107
2017,NO,OKC,110,121
2017,ATL,MIN,84,92
2017,DET,MEM,86,98
2017,CLE,MIL,113,102
2017,LAC,DEN,119,102
2017,GS,UTAH,104,74
2017,SAC,POR,126,121
2017,MIL,CLE,108,114
2017,MEM,BOS,109,112
2017,HOU,SA,100,102
2017,TOR,BKN,116,104
2017,NY,IND,118,111
2017,MIA,ORL,130,136
2017,PHI,NO,93,108
2017,CHA,LAL,117,113
2017,DEN,DAL,117,107
2017,CHI,DET,113,82
2017,OKC,ATL,108,110
2017,MIN,PHX,115,108
2017,IND,WSH,107,105
2017,SA,NO,113,100
2017,MEM,UTAH,73,82
2017,PHI,BKN,108,107
2017,ORL,TOR,79,109
2017,MIA,BOS,95,105
2017,DAL,SAC,99,79
2017,WSH,LAC,117,110
2017,GS,POR,135,90
2017,DEN,NY,127,114
2017,MIN,HOU,109,111
2017,ATL,CHA,99,107
2017,CLE,LAL,119,108
2017,DET,IND,90,105
2017,OKC,PHX,114,101
2017,UTAH,DAL,103,100
2017,CHI,MIL,69,95
2017,MEM,SAC,92,96
2017,HOU,NO,122,100
2017,PHI,LAL,89,100
2017,MIA,LAC,98,102
2017,BOS,CHA,96,88
2017,TOR,ATL,121,125
2017,WSH,DET,122,108
2017,ORL,BKN,118,111
2017,GS,NY,103,90
2017,DEN,POR,132,120
2017,PHX,SA,92,107
2017,MIL,CHI,108,97
2017,NO,IND,102,95
2017,SA,BOS,108,101
2017,UTAH,OKC,109,89
2017,DAL,DET,85,95
2017,MEM,CLE,93,85
2017,HOU,SAC,132,98
2017,BKN,LAL,107,97
2017,PHI,TOR,114,123
2017,WSH,CHA,109,106
2017,ORL,LAC,108,113
2017,MIA,IND,95,89
2017,POR,OKC,114,95
2017,PHX,NY,113,111
2017,CHI,MIN,94,99
2017,NO,GS,109,113
2017,ATL,ORL,120,131
2017,CLE,MEM,103,86
2017,LAC,POR,121,120
2017,SAC,LAL,116,92
2017,DAL,DEN,112,92
2017,HOU,BKN,122,118
2017,TOR,MIL,122,100
2017,MIA,WSH,112,101
2017,IND,CHA,110,94
2017,LAL,NY,112,118
2017,PHX,NO,119,120
2017,OKC,BOS,99,96
2017,MIN,GS,108,116
2017,DET,PHI,79,97
2017,LAC,NO,133,105
2017,UTAH,SAC,104,84
2017,SA,BKN,130,101
2017,CHI,MIA,105,100
2017,MEM,GS,110,89
2017,HOU,DAL,109,87
2017,CLE,CHA,116,105
2017,WSH,MIL,110,105
2017,ORL,DEN,113,121
2017,IND,POR,118,111
2017,LAL,PHX,115,119
2017,SAC,NY,100,103
2017,DAL,IND,111,103
2017,MIL,ATL,110,114
2017,OKC,HOU,99,102
2017,MIN,DET,90,117
2017,CLE,MIA,114,84
2017,BOS,TOR,94,101
2017,CHA,ORL,109,88
2017,CHI,SA,95,91
2017,UTAH,GS,99,106
2017,MEM,POR,88,86
2017,NO,PHI,88,99
2017,TOR,MIN,124,110
2017,WSH,DEN,92,85
2017,LAC,GS,98,115
2017,PHX,IND,94,109
2017,DAL,SAC,89,120
2017,MIL,POR,115,107
2017,HOU,LAL,134,95
2017,NY,CLE,94,126
2017,BKN,DEN,116,111
2017,ATL,MIA,103,95
2017,CHA,DET,87,77
2017,ORL,BOS,87,117
2017,UTAH,PHX,112,105
2017,MEM,PHI,96,91
2017,MIN,SA,91,105
2017,MIA,NY,103,114
2017,DET,CHI,102,91
2017,WSH,ORL,116,124
2017,LAL,UTAH,101,107
2017,GS,IND,142,106
2017,DAL,CHA,101,109
2017,CHI,POR,110,112
2017,MIL,SA,96,97
2017,NO,MEM,108,110
2017,HOU,BOS,107,106
2017,TOR,CLE,112,116
2017,BKN,WSH,113,118
2017,ATL,OKC,99,102
2017,PHI,DEN,98,106
2017,LAC,IND,102,111
2017,NY,SAC,106,98
2017,OKC,NO,101,92
2017,DET,ORL,92,98
2017,GS,PHX,138,109
2017,POR,MIA,99,92
2017,UTAH,DEN,105,98
2017,DAL,CHI,107,82
2017,MEM,LAL,103,100
2017,TOR,ATL,128,84
2017,PHI,BOS,106,107
2017,CHA,MIN,120,125
2017,MIL,BKN,112,103
2017,DEN,HOU,110,128
2017,SA,WSH,107,105
2017,CHI,CLE,111,105
2017,NO,LAC,96,114
2017,ATL,DET,85,121
2017,BOS,SAC,97,92
2017,TOR,LAL,113,80
2017,NY,MIN,118,114
2017,PHI,ORL,88,105
2017,GS,HOU,127,132
2017,UTAH,MIA,110,111
2017,MEM,ORL,95,94
2017,CLE,LAC,94,113
2017,BKN,MIL,93,111
2017,CHA,DAL,97,87
2017,POR,IND,131,109
2017,DEN,MIA,98,106
2017,PHX,ATL,109,107
2017,DAL,SA,87,94
2017,CHI,LAL,90,96
2017,OKC,WSH,126,115
2017,MIN,NY,104,106
2017,BOS,DET,114,121
2017,TOR,MEM,120,105
2017,UTAH,HOU,120,101
2017,SA,ORL,83,95
2017,MIL,CLE,118,101
2017,NO,LAL,105,88
2017,BKN,LAC,127,122
2017,CHA,DET,89,112
2017,GS,ATL,105,100
2017,MEM,CHA,85,104
2017,MIN,UTAH,103,112
2017,TOR,PHI,122,95
2017,NY,OKC,103,112
2017,MIA,BOS,104,112
2017,WSH,SAC,101,95
2017,LAL,ATL,109,94
2017,POR,HOU,114,130
2017,DAL,NO,91,81
2017,BKN,SAC,105,122
2017,ORL,MIL,96,104
2017,IND,LAC,91,70
2017,PHX,DEN,114,120
2017,PHI,CLE,108,112
2017,GS,MIN,115,102
2017,OKC,DET,106,88
2017,MIA,MEM,107,110
2017,WSH,SA,100,112
2017,CHA,NY,107,102
2017,LAL,GS,85,109
2017,SAC,HOU,104,117
2017,POR,NO,119,104
2017,DEN,OKC,129,132
2017,PHX,MIN,85,98
2017,UTAH,ATL,95,68
2017,MIL,TOR,99,105
2017,MEM,MIA,81,90
2017,IND,BKN,118,97
2017,CLE,DAL,128,90
2017,NY,CHA,113,111
2017,PHI,CHI,89,105
2017,DET,LAC,108,97
2017,ORL,WSH,91,94
2017,BOS,SA,103,109
2017,GS,LAL,149,106
2017,SAC,OKC,116,101
2017,NO,MIN,117,96
2017,UTAH,DEN,108,83
2017,DAL,LAC,104,124
2017,HOU,TOR,102,115
2017,BKN,BOS,92,111
2017,DET,MIA,107,84
2017,PHI,MEM,99,104
2017,CHA,SA,114,119
2017,ORL,PHX,87,92
2017,CLE,POR,137,125
2017,IND,ATL,85,96
2017,LAL,OKC,111,109
2017,DEN,CHI,110,107
2017,NY,POR,107,103
2017,ATL,NO,94,112
2017,LAC,TOR,123,115
2017,SA,DAL,96,91
2017,MIL,ORL,93,89
2017,MIN,BOS,93,99
2017,DET,HOU,96,99
2017,PHI,MIA,101,94
2017,WSH,PHX,106,101
2017,CHA,MEM,90,105
2017,IND,GS,83,120
2017,LAL,CHI,110,118
2017,SAC,TOR,102,99
2017,DEN,UTAH,105,91
2017,OKC,IND,111,115
2017,BKN,POR,109,129
2017,NY,ATL,104,94
2017,LAC,CHI,102,95
2017,MIL,GS,121,124
2017,MEM,MIN,93,71
2017,PHI,PHX,120,105
2017,NO,CHA,121,116
2017,WSH,MIA,111,114
2017,ORL,DAL,95,87
2017,DET,BOS,92,94
2017,HOU,UTAH,111,102
2017,LAL,SA,107,116
2017,SAC,LAC,115,121
2017,DEN,TOR,111,113
2017,DAL,MEM,64,80
2017,NO,POR,113,101
2017,OKC,BKN,124,105
2017,BOS,GS,88,104
2017,CLE,DET,104,81
2017,CHA,ATL,100,96
2017,IND,PHX,96,116
2017,UTAH,CHI,77,85
2017,HOU,POR,126,109
2017,MIN,PHI,110,86
2017,MIA,MIL,96,73
2017,WSH,NY,119,112
2017,LAC,MEM,107,111
2017,SAC,SA,105,110
2017,DEN,PHX,120,104
2017,OKC,HOU,105,103
2017,TOR,GS,121,127
2017,BOS,DAL,90,83
2017,NY,DET,105,102
2017,ATL,MIL,107,100
2017,PHI,WSH,109,102
2017,ORL,NO,89,82
2017,IND,CLE,103,93
2017,LAL,BKN,125,118
2017,POR,CHI,88,113
2017,MIN,CHA,108,115
2017,MIA,ATL,90,93
2017,CLE,TOR,121,117
2017,LAC,BKN,127,95
2017,UTAH,MEM,96,102
2017,SA,MIA,94,90
2017,NO,BOS,106,105
2017,HOU,PHI,115,88
2017,NY,DAL,93,77
2017,DET,OKC,104,88
2017,IND,ORL,88,69
2017,POR,DEN,112,105
2017,GS,PHX,133,120
2017,OKC,ORL,117,119
2017,MIN,LAL,125,99
2017,CLE,CHA,100,93
2017,DEN,DET,95,106
2017,PHX,BKN,104,122
2017,MIL,MEM,106,96
2017,CHI,WSH,106,95
2017,HOU,SA,100,106
2017,MIN,LAC,105,119
2017,MIA,UTAH,91,102
2017,TOR,NY,118,107
2017,ATL,PHI,117,96
2017,NO,LAL,99,126
2017,IND,BOS,99,105
2017,POR,SAC,122,120
2017,SA,DET,96,86
2017,OKC,LAC,108,110
2017,BOS,NY,115,87
2017,PHI,IND,109,105
2017,WSH,CLE,94,105
2017,CHA,TOR,111,113
2017,ORL,UTAH,74,87
2017,SAC,LAL,91,101
2017,DEN,GS,101,125
2017,MIL,NO,106,112
2017,MIA,CHI,95,98
2017,LAC,POR,111,80
2017,GS,DAL,116,95
2017,SA,HOU,99,101
2017,PHX,DET,107,100
2017,OKC,TOR,102,112
2017,ATL,CHI,115,107
2017,NY,BKN,110,96
2017,WSH,BOS,118,93
2017,CHA,UTAH,104,98
2017,ORL,MIN,107,123
2017,IND,PHI,122,115
2017,LAL,DAL,97,109
2017,SAC,NO,102,94
2017,POR,PHX,124,121
2017,MEM,DEN,108,107
2017,BKN,MIN,119,110
2017,CLE,ATL,106,110
2017,LAC,DET,114,82
2017,GS,NO,116,106
2017,CHI,ORL,112,80
2017,OKC,MIA,97,85
2017,PHI,UTAH,84,109
2017,WSH,HOU,106,114
2017,CHA,IND,122,100
2017,LAL,PHX,119,108
2017,BOS,DEN,107,123
2017,DAL,MIL,86,75
2017,TOR,SAC,91,96
2017,MEM,POR,94,100
2017,NY,UTAH,109,114
2017,SA,LAC,92,116
2017,MIL,SAC,117,91
2017,ATL,HOU,112,97
2017,PHI,CLE,101,102
2017,ORL,WSH,88,86
2017,DET,DEN,103,86
2017,IND,CHI,111,94
2017,OKC,MIN,112,92
2017,LAL,GS,117,97
2017,UTAH,SA,86,100
2017,DAL,POR,95,105
2017,CHI,NY,104,117
2017,MEM,LAC,88,99
2017,NO,PHX,111,112
2017,TOR,MIA,96,87
2017,BKN,CHA,95,99
2017,WSH,ATL,95,92
2017,GS,OKC,122,96
2017,MIL,IND,125,107
2017,MIN,DEN,99,102
2017,CLE,BOS,128,122
2017,ORL,SAC,102,94
2017,LAC,OKC,83,85
2017,PHX,POR,118,115
2017,UTAH,DAL,97,81
2017,MEM,NO,89,83
2017,BOS,CHI,107,100
2017,BKN,DET,109,101
2017,NY,HOU,99,118
2017,ATL,LAL,116,123
2017,WSH,TOR,103,113
2017,CHA,PHI,109,93
2017,POR,GS,104,127
2017,SA,UTAH,91,106
2017,NO,MIL,113,117
2017,MIN,MEM,116,80
2017,MIA,SAC,108,96
2017,DET,NY,102,89
2017,PHI,ORL,101,103
2017,IND,LAL,115,108
2017,CLE,HOU,128,120
2017,LAC,PHX,116,98
2017,TOR,DEN,105,102
2017,BKN,CHI,88,118
2017,ATL,SAC,106,95
2017,MEM,WSH,112,103
2017,HOU,DAL,93,92
2017,OKC,LAL,113,96
2017,PHX,GS,100,106
2017,MIA,SA,99,106
2017,DET,MIL,98,83
2017,LAC,UTAH,88,75
2017,SAC,MIN,106,103
2017,DEN,POR,113,115
2017,CHI,IND,118,101
2017,MIL,BKN,110,108
2017,SA,NO,98,79
2017,NY,MEM,111,104
2017,CLE,ORL,105,99
2017,CHA,BOS,98,104
2017,PHI,ATL,72,104
2017,NO,GS,114,122
2017,UTAH,LAL,96,89
2017,DAL,HOU,98,106
2017,OKC,PHX,113,110
2017,MIA,CHA,91,97
2017,BKN,IND,103,94
2017,DET,ORL,108,82
2017,TOR,CLE,91,94
2017,SAC,SA,94,102
2017,POR,LAC,106,114
2017,CHI,BOS,105,99
2017,ATL,WSH,114,99
2017,LAL,HOU,120,114
2017,PHX,SAC,94,113
2017,MIL,CHA,96,107
2017,MEM,MIN,102,98
2017,NO,DEN,102,107
2017,PHI,OKC,97,103
2017,BOS,BKN,122,117
2017,TOR,DET,109,91
2017,ORL,MIA,96,108
2017,IND,DAL,130,121
2017,GS,SA,100,129
2017,POR,UTAH,113,104
2017,CLE,NY,117,88
2018,LAC,LAL,100,115
2018,POR,UTAH,102,93
2018,SAC,HOU,96,83
2018,BOS,BKN,110,97
2018,CLE,NY,98,110
2018,MIA,TOR,116,109
2018,ORL,WSH,101,92
2018,PHI,MIL,130,95
2018,CHI,DET,87,119
2018,MIN,DEN,112,106
2018,NO,SA,122,98
2018,OKC,MEM,137,123
2018,LAL,HOU,99,105
2018,UTAH,GS,119,79
2018,DAL,PHX,97,124
2018,WSH,BOS,113,101
2018,ATL,PHI,113,121
2018,IND,CHA,93,119
2018,LAC,NO,100,113
2018,DEN,POR,88,82
2018,SA,SAC,98,85
2018,MIL,ORL,102,86
2018,MIN,MEM,113,94
2018,BKN,CHI,114,105
2018,MIA,OKC,93,115
2018,NY,CLE,109,123
2018,DET,TOR,98,108
2018,PHX,GS,100,117
2018,TOR,ORL,112,101
2018,LAL,UTAH,97,112
2018,MEM,DET,130,117
2018,CHA,IND,117,123
2018,PHI,DAL,109,97
2018,BOS,ATL,106,112
2018,SA,POR,116,105
2018,HOU,OKC,102,108
2018,GS,NO,120,126
2018,CHI,BKN,96,124
2018,NY,MIL,102,115
2018,LAC,DEN,115,134
2018,LAL,MIN,96,113
2018,PHX,NO,103,122
2018,MEM,SAC,93,94
2018,BOS,CHI,111,104
2018,NY,MIA,122,98
2018,TOR,IND,92,73
2018,DET,DAL,113,106
2018,ORL,CHA,100,137
2018,PHI,CLE,132,130
2018,WSH,ATL,97,103
2018,DEN,MIN,100,96
2018,UTAH,LAC,117,95
2018,CLE,WSH,119,115
2018,HOU,POR,96,94
2018,MIL,BKN,111,119
2018,IND,GS,126,106
2018,LAL,SA,122,112
2018,TOR,BOS,96,78
2018,NO,MEM,123,95
2018,ATL,MIA,86,115
2018,DET,PHI,108,115
2018,ORL,DAL,105,100
2018,LAC,SA,113,110
2018,PHX,SAC,97,94
2018,DEN,IND,107,104
2018,UTAH,LAL,117,110
2018,DAL,POR,115,109
2018,CHI,CHA,120,114
2018,HOU,WSH,120,104
2018,MIL,BOS,106,102
2018,OKC,GS,107,111
2018,MIA,ATL,101,98
2018,NY,ORL,73,97
2018,CLE,TOR,112,106
2018,PHI,BKN,121,95
2018,LAL,SAC,83,84
2018,POR,MEM,113,98
2018,GS,PHX,117,107
2018,DEN,MIL,128,125
2018,MIN,UTAH,97,121
2018,ATL,ORL,94,88
2018,BKN,DET,96,108
2018,CLE,DAL,98,87
2018,NO,OKC,104,109
2018,CHI,WSH,113,94
2018,SA,HOU,100,83
2018,LAC,IND,104,111
2018,CHA,PHI,102,119
2018,SAC,GS,96,112
2018,MIA,BKN,109,110
2018,BOS,TOR,110,99
2018,NY,DET,109,115
2018,WSH,CHA,107,93
2018,LAL,MIL,122,124
2018,POR,LAC,105,96
2018,UTAH,MEM,107,97
2018,DAL,MIN,92,93
2018,CLE,NO,107,102
2018,HOU,PHX,104,103
2018,OKC,DEN,125,126
2018,ATL,PHI,91,101
2018,ORL,CHI,82,90
2018,GS,MIL,107,116
2018,SAC,IND,103,106
2018,SA,OKC,103,99
2018,MIA,CHI,103,92
2018,DET,WSH,103,92
2018,LAL,DAL,103,93
2018,PHX,LAC,99,111
2018,UTAH,BOS,94,97
2018,MEM,POR,108,103
2018,MIN,ATL,126,114
2018,CHA,CLE,105,118
2018,ORL,BKN,104,111
2018,PHI,NY,118,101
2018,GS,IND,81,92
2018,LAC,MIL,105,98
2018,SAC,DAL,97,103
2018,MIA,CLE,98,79
2018,HOU,CHI,118,86
2018,NO,POR,103,107
2018,TOR,DEN,114,110
2018,WSH,SA,116,106
2018,PHX,BOS,94,102
2018,MIN,MEM,93,101
2018,CHA,NY,137,128
2018,DET,LAL,112,106
2018,PHI,DEN,123,104
2018,GS,UTAH,91,110
2018,HOU,ATL,118,99
2018,OKC,POR,105,108
2018,TOR,LAC,106,117
2018,WSH,NY,97,101
2018,SAC,BOS,93,104
2018,IND,MIA,113,107
2018,MIL,SA,106,103
2018,BKN,CLE,114,121
2018,DAL,CHA,98,102
2018,HOU,NO,114,91
2018,MEM,LAL,93,100
2018,DET,CHI,117,95
2018,ORL,PHX,105,99
2018,PHI,MIN,120,108
2018,GS,ATL,106,94
2018,POR,BOS,100,105
2018,SA,UTAH,124,120
2018,CHI,MIL,105,118
2018,OKC,MIA,105,99
2018,CLE,PHX,120,95
2018,NY,MIN,104,108
2018,TOR,BKN,116,112
2018,IND,LAC,109,104
2018,WSH,DEN,100,108
2018,SAC,ATL,105,90
2018,DAL,UTAH,112,119
2018,HOU,DET,100,96
2018,NO,LAL,128,125
2018,CHA,MEM,140,79
2018,ORL,PHI,98,118
2018,SA,WSH,98,90
2018,CHI,DEN,102,135
2018,MIL,LAC,120,127
2018,NO,IND,96,92
2018,BKN,CHA,105,111
2018,MIA,NY,119,98
2018,CLE,TOR,132,129
2018,PHI,MEM,119,105
2018,POR,HOU,111,115
2018,PHX,DET,88,115
2018,UTAH,ATL,94,99
2018,BOS,OKC,100,99
2018,MIN,LAC,123,109
2018,NO,DAL,115,105
2018,ORL,TOR,86,93
2018,SAC,DET,90,106
2018,SA,GS,89,75
2018,BKN,MEM,118,115
2018,MIA,DEN,149,141
2018,NY,CHI,110,92
2018,CLE,MIL,124,117
2018,IND,LAL,110,100
2018,PHI,CHA,108,94
2018,LAC,POR,109,122
2018,MIN,HOU,120,129
2018,NO,BOS,108,89
2018,TOR,OKC,125,132
2018,PHX,GS,109,124
2018,POR,DET,100,87
2018,UTAH,SAC,103,97
2018,SA,MIN,117,101
2018,CHI,CLE,109,114
2018,MEM,DEN,101,94
2018,BKN,DAL,114,106
2018,NY,CHA,124,101
2018,WSH,IND,109,102
2018,NO,HOU,101,107
2018,MIL,ATL,122,117
2018,GS,SAC,93,98
2018,LAL,MIA,91,92
2018,OKC,LAC,121,113
2018,TOR,DAL,122,115
2018,ORL,BOS,83,92
2018,PHI,BKN,120,116
2018,POR,CLE,113,105
2018,DEN,DET,120,113
2018,UTAH,PHX,116,88
2018,SA,NO,98,93
2018,HOU,LAC,101,96
2018,MEM,CHI,110,111
2018,ATL,CHA,117,129
2018,NY,PHI,110,118
2018,IND,TOR,99,106
2018,GS,LAL,117,106
2018,SAC,MIA,123,119
2018,BOS,WSH,124,125
2018,ORL,MIL,126,117
2018,LAL,DEN,112,103
2018,PHX,CLE,107,129
2018,UTAH,DET,110,79
2018,SA,ORL,108,72
2018,CHI,LAC,106,112
2018,NO,CHA,119,115
2018,ATL,OKC,107,119
2018,BKN,TOR,102,116
2018,NY,DAL,97,110
2018,PHI,IND,98,101
2018,WSH,MIN,111,116
2018,POR,MIA,115,99
2018,HOU,SA,109,93
2018,MEM,MIL,103,121
2018,OKC,SAC,106,101
2018,LAL,CLE,127,113
2018,BOS,IND,97,99
2018,BKN,PHI,97,120
2018,DAL,HOU,82,105
2018,DEN,SAC,130,104
2018,NO,UTAH,99,116
2018,ATL,CHI,122,129
2018,MIN,GS,109,103
2018,NY,TOR,106,132
2018,LAC,ORL,113,105
2018,DAL,MEM,114,80
2018,OKC,SA,104,94
2018,MIA,WSH,129,102
2018,CHA,PHX,122,115
2018,LAC,CLE,116,102
2018,POR,GS,125,108
2018,SAC,ORL,94,88
2018,DEN,LAL,125,116
2018,MEM,UTAH,78,95
2018,MIL,NY,120,112
2018,NO,WSH,97,116
2018,TOR,HOU,108,105
2018,DET,CHI,99,83
2018,IND,ATL,112,87
2018,GS,SA,110,107
2018,MIN,BOS,109,117
2018,OKC,PHX,115,87
2018,MIA,PHI,108,99
2018,CHA,BKN,111,125
2018,DEN,CLE,108,113
2018,LAL,ORL,108,107
2018,SAC,NO,101,114
2018,DET,TOR,119,121
2018,CHI,MEM,119,110
2018,MIL,HOU,99,110
2018,IND,UTAH,84,104
2018,GS,BKN,114,101
2018,LAC,NO,116,121
2018,POR,NY,111,87
2018,DAL,DEN,118,107
2018,OKC,HOU,112,122
2018,CHA,PHI,114,128
2018,TOR,ATL,106,90
2018,WSH,MIA,117,113
2018,LAL,POR,103,108
2018,UTAH,ORL,94,80
2018,SA,MEM,100,98
2018,CHI,BOS,89,105
2018,MIA,PHX,125,103
2018,CLE,DET,112,90
2018,IND,MIL,92,89
2018,LAC,BKN,123,120
2018,SAC,NY,102,99
2018,MIL,PHI,118,110
2018,DAL,NO,109,126
2018,TOR,CHA,103,98
2018,WSH,IND,95,98
2018,ATL,PHX,113,112
2018,POR,OKC,108,100
2018,SAC,UTAH,91,98
2018,SA,LAL,112,116
2018,HOU,BOS,123,120
2018,CLE,DEN,117,126
2018,MIA,DET,105,96
2018,ORL,MEM,107,100
2018,UTAH,MIN,116,108
2018,LAC,NY,128,105
2018,PHX,OKC,116,124
2018,WSH,TOR,95,102
2018,CHI,DAL,108,100
2018,MEM,DEN,102,108
2018,MIL,IND,96,103
2018,ATL,GS,109,114
2018,ORL,DET,115,106
2018,PHI,CHA,110,99
2018,POR,MIN,108,99
2018,SAC,BKN,116,111
2018,CLE,PHI,97,108
2018,MIA,LAL,113,131
2018,LAC,HOU,92,105
2018,DAL,OKC,110,111
2018,SA,NO,116,121
2018,WSH,GS,101,109
2018,MEM,PHX,102,110
2018,ATL,IND,107,102
2018,BOS,CHA,134,106
2018,DET,MIL,110,87
2018,ORL,TOR,104,117
2018,DEN,LAC,120,122
2018,POR,SAC,116,99
2018,MIL,WSH,104,107
2018,MIA,PHI,102,101
2018,CHA,CHI,118,103
2018,CLE,BKN,129,123
2018,SAC,MIN,100,118
2018,UTAH,HOU,85,96
2018,DAL,IND,109,103
2018,NO,PHX,125,116
2018,OKC,ORL,112,105
2018,ATL,LAL,104,123
2018,BOS,MEM,109,98
2018,BKN,CHI,104,87
2018,NY,GS,111,125
2018,TOR,DET,123,94
2018,WSH,PHI,109,94
2018,DEN,HOU,114,119
2018,CLE,SA,94,110
2018,MIL,NO,121,123
2018,CHA,DET,114,98
2018,SAC,LAL,108,113
2018,MIN,CHI,122,104
2018,PHX,POR,104,106
2018,UTAH,DAL,97,90
2018,GS,OKC,112,80
2018,MIA,MEM,115,89
2018,NY,BOS,112,121
2018,PHI,ORL,116,105
2018,LAL,DAL,124,102
2018,DEN,SA,122,119
2018,PHX,LAC,117,128
2018,UTAH,POR,81,100
2018,HOU,MIN,120,102
2018,MEM,CLE,89,112
2018,NO,MIA,124,123
2018,TOR,MIL,119,122
2018,DET,BOS,98,110
2018,IND,ATL,116,93
2018,WSH,CHA,105,122
2018,GS,LAC,134,127
2018,SAC,OKC,107,110
2018,CLE,WSH,103,110
2018,CHI,PHI,115,116
2018,CHA,BKN,111,96
2018,ORL,NY,113,120
2018,MIN,LAL,119,111
2018,MIL,DEN,123,134
2018,POR,GS,123,117
2018,UTAH,PHX,107,97
2018,BOS,LAC,119,129
2018,CHI,TOR,98,122
2018,HOU,SAC,100,91
2018,MEM,OKC,114,121
2018,NO,LAL,139,117
2018,BKN,IND,103,108
2018,NY,WSH,113,118
2018,DET,ATL,104,98
2018,ORL,CHA,102,104
2018,PHI,MIA,104,102
2018,DEN,SA,117,109
2018,DAL,SAC,109,114
2018,MIL,ATL,97,92
2018,MIN,HOU,108,126
2018,OKC,CLE,112,120
2018,TOR,MIA,115,112
2018,GS,PHX,129,83
2018,UTAH,SA,101,99
2018,CHI,ORL,105,101
2018,BKN,LAC,101,114
2018,DET,NO,103,118
2018,PHI,NY,108,92
2018,POR,UTAH,96,115
2018,HOU,DAL,104,97
2018,MIN,SAC,111,106
2018,OKC,MEM,110,92
2018,IND,NY,121,113
2018,ATL,DET,118,115
2018,BOS,CLE,99,121
2018,CHA,TOR,103,123
2018,PHX,DEN,113,123
2018,DAL,LAL,130,123
2018,GS,SA,122,105
2018,CHI,WSH,90,101
2018,ORL,MIL,104,111
2018,PHI,LAC,112,98
2018,BKN,NO,128,138
2018,SAC,POR,100,118
2018,CHI,MIN,114,113
2018,UTAH,CHA,106,94
2018,MIA,MIL,91,85
2018,HOU,DEN,130,104
2018,ATL,CLE,107,123
2018,BOS,IND,91,97
2018,DET,LAC,95,108
2018,PHI,NO,100,82
2018,GS,DAL,121,103
2018,LAL,OKC,106,81
2018,POR,CHA,109,103
2018,WSH,BOS,104,110
2018,TOR,NY,113,88
2018,ORL,ATL,100,98
2018,PHX,SA,81,129
2018,CLE,MIN,140,138
2018,MEM,UTAH,88,92
2018,MIA,HOU,101,109
2018,DET,BKN,115,106
2018,GS,OKC,105,125
2018,LAL,PHX,112,93
2018,PHI,WSH,115,102
2018,TOR,BOS,111,91
2018,ATL,MEM,108,82
2018,BKN,HOU,113,123
2018,NY,MIL,89,103
2018,ORL,CLE,116,98
2018,LAC,DAL,104,101
2018,SAC,CHI,104,98
2018,DEN,CHA,121,104
2018,NO,UTAH,109,133
2018,MIA,ORL,109,111
2018,DET,POR,111,91
2018,IND,WSH,102,111
2018,PHX,CHA,110,115
2018,OKC,LAL,104,108
2018,BOS,POR,97,96
2018,BKN,MIL,94,109
2018,NY,ATL,96,99
2018,TOR,MEM,101,86
2018,SAC,DAL,99,106
2018,MIN,NO,118,107
2018,SA,UTAH,111,120
2018,DEN,GS,115,108
2018,CLE,HOU,88,120
2018,DET,MIA,111,107
2018,IND,PHI,100,92
2018,ORL,WSH,98,115
2018,LAC,CHI,113,103
2018,SAC,GS,104,119
2018,OKC,NO,100,114
2018,PHX,UTAH,97,129
2018,PHI,MIA,103,97
2018,MIL,NY,92,90
2018,BOS,ATL,119,110
2018,BKN,LAL,99,102
2018,TOR,POR,130,105
2018,CHA,IND,133,126
2018,DEN,OKC,127,124
2018,MIN,MIL,108,89
2018,SA,HOU,91,102
2018,DET,MEM,104,102
2018,WSH,TOR,122,119
2018,PHX,DAL,102,88
2018,POR,CHI,124,108
2018,BOS,NY,103,73
2018,ATL,CHA,110,123
2018,BKN,PHI,116,108
2018,CLE,MIA,91,89
2018,IND,MEM,105,101
2018,ORL,LAL,127,105
2018,LAC,POR,96,104
2018,UTAH,GS,129,99
2018,SA,DEN,106,104
2018,DET,CLE,125,114
2018,HOU,ORL,114,107
2018,NO,SAC,103,114
2018,NY,BKN,111,95
2018,TOR,MIN,109,104
2018,WSH,OKC,102,96
2018,DEN,BOS,110,111
2018,DAL,MIA,88,95
2018,MEM,PHX,120,109
2018,MIL,PHI,107,95
2018,ATL,MIN,105,100
2018,IND,CHA,105,96
2018,SA,SAC,113,98
2018,CLE,DET,121,104
2018,TOR,LAL,123,111
2018,OKC,PHI,122,112
2018,NO,LAC,103,112
2018,CHI,MIL,96,110
2018,HOU,PHX,113,102
2018,MIN,BKN,111,97
2018,DEN,DAL,91,89
2018,GS,BOS,109,105
2018,ATL,WSH,104,129
2018,MIA,CHA,95,91
2018,IND,ORL,114,112
2018,DET,OKC,108,121
2018,PHX,NY,85,107
2018,DAL,POR,93,107
2018,SA,PHI,78,97
2018,CHI,LAL,103,108
2018,MEM,LAC,100,109
2018,MIL,BKN,116,91
2018,NO,HOU,115,113
2018,CLE,IND,115,108
2018,TOR,UTAH,93,97
2018,CHA,ATL,121,110
2018,GS,MIN,126,113
2018,DEN,NY,130,118
2018,OKC,WSH,121,112
2018,MIA,SAC,88,89
2018,LAC,BOS,102,113
2018,POR,MIN,123,114
2018,DAL,HOU,97,104
2018,MEM,SA,85,108
2018,ATL,TOR,93,108
2018,CHA,NO,96,101
2018,DET,UTAH,95,98
2018,IND,PHX,116,101
2018,PHI,CHI,115,101
2018,GS,NY,123,112
2018,LAL,BOS,108,107
2018,OKC,BKN,109,108
2018,SA,CLE,114,102
2018,ORL,SAC,99,105
2018,LAC,MIN,118,126
2018,DEN,POR,104,101
2018,DAL,WSH,98,75
2018,HOU,MIA,99,90
2018,MEM,PHI,105,101
2018,MIL,PHX,109,105
2018,NO,CHI,132,128
2018,ATL,UTAH,104,90
2018,CHA,SAC,112,107
2018,SA,IND,86,94
2018,DET,BKN,100,101
2018,LAL,NY,127,107
2018,BOS,ORL,95,103
2018,POR,DAL,117,108
2018,MIN,TOR,115,109
2018,UTAH,LAC,125,113
2018,HOU,GS,116,108
2018,PHI,MIL,116,94
2018,CHA,MIA,105,106
2018,NO,MEM,111,104
2018,ATL,CHI,97,113
2018,CLE,OKC,124,148
2018,UTAH,NY,115,117
2018,LAL,IND,99,86
2018,DEN,PHX,100,108
2018,DET,WSH,112,122
2018,MEM,SAC,106,88
2018,BKN,MIA,101,95
2018,TOR,SA,86,83
2018,POR,IND,100,86
2018,HOU,MIN,116,98
2018,BOS,PHI,80,89
2018,CLE,ORL,104,103
2018,LAC,DEN,109,104
2018,SAC,UTAH,105,120
2018,CHI,GS,112,119
2018,MEM,NY,105,99
2018,MIL,MIA,101,106
2018,OKC,LAL,114,90
2018,ATL,NO,94,93
2018,BKN,SA,95,100
2018,TOR,DET,96,91
2018,CHA,WSH,133,109
2018,POR,PHX,118,111
2018,DEN,DAL,105,102
2018,BOS,NO,113,116
2018,ORL,MIN,108,102
2018,LAC,HOU,113,102
2018,UTAH,IND,94,109
2018,OKC,SAC,95,88
2018,CLE,GS,108,118
2018,MEM,LAL,123,114
2018,CHI,MIA,119,111
2018,ATL,SA,102,99
2018,BKN,NY,104,119
2018,WSH,MIL,95,104
2018,PHI,TOR,117,111
2018,DET,CHA,107,118
2018,MIN,POR,120,103
2018,PHX,IND,97,120
2018,NY,NO,118,123
2018,MIA,MIL,97,79
2018,SA,DEN,112,80
2018,CHI,DET,107,105
2018,TOR,GS,125,127
2018,WSH,BKN,119,113
2018,CHA,OKC,91,101
2018,LAC,SAC,126,105
2018,DAL,LAL,101,107
2018,PHX,HOU,95,112
2018,DEN,MEM,87,78
2018,MIL,GS,94,108
2018,MIN,NY,118,108
2018,NO,POR,119,113
2018,ATL,BKN,105,110
2018,CHA,UTAH,99,88
2018,IND,CLE,97,95
2018,WSH,ORL,125,119
2018,LAL,SA,93,81
2018,SAC,LAC,115,121
2018,TOR,CLE,133,99
2018,PHI,BOS,103,114
2018,GS,LAC,106,125
2018,DEN,ATL,97,110
2018,HOU,POR,121,112
2018,MEM,NO,105,102
2018,MIL,ORL,110,103
2018,MIN,OKC,104,88
2018,BKN,DET,80,114
2018,NY,CHI,119,122
2018,CHA,DAL,111,115
2018,IND,MIA,106,114
2018,WSH,UTAH,104,107
2018,LAL,SAC,99,86
2018,DAL,ORL,114,99
2018,OKC,POR,106,117
2018,TOR,MIA,89,90
2018,GS,DEN,124,114
2018,LAC,ATL,108,107
2018,SAC,SA,100,107
2018,CHI,HOU,107,116
2018,MIN,CLE,127,99
2018,NO,DET,112,109
2018,BKN,TOR,113,114
2018,IND,MIL,109,96
2018,LAL,ATL,132,113
2018,POR,SA,111,110
2018,PHX,OKC,114,100
2018,DAL,NY,96,100
2018,MIA,UTAH,103,102
2018,SAC,DEN,106,98
2018,MIN,NO,116,98
2018,WSH,MIL,103,110
2018,DET,HOU,108,101
2018,IND,CHI,125,86
2018,ORL,CLE,127,131
2018,BKN,BOS,85,87
2018,LAC,GS,105,121
2018,LAL,CHA,94,108
2018,POR,ATL,110,89
2018,MEM,WSH,100,102
2018,DEN,UTAH,99,91
2018,DAL,CHI,124,127
2018,SA,PHX,103,89
2018,MIA,NY,107,103
2018,MIL,TOR,110,129
2018,PHI,DET,114,78
2018,BOS,MIN,91,84
2018,LAC,OKC,117,127
2018,HOU,GS,114,124
2018,LAL,OKC,96,133
2018,DEN,PHX,134,111
2018,UTAH,NO,98,108
2018,DAL,GS,122,125
2018,BOS,CLE,102,88
2018,CHI,TOR,115,124
2018,MIL,IND,122,101
2018,BKN,MIN,98,97
2018,MIA,DET,111,104
2018,ORL,HOU,98,116
2018,PHI,SA,112,106
2018,WSH,NY,121,103
2018,LAC,MEM,113,105
2018,SAC,CHA,111,131
2018,PHX,ATL,104,103
2018,NY,SA,91,100
2018,CLE,POR,127,110
2018,CHI,POR,120,124
2018,MIN,LAL,114,96
2018,BKN,ORL,98,95
2018,TOR,MIL,131,127
2018,PHX,PHI,110,123
2018,HOU,LAL,148,142
2018,OKC,DAL,113,116
2018,LAC,CHA,106,98
2018,SAC,MEM,96,114
2018,BOS,BKN,108,105
2018,IND,MIN,90,107
2018,WSH,CHI,114,110
2018,DEN,PHI,102,107
2018,GS,MEM,141,128
2018,UTAH,CLE,104,101
2018,ATL,POR,104,89
2018,DET,SA,93,79
2018,ORL,MIA,111,117
2018,NO,NY,103,105
2018,GS,CHA,100,111
2018,LAL,LAC,106,121
2018,SAC,PHX,101,111
2018,MIA,BKN,87,111
2018,CHI,IND,119,107
2018,NO,DAL,120,128
2018,OKC,MIL,95,97
2018,TOR,ATL,111,98
2018,WSH,HOU,121,103
2018,POR,PHI,114,110
2018,SA,NY,119,107
2018,BOS,HOU,99,98
2018,MIL,MIN,102,96
2018,ORL,DET,102,89
2018,GS,UTAH,126,101
2018,LAL,MEM,99,109
2018,SAC,CLE,109,95
2018,CHI,NY,92,87
2018,MIN,DEN,128,125
2018,NO,BKN,128,113
2018,OKC,TOR,124,107
2018,ATL,WSH,113,99
2018,CHA,BOS,91,102
2018,IND,DAL,94,98
2018,LAC,SAC,122,95
2018,DEN,UTAH,107,83
2018,PHX,MEM,99,97
2018,SA,BKN,109,97
2018,MIL,CHI,106,115
2018,MIA,ORL,107,89
2018,DET,IND,107,83
2018,DAL,TOR,98,93
2018,LAL,MIN,104,121
2018,OKC,HOU,112,107
2018,BOS,WSH,103,111
2018,GS,CLE,99,92
2018,NY,PHI,98,105
2018,SAC,SA,99,108
2018,LAL,POR,92,95
2018,PHX,MIN,106,115
2018,GS,DEN,81,96
2018,MIA,NO,94,109
2018,MEM,LAC,115,112
2018,UTAH,OKC,89,103
2018,ATL,DAL,112,107
2018,BOS,CHI,117,92
2018,CHA,MIL,111,106
2018,IND,BKN,123,119
2018,WSH,ORL,130,103
2018,TOR,PHI,102,86
2018,GS,LAL,113,106
2018,POR,DEN,85,102
2018,MIA,DAL,113,101
2018,HOU,LAC,118,128
2018,MIL,CHA,109,104
2018,OKC,ATL,120,117
2018,BKN,WSH,119,84
2018,DET,NY,104,101
2018,ORL,NO,97,111
2018,UTAH,SA,100,89
2018,PHX,MEM,97,95
2018,NY,BOS,102,93
2018,CLE,CHI,115,112
2018,PHI,TOR,109,114
2018,GS,MEM,97,84
2018,LAC,PHX,108,95
2018,POR,SA,91,93
2018,DEN,MIN,104,112
2018,DAL,DET,110,93
2018,CHI,ORL,112,94
2018,HOU,LAL,116,122
2018,OKC,UTAH,107,79
2018,ATL,IND,95,105
2018,BOS,MIA,89,90
2018,BKN,SAC,99,104
2018,CHA,TOR,111,129
2018,MIL,CLE,119,116
2018,PHI,SAC,95,101
2018,WSH,NO,116,106
2018,LAL,GS,114,116
2018,DAL,PHX,91,97
2018,SA,LAC,109,91
2018,CHI,PHI,117,115
2018,HOU,UTAH,120,99
2018,MIN,POR,108,107
2018,OKC,DEN,95,94
2018,ATL,MIA,110,104
2018,CHA,NY,109,91
2018,IND,BOS,111,112
2018,BKN,IND,97,109
2018,WSH,CLE,99,106
2018,DET,ORL,114,110
2018,TOR,SAC,108,93
2018,MEM,BOS,93,102
2018,SA,DAL,98,96
2018,MIA,LAC,90,85
2018,HOU,MIL,115,111
2018,MIN,PHX,106,108
2018,CLE,UTAH,109,100
2018,NY,OKC,111,96
2018,CHA,POR,91,93
2018,HOU,SA,124,109
2018,DEN,NO,117,111
2018,MEM,ATL,96,94
2018,MIL,CHI,109,115
2018,BOS,UTAH,95,107
2018,TOR,BKN,120,87
2018,CHA,MIA,98,104
2018,IND,DET,98,104
2018,ORL,POR,88,95
2018,PHI,OKC,117,119
2018,WSH,LAC,100,91
2018,GS,DAL,112,97
2018,CLE,LAL,121,112
2018,MIN,SAC,119,96
2018,ATL,DET,91,105
2018,BKN,NY,104,111
2018,HOU,CHA,108,96
2018,PHX,TOR,109,115
2018,CHI,UTAH,103,100
2018,NO,MIL,115,108
2018,BOS,DEN,124,118
2018,MIA,POR,95,102
2018,IND,OKC,95,100
2018,ORL,LAC,95,106
2018,WSH,MEM,93,87
2018,SAC,PHX,99,92
2018,MIN,PHI,112,118
2018,DAL,SA,95,89
2018,BKN,WSH,103,98
2018,CLE,ATL,123,114
2018,DET,DEN,84,103
2018,NY,LAL,113,109
2018,GS,POR,111,104
2018,LAC,TOR,96,91
2018,CHI,BOS,108,85
2018,HOU,NO,130,123
2018,MEM,MIA,82,107
2018,OKC,CHA,103,116
2018,NY,ATL,111,107
2018,MIN,DAL,97,92
2018,NO,PHI,131,124
2018,IND,DEN,126,116
2018,DET,BOS,81,91
2018,SAC,TOR,87,102
2018,POR,HOU,117,124
2018,MEM,OKC,101,102
2018,PHX,SA,101,104
2018,MIL,UTAH,117,100
2018,CLE,PHI,105,98
2018,CHI,NY,104,102
2018,ATL,ORL,117,110
2018,CHA,LAL,99,110
2018,BKN,MIA,89,101
2018,LAC,WSH,113,112
2018,SA,BOS,105,102
2018,MEM,TOR,107,116
2018,MIL,DAL,109,102
2018,NO,SAC,109,116
2018,CHA,CHI,111,119
2018,DET,GS,98,102
2018,IND,CLE,106,102
2018,ORL,DEN,89,103
2018,UTAH,HOU,101,112
2018,BKN,OKC,100,95
2018,PHX,WSH,99,109
2018,PHI,LAL,104,107
2018,LAC,MIN,107,113
2018,SA,MIA,117,105
2018,CHA,GS,87,101
2018,MIL,DET,104,100
2018,NO,DEN,123,114
2018,BOS,DAL,97,90
2018,NY,MEM,99,88
2018,CLE,SAC,101,95
2018,IND,CHI,98,96
2018,ORL,ATL,110,106
2018,POR,WSH,92,106
2018,OKC,UTAH,100,94
2018,TOR,PHX,126,113
2018,UTAH,WSH,116,69
2018,DAL,DEN,122,105
2018,SA,DET,96,93
2018,CHI,CLE,91,113
2018,MEM,MIN,95,92
2018,NO,GS,115,125
2018,ATL,BKN,90,110
2018,BOS,MIL,111,100
2018,CHA,ORL,104,94
2018,IND,NY,115,97
2018,PHI,PHX,101,115
2018,LAL,HOU,95,118
2018,MIA,GS,95,123
2018,MIN,LAC,112,106
2018,OKC,SA,90,87
2018,NY,ORL,100,105
2018,POR,NO,116,123
2018,DEN,LAL,115,100
2018,MIL,SAC,109,104
2018,CLE,MEM,116,111
2018,PHI,DET,108,103
2018,BKN,ATL,102,114
2018,DAL,LAC,108,82
2018,BOS,PHX,116,111
2018,UTAH,NO,114,108
2018,MIA,CHA,105,100
2018,CHI,SAC,106,107
2018,MEM,SA,79,95
2018,OKC,MIN,111,107
2018,TOR,IND,120,115
2018,ORL,GS,112,133
2018,WSH,DET,109,91
2018,LAC,UTAH,107,126
2018,POR,MIL,91,103
2018,DEN,CHI,111,110
2018,ATL,CLE,114,121
2018,BOS,PHI,108,97
2018,LAL,GS,123,127
2018,DAL,BKN,104,109
2018,SA,MEM,104,95
2018,HOU,IND,118,97
2018,NO,MIN,102,120
2018,NY,MIA,115,86
2018,TOR,CHA,126,113
2018,DET,PHX,131,107
2018,ORL,OKC,121,108
2018,PHI,WSH,118,113
2018,UTAH,DEN,106,77
2018,SAC,MIL,87,112
2018,CHI,PHX,99,104
2018,MIN,WSH,89,92
2018,CLE,MIA,108,97
2018,GS,SAC,106,110
2018,LAC,LAL,120,115
2018,SA,DAL,115,108
2018,HOU,BKN,117,103
2018,BOS,DET,108,118
2018,NY,POR,91,103
2018,IND,ORL,121,109
2018,PHI,CLE,91,113
2018,MEM,BKN,88,98
2018,CHI,MIA,93,100
2018,MIN,PHX,119,108
2018,SAC,LAC,95,97
2018,UTAH,MIL,121,108
2018,DAL,OKC,97,81
2018,GS,NO,110,95
2018,IND,BOS,98,108
2018,HOU,NY,117,102
2018,ATL,TOR,78,112
2018,CHA,SA,86,106
2018,PHI,ORL,130,111
2018,WSH,POR,105,108
2018,GS,CHI,143,94
2018,DEN,MEM,104,92
2018,PHX,NO,91,115
2018,CLE,CHA,100,99
2018,IND,TOR,107,104
2018,MIN,MIA,97,109
2018,OKC,DET,98,99
2018,ATL,NY,116,104
2018,BOS,ORL,118,103
2018,BKN,POR,125,127
2018,SAC,LAL,113,102
2018,PHX,MIL,107,113
2018,UTAH,CHI,110,80
2018,HOU,DEN,125,95
2018,MEM,DAL,94,95
2018,MIN,ORL,124,118
2018,NO,SA,107,90
2018,OKC,GS,108,91
2018,ATL,LAC,103,116
2018,MIA,BOS,104,98
2018,NY,TOR,108,100
2018,CHA,WSH,129,124
2018,CLE,BKN,119,109
2018,PHI,POR,101,81
2018,LAL,CHI,103,94
2018,SAC,DEN,98,114
2018,DAL,BOS,102,110
2018,SA,ATL,96,85
2018,MEM,POR,92,100
2018,MIL,WSH,88,99
2018,NO,OKC,114,107
2018,NY,LAC,107,85
2018,CHA,MIN,118,102
2018,DET,CLE,88,116
2018,ORL,IND,97,105
2018,PHI,UTAH,107,86
2018,LAL,DEN,127,109
2018,PHX,CHI,113,105
2018,MIN,DET,97,100
2018,BKN,GS,111,118
2018,MIA,IND,95,120
2018,TOR,WSH,100,91
2018,POR,SAC,102,90
2018,DAL,MIL,111,79
2018,MEM,HOU,83,105
2018,ATL,BOS,99,110
2018,PHI,GS,116,124
2018,CHA,LAC,102,87
2018,ORL,UTAH,85,125
2018,DEN,NO,146,114
2018,LAL,PHX,113,122
2018,SAC,POR,86,82
2018,DAL,MIN,87,111
2018,CHI,CHA,123,120
2018,SA,OKC,104,101
2018,BKN,UTAH,118,107
2018,CLE,LAC,118,113
2018,TOR,NY,107,84
2018,IND,DET,107,100
2018,WSH,MIA,88,91
2018,PHX,HOU,116,142
2018,BOS,GS,92,88
2018,LAL,PHI,109,115
2018,POR,ORL,99,94
2018,CHA,CLE,107,115
2018,MEM,IND,113,116
2018,MIL,DET,99,95
2018,MIN,SA,98,86
2018,NO,TOR,116,125
2018,OKC,CHI,92,79
2018,ATL,SAC,126,80
2018,MIA,WSH,93,102
2018,NY,UTAH,106,101
2018,DAL,SA,91,97
2018,HOU,TOR,113,129
2018,BKN,BOS,102,109
2018,GS,ORL,110,100
2018,LAC,PHI,105,109
2018,POR,DEN,99,82
2018,PHX,LAL,93,100
2018,UTAH,MIN,98,109
2018,MIL,MEM,110,103
2018,NO,ATL,106,105
2018,NY,CLE,101,104
2018,WSH,SAC,110,92
2018,OKC,DAL,112,99
2018,IND,HOU,95,118
2018,DET,MIA,112,103
2018,BOS,TOR,95,94
2018,DEN,ORL,125,107
2018,PHX,MIN,118,110
2018,UTAH,BKN,114,106
2018,DAL,CLE,104,111
2018,MIL,LAL,98,90
2018,SA,CHI,133,94
2018,GS,PHI,135,114
2018,NY,SAC,118,91
2018,HOU,MEM,111,96
2018,WSH,ATL,113,94
2018,NO,LAC,111,103
2018,POR,BKN,97,101
2018,OKC,LAC,120,111
2018,SA,MIL,87,94
2018,PHX,ORL,112,128
2018,UTAH,MIA,74,84
2018,CHI,IND,87,105
2018,BOS,CHA,90,87
2018,DET,ATL,111,104
2018,DEN,OKC,102,94
2018,SAC,PHI,109,108
2018,HOU,CLE,117,113
2018,TOR,NO,122,118
2018,WSH,LAL,111,95
2018,GS,MIN,125,101
2018,PHX,MIA,115,126
2018,BOS,LAL,107,96
2018,DET,IND,114,97
2018,ORL,NY,112,99
2018,POR,MEM,97,98
2018,SAC,OKC,94,86
2018,DEN,BKN,112,104
2018,UTAH,PHI,97,104
2018,SA,LAC,120,107
2018,NY,CHA,118,113
2018,TOR,CHI,119,114
2018,CLE,MIL,124,119
2018,IND,NO,112,117
2018,WSH,DAL,99,113
2018,GS,MIA,97,80
2018,PHX,BKN,92,98
2018,ATL,BOS,107,110
2018,LAL,MEM,107,102
2018,POR,OKC,103,99
2018,MIN,CHA,112,94
2018,NY,IND,108,101
2018,HOU,UTAH,137,110
2018,SA,PHX,112,95
2018,ORL,BOS,88,104
2018,TOR,WSH,96,107
2018,LAC,MIA,101,104
2018,CLE,ATL,115,117
2018,DEN,GS,108,127
2018,CHI,NO,90,96
2018,MIN,DAL,112,99
2018,DET,SAC,108,99
2018,LAC,MEM,104,113
2018,LAL,BKN,124,112
2018,OKC,BOS,94,101
2018,DEN,MIA,95,94
2018,UTAH,TOR,100,109
2018,DAL,NO,94,99
2018,SA,CHA,108,101
2018,ATL,HOU,104,119
2018,NY,PHX,120,107
2018,DET,MIL,105,96
2018,ORL,CHI,83,105
2018,PHI,IND,121,110
2018,WSH,CLE,122,130
2018,POR,LAL,113,110
2018,SA,GS,92,112
2018,LAC,DAL,119,98
2018,DEN,TOR,129,111
2018,UTAH,POR,112,103
2018,NY,HOU,97,119
2018,MEM,ORL,99,101
2018,NO,MIN,98,104
2018,BOS,SAC,113,86
2018,MIA,CHI,97,91
2018,CHA,MIL,126,121
2018,CLE,IND,107,124
2018,PHI,ATL,119,109
2018,WSH,PHX,116,122
2018,LAL,DET,113,93
2018,MIL,OKC,91,110
2018,BKN,PHX,114,122
2018,IND,SAC,101,83
2018,LAC,GS,113,141
2018,POR,TOR,85,99
2018,UTAH,DAL,104,89
2018,HOU,PHI,107,115
2018,MEM,CHA,99,104
2018,NO,ORL,99,115
2018,BOS,SA,108,94
2018,MIA,MIN,122,125
2018,NY,DEN,116,110
2018,GS,DET,107,115
2018,CLE,NY,95,114
2018,BKN,DEN,111,124
2018,CHA,ORL,120,113
2018,SAC,WSH,83,110
2018,IND,SA,97,94
2018,ATL,MIL,106,117
2018,LAC,DET,87,95
2018,POR,PHX,114,107
2018,UTAH,LAL,96,81
2018,DAL,PHI,110,112
2018,MIA,BOS,90,96
2018,CHI,OKC,69,101
2018,MEM,HOU,103,89
2018,NO,CLE,123,101
2018,GS,WSH,120,117
2018,LAL,TOR,92,101
2018,MIN,OKC,119,116
2018,ATL,DEN,100,105
2018,NY,BKN,107,86
2018,CHA,HOU,93,109
2018,ORL,SA,114,87
2018,SAC,NO,106,114
2018,POR,LAC,103,104
2018,CHI,ATL,91,86
2018,MEM,DAL,96,91
2018,MIL,BOS,89,96
2018,GS,TOR,117,112
2018,LAL,WSH,102,99
2018,PHX,UTAH,97,88
2018,DAL,MEM,103,94
2018,MIA,SA,100,117
2018,OKC,IND,114,96
2018,BKN,CLE,112,107
2018,CHA,DEN,110,93
2018,DET,MIN,122,101
2018,PHI,HOU,104,105
2018,LAC,UTAH,102,84
2018,POR,NO,103,93
2018,MIN,IND,107,130
2018,BOS,NY,110,89
2018,CLE,CHI,119,112
2018,ORL,BKN,125,121
2018,PHX,SAC,117,115
2018,DEN,WSH,104,109
2018,DAL,GS,103,133
2018,SA,TOR,101,97
2018,HOU,MEM,90,98
2018,MIL,CHA,103,94
2018,MIA,ATL,104,93
2018,DET,PHI,86,97
2018,LAL,NO,112,119
2018,OKC,MIN,113,115
2018,BKN,ATL,116,104
2018,LAC,PHX,130,88
2018,DEN,SAC,96,79
2018,UTAH,OKC,96,87
2018,MIL,POR,113,110
2018,CLE,ORL,93,114
2018,MIA,IND,112,108
2018,NY,DET,107,111
2018,CHI,SA,77,87
2018,HOU,DAL,107,91
2018,MEM,GS,111,101
2018,TOR,PHI,128,94
2018,PHX,LAL,130,132
2018,NO,GS,120,128
2018,DAL,SAC,88,93
2018,MIN,UTAH,100,97
2018,BKN,ORL,126,121
2018,MIL,CLE,97,116
2018,CHA,ATL,109,91
2018,IND,POR,96,114
2018,PHI,BOS,92,102
2018,WSH,DET,115,111
2018,LAL,LAC,92,108
2018,OKC,NY,105,84
2018,TOR,CHI,117,100
2018,PHX,POR,76,124
2018,SAC,HOU,100,105
2018,SA,MIN,107,99
2018,UTAH,DEN,106,96
2018,DAL,ATL,111,117
2018,MEM,NO,103,91
2018,BOS,MIL,100,108
2018,WSH,PHI,120,115
2018,DET,CHA,102,90
2018,IND,BKN,140,131
2018,ORL,MIA,116,109
2018,GS,HOU,121,122
2018,CLE,BOS,102,99
2019,DEN,MIN,99,95
2019,LAC,UTAH,143,137
2019,POR,SAC,136,131
2019,ATL,IND,134,135
2019,BKN,MIA,113,94
2019,CHA,ORL,114,122
2019,NY,DET,89,115
2019,PHI,CHI,125,109
2019,MEM,GS,132,117
2019,MIL,OKC,116,127
2019,SA,DAL,105,94
2019,LAL,POR,101,104
2019,OKC,HOU,112,111
2019,UTAH,DEN,118,108
2019,DAL,PHX,120,109
2019,CHI,NY,86,96
2019,MIN,TOR,100,120
2019,NO,GS,103,112
2019,MIA,PHI,122,99
2019,CLE,CHA,97,124
2019,DET,MEM,100,93
2019,WSH,BOS,110,116
2019,LAL,UTAH,113,109
2019,POR,DEN,115,108
2019,SAC,NO,129,133
2019,GS,LAC,131,104
2019,BOS,ORL,108,116
2019,NY,WSH,113,110
2019,HOU,PHX,149,113
2019,MIL,ATL,115,107
2019,MEM,DAL,127,129
2019,IND,BKN,96,108
2019,DET,CHA,91,104
2019,MIN,OKC,126,132
2019,CLE,SA,90,112
2019,TOR,MIA,117,109
2019,CHI,PHI,96,116
2019,MIL,BKN,128,133
2019,DEN,POR,119,110
2019,GS,CLE,120,114
2019,LAC,LAL,117,122
2019,PHX,NO,133,126
2019,UTAH,SAC,119,98
2019,DAL,MEM,112,122
2019,IND,BOS,97,117
2019,HOU,NY,120,96
2019,MIN,MIA,111,109
2019,OKC,DET,123,110
2019,CHA,TOR,113,111
2019,ORL,ATL,149,113
2019,WSH,SA,112,129
2019,LAL,GS,90,108
2019,SAC,CLE,117,104
2019,PHI,MIL,122,128
2019,LAC,HOU,103,135
2019,PHX,UTAH,97,118
2019,POR,MEM,116,89
2019,DEN,SA,113,85
2019,DAL,MIN,108,110
2019,NO,CHA,109,115
2019,ATL,PHI,130,122
2019,BKN,TOR,105,115
2019,MIA,BOS,102,112
2019,DET,IND,89,108
2019,ORL,NY,114,100
2019,WSH,CHI,114,115
2019,GS,DEN,116,102
2019,SAC,HOU,105,130
2019,SA,ATL,117,111
2019,OKC,LAL,119,103
2019,PHX,CLE,122,113
2019,UTAH,CHA,111,102
2019,DAL,PHI,122,102
2019,MIN,POR,122,132
2019,BOS,MIA,110,105
2019,BKN,MIL,121,131
2019,NY,CHI,113,105
2019,TOR,ORL,121,109
2019,IND,DET,111,102
2019,LAC,MEM,113,96
2019,GS,CHA,137,90
2019,DEN,WSH,90,95
2019,SA,SAC,106,113
2019,NO,LAL,102,130
2019,OKC,DAL,103,106
2019,ATL,MIL,136,135
2019,PHX,MEM,115,120
2019,CHI,TOR,101,124
2019,MIN,PHI,109,118
2019,NY,MIA,92,100
2019,DET,POR,99,90
2019,IND,ORL,116,121
2019,BKN,BOS,110,96
2019,HOU,SAC,119,108
2019,LAC,CLE,132,108
2019,LAL,CHA,129,115
2019,UTAH,WSH,128,124
2019,MIN,GS,131,130
2019,OKC,DEN,105,115
2019,ATL,POR,98,118
2019,BOS,IND,114,112
2019,SA,CLE,116,110
2019,HOU,DEN,112,85
2019,MIL,LAC,128,118
2019,NO,SAC,121,118
2019,MIA,DAL,105,99
2019,NY,TOR,92,117
2019,DET,ORL,115,98
2019,PHI,BKN,123,110
2019,UTAH,LAL,115,100
2019,PHX,WSH,121,124
2019,CHI,POR,98,118
2019,MEM,GS,103,118
2019,OKC,IND,107,99
2019,LAL,WSH,124,106
2019,DEN,DET,95,92
2019,DAL,SAC,121,125
2019,MIL,HOU,108,94
2019,MIN,LAC,111,122
2019,NO,ATL,120,130
2019,MIA,ORL,99,104
2019,TOR,CHI,112,103
2019,CHA,SA,125,116
2019,CLE,BOS,106,116
2019,POR,BKN,148,144
2019,UTAH,PHX,125,92
2019,MEM,OKC,115,103
2019,ORL,PHI,119,98
2019,LAL,SAC,111,106
2019,GS,DET,121,114
2019,BOS,SA,96,115
2019,NO,HOU,90,113
2019,TOR,CHA,114,115
2019,IND,DEN,124,88
2019,MIL,CLE,127,105
2019,NY,LAC,113,124
2019,POR,DET,117,112
2019,SAC,PHX,112,103
2019,GS,DAL,91,126
2019,CHI,UTAH,83,114
2019,MEM,MIN,99,112
2019,ATL,PHI,129,127
2019,WSH,MIA,108,113
2019,CHA,BOS,124,117
2019,LAL,BKN,106,111
2019,MIL,MIA,116,87
2019,HOU,SA,111,105
2019,CLE,LAC,108,110
2019,NY,DEN,93,111
2019,TOR,OKC,109,116
2019,ORL,MEM,123,119
2019,GS,IND,112,89
2019,PHX,DET,98,118
2019,SAC,DAL,116,100
2019,ATL,UTAH,117,114
2019,CHA,MIN,113,106
2019,WSH,DEN,108,113
2019,POR,DAL,126,118
2019,OKC,TOR,114,123
2019,SA,MIA,105,110
2019,CHI,WSH,126,120
2019,MEM,HOU,126,125
2019,NY,UTAH,116,137
2019,CLE,MIL,107,102
2019,ORL,NO,119,96
2019,PHI,BOS,118,115
2019,LAC,IND,115,109
2019,SAC,BKN,121,123
2019,MIL,LAL,115,101
2019,MIN,GS,107,117
2019,ATL,HOU,105,121
2019,CHA,PHI,114,118
2019,POR,IND,106,98
2019,PHX,CHI,101,116
2019,DAL,NO,125,129
2019,OKC,MIA,107,116
2019,SA,GS,111,105
2019,BOS,DEN,105,114
2019,TOR,NY,128,92
2019,CLE,DET,126,119
2019,WSH,UTAH,95,116
2019,HOU,MIN,117,102
2019,LAC,BKN,119,116
2019,ORL,ATL,101,91
2019,SAC,CHI,129,102
2019,DET,TOR,110,107
2019,MIL,PHI,125,130
2019,MIA,CHA,93,75
2019,NY,LAL,124,123
2019,DEN,IND,102,100
2019,UTAH,BKN,114,98
2019,DAL,CLE,121,116
2019,OKC,GS,88,110
2019,SA,POR,108,103
2019,WSH,MEM,135,128
2019,NO,PHX,136,138
2019,BOS,ATL,129,120
2019,LAC,CHI,128,121
2019,SA,NY,109,83
2019,MIA,MIL,98,113
2019,HOU,PHX,108,102
2019,NO,POR,110,122
2019,DET,LAL,111,97
2019,PHI,SAC,123,114
2019,WSH,CHA,110,116
2019,DEN,DAL,100,99
2019,UTAH,MIN,120,100
2019,TOR,LAL,111,98
2019,BOS,SAC,126,120
2019,IND,OKC,108,106
2019,ORL,CLE,120,91
2019,PHX,UTAH,97,114
2019,HOU,GS,104,106
2019,MIA,DET,108,74
2019,ATL,MEM,132,111
2019,WSH,ORL,100,90
2019,OKC,BKN,108,96
2019,DEN,MIN,133,107
2019,LAC,POR,104,125
2019,CHI,LAL,107,123
2019,NO,MIL,113,130
2019,DAL,SA,105,112
2019,IND,NY,103,98
2019,PHI,CLE,106,99
2019,LAC,BOS,140,115
2019,UTAH,OKC,89,98
2019,HOU,CHA,118,106
2019,BKN,DET,103,75
2019,CLE,TOR,126,101
2019,WSH,SAC,121,115
2019,GS,PHX,111,115
2019,MIN,NY,103,92
2019,SA,MIL,121,114
2019,DAL,HOU,93,94
2019,ATL,NO,128,116
2019,MEM,ORL,105,97
2019,MIA,TOR,104,125
2019,PHI,IND,106,89
2019,DET,CHI,131,108
2019,POR,PHX,127,120
2019,MIL,CHA,131,114
2019,LAL,BOS,107,120
2019,MIN,WSH,135,130
2019,ATL,BKN,112,114
2019,NY,SAC,94,102
2019,GS,DEN,122,105
2019,LAC,OKC,118,110
2019,MIA,CLE,126,110
2019,CHI,DET,104,112
2019,HOU,PHI,107,91
2019,MEM,UTAH,114,104
2019,NO,TOR,104,127
2019,CHA,WSH,112,111
2019,ORL,DAL,111,106
2019,POR,OKC,121,129
2019,MIL,IND,117,98
2019,LAL,DEN,99,115
2019,SAC,BOS,109,111
2019,PHX,NY,107,96
2019,CHI,PHI,108,107
2019,NO,UTAH,104,114
2019,ATL,SA,104,111
2019,BKN,CLE,113,107
2019,CHA,MIA,84,91
2019,DET,MIN,131,114
2019,WSH,DAL,132,123
2019,GS,BOS,95,128
2019,TOR,HOU,95,107
2019,MEM,POR,120,111
2019,MIN,OKC,131,120
2019,IND,CHI,105,96
2019,PHI,ORL,114,106
2019,LAL,LAC,105,113
2019,SAC,NY,115,108
2019,PHX,MIL,114,105
2019,UTAH,NO,112,115
2019,SA,DEN,104,103
2019,BKN,DAL,127,88
2019,MIA,ATL,114,113
2019,OKC,MEM,99,95
2019,CLE,ORL,107,93
2019,DET,TOR,112,107
2019,WSH,MIN,135,121
2019,BOS,HOU,104,115
2019,CHI,ATL,118,123
2019,LAC,NY,128,107
2019,CHA,POR,108,118
2019,DEN,NO,112,120
2019,PHX,LAL,118,109
2019,UTAH,MIL,115,111
2019,PHI,GS,117,120
2019,DAL,MEM,81,111
2019,SA,OKC,116,102
2019,MIA,BKN,117,88
2019,IND,ORL,112,117
2019,CLE,DET,93,129
2019,LAL,MIL,120,131
2019,SAC,LAC,109,116
2019,PHX,NO,116,130
2019,TOR,POR,119,117
2019,BOS,WSH,107,96
2019,ATL,CHI,161,168
2019,BKN,CHA,112,123
2019,DEN,UTAH,104,111
2019,HOU,MIA,121,118
2019,OKC,PHI,104,108
2019,NY,CLE,118,125
2019,IND,MIN,122,115
2019,ORL,GS,103,96
2019,LAL,NO,125,119
2019,SAC,MIL,140,141
2019,UTAH,LAC,111,105
2019,SA,DET,105,93
2019,DAL,IND,110,101
2019,BOS,POR,92,97
2019,MEM,CHI,107,109
2019,ATL,MIN,131,123
2019,BKN,WSH,116,125
2019,MIA,GS,126,125
2019,CHA,HOU,113,118
2019,DEN,OKC,121,112
2019,TOR,BOS,118,95
2019,NY,ORL,108,103
2019,LAC,DAL,121,112
2019,CHI,MIL,106,117
2019,HOU,ATL,119,111
2019,MEM,LAL,110,105
2019,MIN,SAC,112,105
2019,NO,PHI,110,111
2019,BKN,SA,101,85
2019,MIA,PHX,121,124
2019,CHA,GS,110,121
2019,CLE,POR,110,123
2019,DET,IND,113,109
2019,NY,SA,130,118
2019,DEN,LAC,123,96
2019,TOR,ORL,98,113
2019,UTAH,DAL,125,109
2019,MIL,MIN,140,128
2019,GS,HOU,112,118
2019,CHI,BOS,126,116
2019,OKC,SAC,116,119
2019,MIA,DET,96,119
2019,ATL,PHX,120,112
2019,CHA,BKN,115,117
2019,CLE,MEM,112,107
2019,WSH,IND,112,119
2019,NO,LAL,128,115
2019,PHI,POR,115,130
2019,OKC,UTAH,148,147
2019,DAL,DEN,104,114
2019,MEM,LAC,106,112
2019,ATL,DET,122,125
2019,NY,MIN,104,115
2019,CHA,WSH,123,110
2019,IND,NO,126,111
2019,ORL,CHI,109,110
2019,TOR,SA,120,117
2019,GS,SAC,125,123
2019,LAL,HOU,111,106
2019,MIL,BOS,98,97
2019,BKN,POR,99,113
2019,CLE,PHX,111,98
2019,PHI,MIA,106,102
2019,NO,OKC,131,122
2019,ATL,NY,91,106
2019,ORL,CHA,127,89
2019,POR,GS,129,107
2019,LAC,PHX,134,107
2019,DEN,SAC,120,118
2019,DAL,MIA,101,112
2019,CHI,MEM,122,110
2019,MIN,HOU,121,111
2019,BOS,DET,118,110
2019,NY,PHI,111,126
2019,TOR,WSH,129,120
2019,CLE,BKN,139,148
2019,IND,MIL,97,106
2019,GS,UTAH,115,108
2019,PHI,BOS,109,112
2019,MEM,SA,107,108
2019,NO,ORL,88,118
2019,ATL,LAL,117,113
2019,DEN,MIA,103,87
2019,CHI,MIL,99,112
2019,HOU,DAL,120,104
2019,MIN,LAC,130,120
2019,OKC,POR,120,111
2019,TOR,BKN,127,125
2019,CLE,NY,107,104
2019,DET,WSH,121,112
2019,IND,CHA,99,90
2019,GS,MIA,120,118
2019,ATL,ORL,108,124
2019,SAC,PHX,117,104
2019,PHI,LAL,143,120
2019,DAL,POR,102,101
2019,MIL,ORL,83,103
2019,HOU,OKC,112,117
2019,BOS,LAC,112,123
2019,CHI,WSH,125,134
2019,MEM,NO,99,90
2019,ATL,CHA,120,129
2019,NY,TOR,99,104
2019,IND,CLE,105,90
2019,UTAH,SA,125,105
2019,SAC,MIA,102,96
2019,NO,MIN,122,117
2019,PHX,GS,107,117
2019,DAL,MIL,107,122
2019,BKN,CHI,106,125
2019,DET,NY,120,103
2019,PHI,DEN,117,110
2019,WSH,CLE,119,106
2019,POR,SA,127,118
2019,BOS,LAL,128,129
2019,OKC,MEM,117,95
2019,ATL,TOR,101,119
2019,IND,LAC,116,92
2019,ORL,MIN,122,112
2019,GS,SA,141,102
2019,SAC,HOU,101,127
2019,UTAH,PHX,116,88
2019,DAL,CHA,99,93
2019,CHI,NO,120,125
2019,MIL,WSH,148,129
2019,BKN,DEN,135,130
2019,POR,MIA,108,118
2019,PHI,TOR,107,119
2019,MEM,MIN,108,106
2019,OKC,ORL,132,122
2019,NY,DET,92,105
2019,CHA,LAC,115,117
2019,CLE,BOS,96,103
2019,IND,LAL,136,94
2019,SAC,SA,127,112
2019,PHX,HOU,110,118
2019,NO,IND,107,109
2019,BKN,MIL,94,113
2019,DET,DEN,129,103
2019,WSH,ATL,129,137
2019,TOR,LAC,121,103
2019,BOS,OKC,134,129
2019,NY,MEM,84,96
2019,SAC,PHI,115,108
2019,MIN,DEN,106,107
2019,PHX,ATL,112,118
2019,UTAH,HOU,98,125
2019,SA,NO,113,108
2019,GS,LAL,115,101
2019,CLE,DAL,98,111
2019,MIA,IND,88,95
2019,CHA,CHI,125,118
2019,ORL,BKN,102,89
2019,WSH,MIL,115,131
2019,DET,LAC,101,111
2019,DEN,HOU,136,122
2019,UTAH,ATL,128,112
2019,MIA,OKC,102,118
2019,NY,BOS,99,113
2019,CHA,MEM,100,92
2019,GS,PHI,104,113
2019,LAC,LAL,120,123
2019,SA,BKN,117,114
2019,TOR,MIL,92,105
2019,DET,DAL,93,89
2019,ORL,IND,107,100
2019,POR,UTAH,132,105
2019,SAC,ATL,135,113
2019,WSH,IND,107,89
2019,MIN,MEM,99,97
2019,NO,DEN,99,105
2019,BOS,CHA,126,94
2019,MIA,CHI,89,105
2019,NY,DAL,90,114
2019,LAL,PHI,105,121
2019,SA,PHX,126,124
2019,HOU,NO,116,121
2019,BKN,CHI,122,117
2019,CLE,WSH,116,113
2019,DET,MIL,105,115
2019,ORL,OKC,117,126
2019,LAC,ATL,118,123
2019,MEM,DEN,92,95
2019,BOS,BKN,112,104
2019,CHA,NY,101,92
2019,IND,GS,100,132
2019,LAL,PHX,116,102
2019,NY,MIA,97,106
2019,DAL,TOR,120,123
2019,HOU,ORL,103,98
2019,MIN,UTAH,111,125
2019,SA,WSH,132,119
2019,OKC,MIL,118,112
2019,CHI,CLE,101,104
2019,LAC,SAC,122,108
2019,POR,ATL,120,111
2019,DEN,PHI,126,110
2019,BOS,GS,111,115
2019,MEM,IND,106,103
2019,NO,SA,114,126
2019,DEN,PHX,132,95
2019,UTAH,MIN,106,102
2019,DAL,DET,106,101
2019,MIL,CHA,108,99
2019,CHI,LAC,101,106
2019,HOU,TOR,121,119
2019,MEM,SAC,96,99
2019,BKN,NY,109,99
2019,CLE,MIA,94,100
2019,ORL,WSH,91,95
2019,LAL,MIN,105,120
2019,PHX,POR,106,120
2019,WSH,GS,118,126
2019,OKC,NO,122,116
2019,UTAH,DEN,114,108
2019,PHI,SA,122,120
2019,CHI,ATL,101,121
2019,MEM,CHA,107,118
2019,NO,DET,94,98
2019,BOS,CLE,123,103
2019,BKN,ORL,114,110
2019,MIA,LAC,99,111
2019,NY,HOU,110,114
2019,IND,TOR,110,106
2019,PHX,MIN,91,118
2019,DAL,LAC,106,98
2019,OKC,POR,123,114
2019,TOR,SAC,120,105
2019,LAL,GS,111,130
2019,UTAH,POR,104,109
2019,PHI,HOU,121,93
2019,BOS,MIA,107,99
2019,MEM,NO,85,105
2019,BKN,SAC,123,94
2019,ATL,ORL,103,122
2019,WSH,DET,101,87
2019,MIL,DAL,116,106
2019,CLE,CHI,88,104
2019,NY,OKC,109,127
2019,MIN,PHX,116,114
2019,SA,LAC,95,103
2019,IND,CHA,120,95
2019,DEN,CLE,124,102
2019,HOU,LAL,138,134
2019,CHI,MIA,103,117
2019,ATL,BOS,105,113
2019,TOR,MEM,119,90
2019,DET,SAC,101,103
2019,IND,DAL,111,99
2019,ORL,MIL,108,118
2019,CHA,PHX,135,115
2019,PHI,OKC,115,117
2019,LAC,GS,94,112
2019,POR,NO,128,112
2019,UTAH,CLE,115,99
2019,MIN,SA,113,116
2019,BOS,MEM,122,116
2019,DET,MIA,98,93
2019,ORL,BKN,115,117
2019,OKC,LAL,128,138
2019,DEN,CHI,135,105
2019,TOR,PHX,111,109
2019,CHA,SAC,114,95
2019,IND,PHI,96,120
2019,WSH,NY,101,100
2019,GS,NO,147,140
2019,LAC,UTAH,109,129
2019,POR,CLE,129,112
2019,DAL,SA,101,105
2019,BOS,TOR,117,108
2019,HOU,BKN,142,145
2019,MEM,MIL,101,111
2019,DET,ORL,120,115
2019,LAL,CHI,107,100
2019,DEN,GS,111,142
2019,MIL,MIA,124,86
2019,ATL,OKC,142,126
2019,IND,PHX,131,97
2019,PHI,MIN,149,107
2019,LAC,NO,117,121
2019,SAC,POR,115,107
2019,UTAH,DET,100,94
2019,SA,CHA,93,108
2019,HOU,MEM,112,94
2019,BKN,BOS,109,102
2019,LAL,CLE,95,101
2019,DEN,POR,116,113
2019,DAL,GS,114,119
2019,ORL,HOU,116,109
2019,ATL,MIL,114,133
2019,NY,PHI,105,108
2019,WSH,TOR,138,140
2019,UTAH,CHI,110,102
2019,SAC,CHA,104,97
2019,PHX,DEN,102,93
2019,MIN,NO,110,106
2019,OKC,SA,122,112
2019,ORL,BOS,105,103
2019,MIA,MEM,112,108
2019,LAC,DET,104,109
2019,GS,CHI,146,109
2019,UTAH,LAL,113,95
2019,POR,CHA,127,96
2019,HOU,CLE,141,113
2019,MIN,DAL,115,119
2019,NY,IND,106,121
2019,TOR,BKN,122,105
2019,PHI,ATL,121,123
2019,WSH,MIL,113,106
2019,SAC,DET,112,102
2019,SA,OKC,154,147
2019,DEN,LAC,121,100
2019,MIA,BOS,115,99
2019,LAL,DET,113,100
2019,POR,CHI,124,112
2019,UTAH,ORL,106,93
2019,DAL,PHX,104,94
2019,HOU,MIL,109,116
2019,MEM,SA,96,86
2019,NO,CLE,140,124
2019,BKN,ATL,116,100
2019,BOS,IND,135,108
2019,WSH,PHI,123,106
2019,GS,NY,122,95
2019,LAC,CHA,128,109
2019,PHX,SAC,115,111
2019,OKC,MIN,117,119
2019,MIA,DEN,99,103
2019,TOR,ATL,104,101
2019,CLE,IND,115,123
2019,PHI,WSH,132,115
2019,POR,NY,111,101
2019,SAC,ORL,111,95
2019,DAL,LAL,97,107
2019,HOU,DEN,125,113
2019,MIL,UTAH,114,102
2019,NO,MEM,114,95
2019,BOS,BKN,116,95
2019,DET,SA,107,119
2019,PHX,CHA,113,119
2019,TOR,IND,121,105
2019,OKC,WSH,98,116
2019,ATL,MIA,106,82
2019,CHI,BKN,100,117
2019,MIN,LAL,108,86
2019,LAC,ORL,106,96
2019,POR,HOU,110,101
2019,SAC,GS,123,127
2019,MIL,TOR,116,123
2019,SA,MEM,108,88
2019,CLE,NO,98,133
2019,PHI,DAL,106,100
2019,DET,UTAH,105,110
2019,DEN,CHA,123,110
2019,LAL,NY,112,119
2019,POR,OKC,109,111
2019,PHX,LAC,111,121
2019,MIL,ATL,144,112
2019,BOS,DAL,114,93
2019,MIA,WSH,115,109
2019,CHI,IND,116,119
2019,MEM,BKN,100,109
2019,MIN,ORL,120,103
2019,CLE,UTAH,91,117
2019,GS,HOU,134,135
2019,SAC,DEN,113,117
2019,SA,TOR,125,107
2019,LAL,OKC,100,107
2019,PHX,PHI,127,132
2019,BOS,MIN,115,102
2019,CHI,ORL,84,112
2019,MEM,DET,94,101
2019,BKN,NO,126,121
2019,CHA,DAL,84,122
2019,CLE,MIA,92,117
2019,WSH,ATL,114,98
2019,LAC,PHI,113,119
2019,DEN,NY,115,108
2019,SAC,POR,108,113
2019,MIL,DET,121,98
2019,TOR,UTAH,122,116
2019,PHX,GS,109,132
2019,NO,MIN,123,114
2019,OKC,DAL,122,102
2019,HOU,MEM,113,101
2019,SA,BOS,120,111
2019,CHA,ORL,125,100
2019,IND,ATL,116,108
2019,LAL,SAC,121,114
2019,POR,PHI,129,95
2019,DAL,OKC,105,103
2019,MIA,MIN,104,113
2019,TOR,CHI,95,89
2019,ORL,DET,109,107
2019,LAC,SA,111,122
2019,POR,GS,105,115
2019,PHX,DEN,118,122
2019,MEM,BOS,103,112
2019,UTAH,NY,129,97
2019,ATL,CLE,111,108
2019,WSH,CHA,130,126
2019,NO,HOU,104,108
2019,MIL,BKN,129,115
2019,LAL,LAC,107,118
2019,DEN,SA,102,99
2019,PHX,OKC,102,118
2019,MIA,CLE,118,94
2019,MIN,ATL,120,123
2019,NO,DAL,114,112
2019,CHA,BKN,100,87
2019,IND,DET,125,88
2019,ORL,TOR,116,87
2019,WSH,CHI,92,101
2019,UTAH,PHI,97,114
2019,GS,POR,109,110
2019,SAC,LAL,117,116
2019,HOU,BOS,127,113
2019,MIL,NY,112,96
2019,LAC,SAC,127,118
2019,DAL,NO,122,119
2019,SA,DEN,111,103
2019,CHI,MIN,94,119
2019,MEM,CLE,95,87
2019,ATL,IND,121,129
2019,BKN,CHA,134,132
2019,MIA,TOR,104,106
2019,DET,WSH,106,95
2019,ORL,PHX,120,122
2019,UTAH,POR,117,96
2019,GS,LAL,101,127
2019,BOS,PHI,121,114
2019,HOU,OKC,113,109
2019,NY,MIL,95,109
2019,LAL,MEM,99,107
2019,POR,DAL,121,118
2019,GS,LAC,129,127
2019,OKC,MIN,112,114
2019,BOS,CHA,119,103
2019,BKN,PHX,111,103
2019,CLE,CHI,92,112
2019,ORL,MIA,91,115
2019,SAC,NO,122,117
2019,IND,WSH,105,89
2019,DET,ATL,95,98
2019,UTAH,OKC,106,107
2019,GS,DAL,120,116
2019,MIA,MIL,94,87
2019,HOU,SA,108,101
2019,PHI,TOR,126,101
2019,WSH,PHX,149,146
2019,LAC,DEN,132,111
2019,LAL,NO,112,104
2019,POR,UTAH,90,120
2019,SAC,MEM,102,99
2019,SA,MIN,124,98
2019,BOS,MIL,107,120
2019,CHI,ORL,90,80
2019,BKN,IND,106,114
2019,NY,ATL,107,114
2019,CHA,DET,98,86
2019,TOR,CLE,126,110
2019,LAC,DAL,125,121
2019,MIA,HOU,101,99
2019,POR,MEM,99,92
2019,SAC,OKC,113,132
2019,UTAH,GS,108,103
2019,CHI,BKN,93,96
2019,HOU,WSH,136,118
2019,MIL,NO,123,115
2019,MIN,DET,123,129
2019,BOS,PHX,103,111
2019,TOR,IND,99,96
2019,CHA,CLE,110,99
2019,ORL,SA,90,129
2019,PHI,NY,131,109
2019,DEN,DAL,126,118
2019,ATL,WSH,118,110
2019,BKN,LAL,115,110
2019,IND,CLE,91,92
2019,GS,MEM,110,93
2019,LAC,POR,127,131
2019,SA,PHI,123,96
2019,HOU,UTAH,102,97
2019,MIN,SAC,132,105
2019,OKC,CHI,121,96
2019,NY,PHX,110,128
2019,DET,MIL,104,107
2019,DEN,TOR,95,86
2019,DAL,SAC,113,120
2019,NO,MIA,96,102
2019,WSH,LAL,128,110
2019,IND,NY,110,99
2019,CLE,PHI,105,128
2019,BKN,ATL,144,127
2019,OKC,LAC,110,104
2019,PHX,MIN,107,99
2019,SA,CHI,93,98
2019,MEM,HOU,97,105
2019,CHA,LAL,100,128
2019,DET,BOS,113,104
2019,ORL,UTAH,96,89
2019,DEN,OKC,109,98
2019,POR,TOR,128,122
2019,SAC,GS,125,130
2019,MEM,MIA,97,100
2019,BKN,WSH,125,118
2019,CLE,MIL,102,114
2019,PHI,IND,101,113
2019,BOS,ATL,129,108
2019,CHA,NY,124,126
2019,PHX,DAL,99,89
2019,ORL,CHI,97,91
2019,SA,LAC,125,87
2019,HOU,LAL,126,111
2019,GS,TOR,93,113
2019,SAC,MIN,141,130
2019,UTAH,MIA,111,84
2019,DAL,ATL,114,107
2019,MEM,POR,92,83
2019,NO,OKC,118,114
2019,CHA,DET,108,107
2019,CLE,NY,113,106
2019,IND,MIL,113,97
2019,PHI,BKN,124,127
2019,WSH,BOS,125,130
2019,LAC,TOR,99,123
2019,SA,PHX,111,86
2019,HOU,POR,111,104
2019,GS,MIN,116,108
2019,LAL,MIA,108,105
2019,DEN,MEM,105,99
2019,PHX,LAC,119,123
2019,DAL,ORL,101,76
2019,CHI,SAC,89,108
2019,MIL,CLE,108,92
2019,OKC,UTAH,122,113
2019,BOS,NO,113,100
2019,IND,WSH,109,101
2019,PHI,DET,116,102
2019,NY,CHA,107,119
2019,SA,UTAH,110,97
2019,TOR,MIL,99,104
2019,DET,NO,108,116
2019,LAC,MIA,98,121
2019,POR,MIN,113,105
2019,CHI,BOS,77,133
2019,MEM,LAL,88,111
2019,ATL,DEN,106,98
2019,CLE,WSH,116,101
2019,NY,BKN,104,112
2019,IND,SAC,107,97
2019,DAL,HOU,107,104
2019,MIL,GS,95,105
2019,PHX,MIA,98,115
2019,SA,LAL,133,120
2019,CHI,OKC,114,112
2019,NO,MEM,103,107
2019,BKN,TOR,106,105
2019,CLE,SAC,110,129
2019,CHA,DEN,113,107
2019,DET,PHI,111,117
2019,ORL,IND,90,112
2019,UTAH,HOU,118,91
2019,POR,PHX,108,86
2019,BOS,NY,128,100
2019,LAL,SA,121,113
2019,TOR,PHI,113,102
2019,MEM,LAC,96,86
2019,MIL,DET,115,92
2019,MIN,CHA,121,104
2019,NO,DAL,132,106
2019,ATL,WSH,117,131
2019,BKN,OKC,112,114
2019,CLE,GS,105,129
2019,ORL,DEN,118,124
2019,PHX,SAC,105,122
2019,UTAH,SA,139,105
2019,DAL,POR,111,102
2019,MIA,ORL,90,105
2019,IND,CHI,96,90
2019,MIN,HOU,103,91
2019,NO,LAC,126,129
2019,ATL,GS,111,128
2019,BKN,CLE,97,99
2019,NY,WSH,107,110
2019,TOR,DEN,103,106
2019,DET,OKC,83,110
2019,DAL,LAC,114,110
2019,SA,POR,131,118
2019,MIA,UTAH,102,100
2019,PHI,MEM,103,95
2019,CHA,NO,109,119
2019,LAL,PHX,120,96
2019,SAC,IND,111,110
2019,CLE,TOR,95,106
2019,HOU,CHI,121,105
2019,MIN,BOS,109,118
2019,DET,GS,111,102
2019,WSH,BKN,102,88
2019,NY,MIL,136,134
2019,LAL,DAL,114,103
2019,POR,DEN,112,113
2019,PHX,ORL,85,99
2019,MIA,NO,106,101
2019,OKC,ATL,124,109
2019,SA,HOU,105,136
2019,BKN,MEM,125,131
2019,BOS,CLE,128,95
2019,CHA,UTAH,111,119
2019,DET,CHI,107,88
2019,PHI,WSH,123,98
2019,LAL,IND,104,96
2019,SAC,LAC,121,133
2019,TOR,GS,131,128
2019,LAC,PHX,115,99
2019,POR,ORL,115,112
2019,HOU,DAL,108,128
2019,MIL,CHI,116,113
2019,MIN,SA,128,89
2019,NO,WSH,125,104
2019,OKC,CLE,100,83
2019,BKN,UTAH,91,101
2019,CHA,ATL,108,94
2019,PHI,NY,117,91
2019,DEN,LAL,117,85
2019,PHX,IND,104,109
2019,MEM,TOR,114,122
2019,MIA,ATL,113,115
2019,DET,NY,115,108
2019,GS,ORL,116,110
2019,UTAH,IND,88,121
2019,CHI,SA,107,108
2019,NO,BOS,107,124
2019,CHA,MIL,110,107
2019,CLE,MIN,95,102
2019,WSH,HOU,135,131
2019,POR,LAC,100,104
2019,SAC,UTAH,112,133
2019,ATL,CHA,124,123
2019,BKN,PHI,125,127
2019,TOR,MIA,125,115
2019,MEM,NY,98,103
2019,DET,PHX,118,107
2019,LAL,ORL,104,108
2019,DAL,BOS,113,104
2019,MIL,SA,135,129
2019,GS,SAC,117,116
2019,WSH,NO,124,114
2019,MIN,CHI,111,96
2019,OKC,DEN,98,105
2019,CLE,HOU,117,108
2019,GS,POR,125,97
2019,LAL,UTAH,90,83
2019,DEN,ORL,112,87
2019,MIL,PHX,114,116
2019,IND,SA,100,111
2019,CHI,MIA,96,103
2019,OKC,CHA,109,104
2019,ATL,BOS,96,114
2019,NY,NO,114,109
2019,PHI,CLE,112,121
2019,TOR,WSH,125,107
2019,DET,HOU,116,111
2019,LAC,MEM,112,107
2019,BKN,MIN,102,112
2019,GS,OKC,95,123
2019,UTAH,SAC,110,119
2019,DAL,BKN,119,113
2019,SA,MEM,103,104
2019,CLE,LAL,105,109
2019,CHI,PHX,124,116
2019,HOU,DET,126,124
2019,MIL,POR,143,100
2019,MIN,DEN,101,103
2019,ATL,TOR,108,124
2019,BOS,NY,109,117
2019,CHA,IND,127,109
2019,PHI,NO,121,120
2019,MIA,BKN,92,104
2019,NY,POR,114,118
2019,ORL,TOR,91,93
2019,WSH,LAC,125,118
2019,SAC,OKC,117,113
2019,MEM,DAL,98,88
2019,MIL,DEN,104,98
2019,NO,SA,140,126
2019,ATL,LAC,119,127
2019,CHA,BOS,117,112
2019,DET,CLE,113,102
2019,IND,UTAH,121,94
2019,PHI,PHX,119,114
2019,SA,GS,104,92
2019,MIA,LAL,97,113
2019,ORL,NY,131,117
2019,WSH,POR,109,119
2019,MIN,MEM,87,100
2019,PHX,OKC,100,110
2019,DAL,GS,112,109
2019,CHI,TOR,83,122
2019,HOU,SAC,132,112
2019,BOS,UTAH,86,98
2019,CHA,PHI,119,122
2019,IND,ATL,97,89
2019,ORL,LAL,130,117
2019,NO,DEN,125,115
2019,BKN,LAC,119,127
2019,MIL,CHI,123,104
2019,MEM,SAC,112,104
2019,MIN,POR,112,96
2019,NO,NY,129,124
2019,BOS,TOR,123,116
2019,IND,MIA,99,91
2019,PHI,UTAH,113,107
2019,WSH,BKN,104,115
2019,LAC,SA,116,111
2019,DEN,ATL,138,93
2019,HOU,GS,107,86
2019,LAL,POR,126,117
2019,PHX,SA,116,96
2019,DAL,UTAH,118,68
2019,MIL,MEM,113,116
2019,MIN,NO,107,100
2019,OKC,NY,128,103
2019,BOS,CHI,111,82
2019,BKN,MIA,107,120
2019,TOR,DET,104,106
2019,ORL,PHI,111,106
2019,WSH,CLE,119,95
2019,GS,ATL,110,103
2019,DEN,HOU,99,109
2019,CLE,CHA,113,89
2019,LAC,GS,121,116
2019,SAC,SA,104,99
2019,CHI,DAL,98,103
2019,MEM,UTAH,88,96
2019,MIN,BKN,120,113
2019,OKC,PHX,118,101
2019,MIA,PHI,114,124
2019,TOR,NO,110,126
2019,WSH,ORL,117,109
2019,LAL,ATL,107,106
2019,POR,BOS,100,94
2019,DEN,MIL,114,121
2019,NY,ORL,89,115
2019,HOU,IND,115,103
2019,DET,CHA,103,113
2019,SAC,LAL,86,101
2019,DAL,OKC,111,96
2019,SA,HOU,96,89
2019,GS,BKN,116,100
2019,MIA,WSH,110,116
2019,CHI,CLE,99,98
2019,MEM,PHI,112,106
2019,NO,PHX,119,99
2019,LAC,MIL,128,126
2019,TOR,NY,128,112
2019,SAC,MIN,121,110
2019,UTAH,BOS,123,115
2019,DEN,BKN,110,112
2019,MIA,IND,102,110
2019,ATL,DET,109,124
2019,ORL,WSH,117,108
2019,PHI,CHA,133,132
2019,GS,MIL,111,134
2019,POR,LAC,116,105
2019,PHX,BOS,109,116
2019,OKC,HOU,98,80
2019,LAL,MIN,114,110
2019,SAC,TOR,105,114
2019,UTAH,DAL,117,102
2019,IND,PHI,94,100
2019,MEM,DEN,89,87
2019,NO,CHI,107,98
2019,ATL,NY,107,112
2019,MIA,SA,95,88
2019,CLE,OKC,86,95
2019,ORL,DET,96,103
2019,POR,MIL,118,103
2019,PHX,BKN,82,104
2019,DAL,WSH,119,100
2019,CHA,ATL,113,102
2019,GS,MEM,117,101
2019,LAC,MIN,120,109
2019,DEN,BOS,115,107
2019,UTAH,TOR,111,124
2019,OKC,NO,122,116
2019,NY,CHI,115,116
2019,DET,MIA,115,120
2019,IND,HOU,94,98
2019,ORL,CLE,102,100
2019,LAL,TOR,107,121
2019,POR,MIN,111,81
2019,PHX,MEM,102,100
2019,SA,ORL,110,117
2019,BKN,PHI,122,97
2019,WSH,NY,108,95
2019,MIL,SAC,144,109
2019,POR,LAL,110,114
2019,DEN,UTAH,103,88
2019,SA,NO,109,95
2019,CHI,HOU,88,96
2019,ATL,MIA,123,118
2019,CHA,CLE,126,94
2019,IND,BOS,102,101
2019,PHI,DET,109,99
2019,GS,MIN,116,99
2019,PHX,TOR,98,107
2019,UTAH,MEM,100,110
2019,DAL,NY,106,118
2019,WSH,OKC,111,134
2019,CHI,IND,105,107
2019,BKN,HOU,111,119
2019,ORL,LAC,95,120
2019,POR,NO,132,119
2019,BOS,MIL,117,113
2019,ATL,SAC,115,146
2019,CHA,OKC,107,111
2019,CLE,DEN,91,110
2019,PHI,LAC,122,113
2019,GS,NO,131,121
2019,LAL,DAL,114,113
2019,PHX,SA,90,120
2019,NY,IND,101,107
2019,CHI,DEN,107,108
2019,MIN,UTAH,128,125
2019,BKN,DET,120,119
2019,HOU,POR,85,104
2019,MEM,WSH,107,95
2019,OKC,LAC,128,110
2019,BOS,DET,108,105
2019,TOR,PHI,129,112
2019,CHA,MIA,125,113
2019,CLE,ATL,136,114
2019,ORL,SAC,99,107
2019,DEN,NO,116,111
2019,SA,DAL,113,108
2019,CHI,GS,124,149
2019,MIL,TOR,124,109
2019,MIN,LAL,124,120
2019,MIA,SAC,113,123
2019,NY,BKN,115,96
2019,IND,POR,93,103
2019,PHI,ATL,113,92
2019,LAC,WSH,136,104
2019,DAL,UTAH,104,113
2019,OKC,PHX,117,110
2019,BKN,GS,114,120
2019,MIL,ORL,113,91
2019,SA,LAL,110,106
2019,MIA,POR,120,111
2019,MEM,PHX,117,96
2019,ATL,CHI,85,97
2019,CLE,IND,107,119
2019,PHI,CHA,105,103
2019,DET,BOS,89,109
2019,NO,UTAH,111,132
2019,SAC,WSH,116,112
2019,HOU,LAC,113,133
2019,MIN,MIL,95,125
2019,NO,BKN,117,115
2019,NY,GS,100,128
2019,TOR,DAL,116,107
2019,CHA,CHI,135,106
2019,LAL,DEN,121,114
2019,OKC,BOS,95,101
2019,DET,CLE,110,103
2019,ORL,POR,114,128
2019,GS,WSH,144,122
2019,PHX,LAL,113,131
2019,SAC,MEM,97,92
2019,MIL,PHI,123,108
2019,SA,IND,96,116
2019,CHI,CHA,112,110
2019,HOU,UTAH,89,100
2019,MIA,NY,110,87
2019,TOR,MIN,112,105
2019,ATL,DAL,111,104
2019,CLE,BKN,86,102
2019,DEN,SAC,126,112
2019,NO,LAC,116,109
2019,DET,PHI,133,132
2019,GS,PHX,123,103
2019,LAL,SA,142,143
2019,POR,WSH,124,125
2019,UTAH,MEM,84,92
2019,DAL,CHI,115,109
2019,MIL,NY,124,113
2019,MIN,IND,101,91
2019,BOS,ORL,90,93
2019,TOR,CHA,127,106
2019,LAC,HOU,115,112
2019,DEN,GS,100,98
2019,OKC,SAC,120,131
2019,CLE,ATL,111,133
2019,LAL,HOU,115,124
2019,POR,SA,121,108
2019,DEN,PHX,119,91
2019,DAL,MIN,140,136
2019,MIA,CHA,112,113
2019,CHI,DET,116,118
2019,NY,BOS,101,103
2019,PHI,ORL,116,115
2019,WSH,TOR,113,117
2019,IND,BKN,132,112
2019,UTAH,GS,123,124
2019,LAC,OKC,108,92
2019,MIL,IND,118,101
2019,TOR,BOS,113,101
2019,MEM,ATL,131,117
2019,MIN,CLE,131,123
2019,NO,SAC,149,129
2019,BKN,NY,107,105
2019,ORL,CHA,88,120
2019,POR,LAL,128,119
2019,PHI,CHI,127,108
2019,WSH,MIA,112,113
2019,PHX,DAL,121,100
2019,LAC,DEN,98,107
2019,SAC,UTAH,117,123
2019,SA,MIN,112,108
2019,HOU,NO,112,131
2019,NY,ATL,126,107
2019,TOR,CLE,116,104
2019,CHA,MIL,112,113
2019,DET,BKN,103,100
2019,IND,MEM,111,83
2019,ORL,MIA,104,101
2019,GS,OKC,108,100
2019,BOS,PHI,105,87
2020,HOU,PHI,96,134
2020,LAC,OKC,107,103
2020,IND,MIA,109,92
2020,TOR,DEN,117,109
2020,BKN,POR,133,134
2020,ORL,NO,133,127
2020,UTAH,SA,118,112
2020,MEM,MIL,119,106
2020,PHX,DAL,128,102
2020,LAL,SAC,122,136
2020,BOS,WSH,90,96
2020,DEN,LAC,111,124
2020,OKC,MIA,116,115
2020,PHI,TOR,121,125
2020,HOU,IND,104,108
2020,SAC,NO,112,106
2020,WSH,MIL,113,126
2020,DAL,POR,131,134
2020,MEM,BOS,107,122
2020,PHI,PHX,117,130
2020,SA,HOU,123,105
2020,ORL,BKN,96,108
2020,LAL,DEN,124,121
2020,MIA,IND,114,92
2020,MIL,TOR,106,114
2020,UTAH,DAL,114,122
2020,PHX,OKC,128,101
2020,LAC,BKN,120,129
2020,SAC,HOU,112,129
2020,POR,PHI,124,121
2020,BOS,ORL,122,119
2020,NO,SA,113,122
2020,TOR,MEM,108,99
2020,OKC,WSH,121,103
2020,DAL,MIL,136,132
2020,MIA,PHX,112,119
2020,IND,LAL,116,111
2020,DEN,UTAH,134,132
2020,POR,LAC,117,122
2020,TOR,BOS,100,122
2020,NO,WSH,118,107
2020,PHI,ORL,108,101
2020,BKN,SAC,119,106
2020,MEM,OKC,121,92
2020,SA,UTAH,119,111
2020,HOU,LAL,113,97
2020,DEN,POR,115,125
2020,DAL,LAC,111,126
2020,MIL,MIA,130,116
2020,PHX,IND,114,99
2020,SAC,NO,140,125
2020,BOS,BKN,149,115
2020,ORL,TOR,99,109
2020,LAL,OKC,86,105
2020,WSH,PHI,98,107
2020,SA,DEN,126,132
2020,UTAH,MEM,124,115
2020,POR,HOU,110,102
2020,MIA,BOS,112,106
2020,IND,ORL,120,109
2020,LAC,PHX,115,117
2020,SAC,DAL,110,114
2020,MIL,BKN,116,119
2020,UTAH,LAL,108,116
2020,PHI,SA,132,130
2020,NO,MEM,109,99
2020,OKC,DEN,113,121
2020,WSH,IND,100,111
2020,MIA,TOR,103,107
2020,PHX,DAL,117,115
2020,HOU,MIL,120,116
2020,ORL,SAC,132,116
2020,MEM,SA,106,108
2020,BOS,POR,128,124
2020,BKN,WSH,118,110
2020,TOR,LAL,107,92
2020,IND,PHI,127,121
2020,LAC,NO,126,103
2020,OKC,UTAH,110,94
2020,DEN,MIA,105,125
2020,DAL,HOU,149,153
2020,SA,SAC,129,120
2020,MIL,BOS,119,112
2020,POR,MEM,140,135
2020,WSH,PHX,112,125
2020,BKN,ORL,118,128
2020,LAL,LAC,103,101
2020,NO,UTAH,104,106
2020,DAL,DEN,113,97
2020,ATL,NY,131,136
2020,MIA,CHA,98,109
2020,PHI,DET,124,106
2020,GS,LAC,107,131
2020,LAL,BKN,102,104
2020,POR,PHX,121,105
2020,CHI,CLE,108,103
2020,HOU,MIN,117,111
2020,MEM,ORL,115,120
2020,SA,DAL,119,109
2020,IND,BOS,111,114
2020,WSH,NY,122,115
2020,DEN,MIL,109,95
2020,UTAH,TOR,92,101
2020,ATL,CHA,143,138
2020,SAC,TOR,113,118
2020,CLE,SA,132,129
2020,NY,DET,96,84
2020,WSH,MIA,89,100
2020,DAL,IND,109,112
2020,HOU,ORL,106,126
2020,BOS,OKC,104,105
2020,PHX,MIL,140,131
2020,MIN,NO,107,120
2020,LAC,LAL,103,112
2020,BKN,CHI,110,107
2020,POR,SAC,111,123
2020,GS,PHI,118,114
2020,MEM,ATL,118,101
2020,CLE,DEN,104,102
2020,DET,UTAH,105,111
2020,CHA,HOU,108,99
2020,LAL,MIL,113,103
2020,PHX,POR,127,117
2020,DAL,MEM,121,96
2020,BOS,UTAH,94,99
2020,CHI,IND,102,108
2020,MIN,ORL,118,132
2020,NO,MIA,110,104
2020,BKN,SA,139,120
2020,NY,OKC,103,126
2020,WSH,ATL,118,112
2020,GS,TOR,113,121
2020,SAC,PHI,108,125
2020,HOU,LAC,105,120
2020,CHA,DEN,112,114
2020,POR,WSH,125,104
2020,DAL,NO,127,123
2020,MIN,CHI,115,108
2020,MIA,ORL,116,113
2020,BKN,MEM,79,118
2020,NY,UTAH,104,112
2020,CLE,BOS,106,112
2020,DET,OKC,107,114
2020,MIL,IND,119,100
2020,LAL,PHI,120,107
2020,SAC,WSH,133,126
2020,DEN,GS,100,116
2020,PHX,TOR,114,123
2020,NO,MIN,134,139
2020,OKC,LAC,94,109
2020,BOS,BKN,120,129
2020,CHA,SA,103,104
2020,SA,IND,111,116
2020,CHI,DAL,109,107
2020,ATL,MEM,88,127
2020,MIA,MIL,105,89
2020,CLE,UTAH,113,126
2020,NY,HOU,125,123
2020,ORL,POR,107,130
2020,GS,WSH,110,124
2020,NO,LAL,114,122
2020,DEN,TOR,133,118
2020,SAC,DET,106,100
2020,MIN,DAL,91,111
2020,LAC,PHI,136,130
2020,CHA,MIL,85,93
2020,PHX,GS,99,115
2020,BOS,HOU,110,111
2020,SA,ORL,114,113
2020,CLE,IND,104,113
2020,MEM,LAL,105,88
2020,ATL,POR,129,117
2020,MIA,BKN,116,113
2020,NY,CHI,125,115
2020,LAC,DEN,132,103
2020,PHX,DET,111,113
2020,UTAH,WSH,129,119
2020,MIA,DAL,126,118
2020,MEM,SAC,101,104
2020,MIL,OKC,133,86
2020,NO,CLE,116,104
2020,ATL,BKN,141,118
2020,TOR,CHA,96,99
2020,ORL,MIN,136,125
2020,GS,LAL,86,116
2020,IND,POR,106,100
2020,OKC,SAC,112,108
2020,PHI,NY,115,106
2020,UTAH,BOS,103,114
2020,PHX,LAC,92,102
2020,SA,DAL,103,109
2020,HOU,MEM,140,112
2020,ATL,ORL,120,130
2020,MIA,MIN,126,129
2020,CHA,NY,107,101
2020,CLE,PHI,108,94
2020,WSH,BKN,110,106
2020,GS,SAC,94,112
2020,LAL,NO,118,109
2020,POR,BOS,106,118
2020,DEN,DET,115,98
2020,CHI,OKC,122,124
2020,TOR,MIL,97,108
2020,IND,CHA,119,80
2020,LAC,MEM,124,97
2020,UTAH,PHX,111,131
2020,DAL,MIN,139,123
2020,HOU,NY,123,112
2020,BKN,ORL,113,115
2020,CLE,MIA,125,119
2020,PHI,ATL,129,112
2020,WSH,MIL,134,137
2020,POR,DET,107,104
2020,GS,NO,101,115
2020,CHI,WSH,126,117
2020,OKC,SA,131,103
2020,TOR,IND,127,81
2020,DEN,MIN,128,116
2020,LAL,BOS,114,112
2020,UTAH,HOU,110,120
2020,MIL,PHI,119,98
2020,MIA,CLE,124,105
2020,CHI,PHX,104,112
2020,ATL,DAL,111,107
2020,CHA,BKN,86,115
2020,LAC,SAC,103,112
2020,LAL,MEM,117,105
2020,POR,NO,115,128
2020,UTAH,SA,104,113
2020,MIN,BOS,117,127
2020,OKC,DEN,113,101
2020,NY,IND,98,106
2020,TOR,PHX,118,101
2020,ORL,DAL,106,122
2020,WSH,CLE,108,113
2020,GS,HOU,105,135
2020,SAC,MEM,129,125
2020,PHI,BKN,112,104
2020,CHI,CHA,93,103
2020,ATL,MIA,129,124
2020,DET,MIL,106,126
2020,BOS,LAC,141,133
2020,NO,OKC,118,123
2020,DEN,LAL,116,120
2020,PHX,GS,112,106
2020,UTAH,MIA,116,101
2020,DAL,SAC,130,111
2020,MEM,POR,111,104
2020,MIN,CHA,108,115
2020,BKN,TOR,101,91
2020,IND,MIL,118,111
2020,NY,WSH,96,114
2020,CLE,ATL,127,105
2020,ORL,DET,116,112
2020,HOU,BOS,116,105
2020,NO,POR,138,117
2020,OKC,SA,106,114
2020,PHI,LAC,110,103
2020,WSH,CHI,126,114
2020,GS,MIA,101,113
2020,LAL,PHX,125,100
2020,DEN,SA,127,120
2020,DAL,UTAH,119,123
2020,MIL,SAC,123,111
2020,TOR,MIN,137,126
2020,DET,CHA,76,87
2020,IND,BKN,105,106
2020,ORL,ATL,135,126
2020,POR,MIA,115,109
2020,CLE,LAC,92,133
2020,HOU,UTAH,113,114
2020,ATL,NY,140,135
2020,PHI,CHI,118,111
2020,WSH,MEM,99,106
2020,OKC,BOS,111,112
2020,SAC,SA,122,102
2020,PHX,DEN,108,117
2020,GS,LAL,120,125
2020,MIN,LAC,142,115
2020,IND,NO,117,124
2020,TOR,BKN,119,118
2020,CHA,DAL,100,116
2020,DET,NY,92,95
2020,ORL,MIL,95,111
2020,UTAH,POR,117,114
2020,SAC,MIA,105,97
2020,PHX,HOU,127,91
2020,IND,TOR,106,115
2020,OKC,DET,108,101
2020,BOS,ATL,112,107
2020,PHI,MEM,119,107
2020,WSH,DAL,119,118
2020,LAL,HOU,111,121
2020,POR,SA,125,117
2020,CHI,NO,119,125
2020,MIL,PHI,112,101
2020,NY,ORL,105,103
2020,LAC,MIA,128,111
2020,UTAH,DEN,95,98
2020,DAL,MEM,107,121
2020,MIN,ATL,120,127
2020,OKC,CLE,109,103
2020,BOS,ORL,116,100
2020,BKN,GS,129,88
2020,TOR,IND,119,118
2020,DET,PHX,116,108
2020,LAL,SA,129,102
2020,DEN,POR,127,99
2020,HOU,CHA,125,110
2020,NO,MIL,108,120
2020,LAC,SA,108,105
2020,SAC,MIN,113,109
2020,MEM,DET,96,82
2020,ATL,BOS,115,123
2020,BKN,PHX,119,97
2020,MIA,PHI,137,106
2020,CHA,ORL,100,112
2020,CLE,NY,134,139
2020,IND,DAL,103,112
2020,WSH,GS,117,125
2020,TOR,CHI,129,102
2020,HOU,NO,117,109
2020,MIL,PHX,129,108
2020,DET,DEN,128,123
2020,POR,UTAH,124,107
2020,SAC,LAL,113,129
2020,SA,CHA,114,90
2020,BOS,PHI,116,95
2020,DAL,ATL,123,100
2020,CLE,GS,112,131
2020,WSH,BKN,113,107
2020,IND,NY,85,92
2020,ORL,MIA,89,102
2020,LAC,MIN,118,106
2020,LAL,POR,119,127
2020,MIL,DEN,115,127
2020,PHX,OKC,107,111
2020,NO,MEM,139,111
2020,BKN,CHI,133,118
2020,HOU,DAL,128,121
2020,DET,TOR,92,105
2020,DEN,UTAH,106,100
2020,LAC,SAC,103,124
2020,BOS,GS,119,104
2020,ATL,PHI,127,117
2020,CLE,TOR,109,115
2020,WSH,CHA,121,107
2020,POR,HOU,125,112
2020,SAC,OKC,100,120
2020,SA,UTAH,127,120
2020,BKN,DET,125,115
2020,NY,MEM,106,127
2020,IND,CHI,115,106
2020,DAL,PHX,104,133
2020,MIA,BOS,101,109
2020,MEM,DEN,104,96
2020,MIL,WSH,151,131
2020,CLE,NO,111,125
2020,TOR,ATL,130,114
2020,CHA,NY,97,92
2020,PHI,GS,115,104
2020,UTAH,HOU,117,126
2020,CHI,SA,110,109
2020,MIN,SAC,129,133
2020,OKC,DAL,97,107
2020,MIA,ORL,113,92
2020,DET,CLE,100,115
2020,POR,IND,139,129
2020,ATL,WSH,152,133
2020,NY,BKN,110,97
2020,ORL,LAC,97,112
2020,MEM,PHX,114,109
2020,NO,BOS,123,108
2020,SA,TOR,106,110
2020,DEN,HOU,117,110
2020,PHI,LAL,108,91
2020,CLE,CHI,106,118
2020,MIN,OKC,104,113
2020,DET,BKN,111,121
2020,UTAH,DAL,112,107
2020,GS,IND,118,129
2020,SA,PHX,99,103
2020,MIA,LAC,117,122
2020,CHI,SAC,81,98
2020,MIN,HOU,124,131
2020,NO,DEN,106,113
2020,OKC,ATL,140,111
2020,NY,TOR,112,118
2020,DET,MEM,112,125
2020,ORL,BOS,98,109
2020,CHA,MIL,103,116
2020,POR,DAL,125,133
2020,BKN,LAL,113,128
2020,CLE,WSH,112,124
2020,GS,UTAH,96,129
2020,NO,SA,117,121
2020,PHX,IND,87,112
2020,CHI,MIN,117,110
2020,HOU,DEN,121,105
2020,ATL,LAC,102,95
2020,BOS,MEM,119,95
2020,MIA,WSH,134,129
2020,NY,LAL,92,100
2020,DET,SAC,127,106
2020,ORL,OKC,114,120
2020,TOR,PHI,107,95
2020,DAL,LAC,107,110
2020,POR,GS,129,124
2020,PHX,SA,118,120
2020,UTAH,IND,118,88
2020,MIN,DEN,100,107
2020,BOS,LAL,139,107
2020,CHA,ORL,83,106
2020,CLE,NY,86,106
2020,MIA,SAC,118,113
2020,HOU,OKC,107,112
2020,MEM,NO,116,126
2020,MIL,CHI,111,98
2020,BKN,PHI,111,117
2020,ATL,TOR,117,122
2020,WSH,DET,106,100
2020,DEN,IND,107,115
2020,SA,MIA,107,102
2020,OKC,POR,119,106
2020,UTAH,SAC,123,101
2020,HOU,LAL,115,124
2020,GS,ORL,109,95
2020,CHI,CLE,118,116
2020,MIN,TOR,112,122
2020,ATL,DET,103,136
2020,NY,PHI,87,90
2020,BOS,PHX,119,123
2020,BKN,MIL,97,117
2020,NO,LAC,130,133
2020,DAL,POR,120,112
2020,SA,ATL,120,121
2020,MEM,CLE,113,109
2020,OKC,MIA,108,115
2020,IND,MIN,116,114
2020,PHI,CHI,100,89
2020,TOR,WSH,140,111
2020,GS,DEN,131,134
2020,LAC,ORL,122,95
2020,MIL,BOS,128,123
2020,NO,UTAH,138,132
2020,NY,PHX,98,121
2020,LAL,ORL,118,119
2020,SAC,DAL,123,127
2020,HOU,POR,107,117
2020,DEN,CHA,100,86
2020,CHI,WSH,115,106
2020,MIN,IND,99,104
2020,OKC,TOR,121,130
2020,MIA,SA,106,100
2020,BOS,DET,103,116
2020,PHI,BKN,117,106
2020,GS,DAL,97,124
2020,LAC,CLE,128,103
2020,MEM,HOU,121,110
2020,MIL,NY,128,102
2020,ATL,PHX,123,110
2020,BKN,UTAH,107,118
2020,LAL,CLE,128,99
2020,POR,CHA,115,112
2020,SAC,ORL,112,114
2020,MIN,OKC,104,117
2020,BOS,CHI,113,101
2020,DET,NO,110,117
2020,IND,PHI,101,95
2020,DEN,LAC,114,104
2020,PHX,CHA,100,92
2020,BKN,ATL,108,86
2020,TOR,SA,104,105
2020,MEM,GS,122,102
2020,NY,MIA,124,121
2020,WSH,UTAH,116,127
2020,POR,MIL,101,122
2020,DEN,CLE,103,111
2020,DAL,PHI,109,91
2020,OKC,LAL,110,125
2020,BOS,NO,140,105
2020,DET,CHI,99,108
2020,HOU,MIN,139,109
2020,LAC,GS,109,100
2020,SAC,MIL,106,127
2020,DAL,LAL,114,129
2020,PHX,ORL,98,94
2020,UTAH,CHA,109,92
2020,CHI,IND,105,116
2020,MEM,SA,134,121
2020,BKN,MIA,117,113
2020,NY,NO,111,123
2020,WSH,ATL,111,101
2020,OKC,HOU,113,92
2020,MIN,POR,116,102
2020,DET,CLE,112,115
2020,PHI,BOS,109,98
2020,GS,MIL,98,107
2020,UTAH,NY,128,104
2020,NO,CHI,123,108
2020,ATL,HOU,115,122
2020,DAL,DEN,106,107
2020,BOS,SA,114,129
2020,CHA,TOR,110,112
2020,IND,MIA,108,122
2020,ORL,WSH,123,89
2020,LAL,NY,117,87
2020,PHX,SAC,103,114
2020,MEM,MIN,119,112
2020,BKN,OKC,103,111
2020,CLE,DET,113,115
2020,TOR,POR,99,101
2020,SAC,GS,111,98
2020,DAL,CHI,118,110
2020,SA,MIL,126,104
2020,NO,UTAH,126,128
2020,ATL,DEN,115,123
2020,CHA,IND,104,115
2020,ORL,BKN,101,89
2020,PHI,OKC,120,113
2020,WSH,BOS,99,94
2020,LAL,DET,106,99
2020,PHX,MEM,114,121
2020,CLE,MIN,103,118
2020,MIA,POR,122,111
2020,LAC,NY,135,132
2020,SAC,NO,115,117
2020,DAL,CHA,120,123
2020,MIL,SA,127,118
2020,GS,DET,104,111
2020,WSH,DEN,128,114
2020,CHI,BOS,104,111
2020,ATL,IND,116,111
2020,CLE,OKC,106,121
2020,ORL,UTAH,96,109
2020,BKN,TOR,102,121
2020,LAC,MEM,114,140
2020,LAL,NO,123,113
2020,PHX,NY,120,112
2020,HOU,PHI,118,108
2020,BOS,ATL,109,106
2020,ORL,MIA,105,85
2020,WSH,POR,103,122
2020,LAC,DET,126,112
2020,SAC,MEM,128,123
2020,DAL,BKN,123,111
2020,SA,OKC,103,109
2020,CHI,UTAH,98,102
2020,MIN,GS,99,84
2020,MIA,TOR,84,76
2020,CLE,CHA,106,109
2020,IND,DEN,116,124
2020,LAL,PHX,117,107
2020,MIL,MIN,106,104
2020,NY,POR,117,93
2020,WSH,ORL,101,122
2020,OKC,DAL,106,101
2020,TOR,CLE,117,97
2020,HOU,DEN,130,104
2020,SA,GS,117,113
2020,SAC,LAC,87,105
2020,CHA,BOS,92,109
2020,IND,PHI,115,97
2020,POR,PHX,116,122
2020,UTAH,DET,104,81
2020,CHI,MIL,102,123
2020,MIN,BKN,122,115
2020,ORL,ATL,93,101
2020,WSH,MIA,123,105
2020,LAL,DAL,108,95
2020,MEM,CHA,117,104
2020,NO,HOU,127,112
2020,DEN,SAC,120,115
2020,TOR,OKC,97,98
2020,LAC,UTAH,107,120
2020,POR,LAL,120,128
2020,SAC,PHX,110,112
2020,MIL,ORL,111,100
2020,SA,DET,136,109
2020,GS,DAL,121,141
2020,MIA,PHI,117,116
2020,WSH,NY,100,107
2020,CHI,ATL,116,81
2020,HOU,BKN,108,98
2020,MIN,CLE,88,94
2020,BOS,TOR,97,113
2020,NO,IND,120,98
2020,DEN,MEM,119,110
2020,GS,PHX,105,96
2020,MIA,IND,113,112
2020,ATL,MIL,86,112
2020,CHA,OKC,102,104
2020,ORL,PHI,98,97
2020,BOS,CLE,129,117
2020,UTAH,POR,121,115
2020,SAC,MIN,104,105
2020,OKC,MEM,97,110
2020,DAL,SA,102,98
2020,BKN,NY,82,94
2020,DET,WSH,132,102
2020,DEN,NO,100,112
2020,LAL,LAC,106,111
2020,GS,HOU,116,104
2020,PHI,MIL,121,109
2020,TOR,BOS,102,118
2020,GS,MIN,113,104
2020,POR,NO,94,102
2020,SAC,HOU,104,113
2020,PHX,DEN,111,113
2020,MEM,SA,115,145
2020,MIA,UTAH,107,104
2020,CLE,ATL,121,118
2020,DET,PHI,109,125
2020,IND,TOR,120,115
2020,NY,WSH,115,121
2020,ORL,CHI,103,95
2020,LAL,DEN,104,128
2020,MIL,IND,117,89
2020,OKC,LAC,118,112
2020,BOS,CHA,119,93
2020,TOR,DAL,110,107
2020,POR,MIN,113,106
2020,PHX,HOU,125,139
2020,SA,LAC,109,134
2020,MEM,SAC,119,115
2020,NY,MIL,102,123
2020,DET,CHI,107,119
2020,PHI,WSH,125,108
2020,BKN,ATL,122,112
2020,CHA,UTAH,107,114
2020,GS,NO,106,102
2020,POR,ORL,118,103
2020,DEN,MIN,109,100
2020,MIA,NY,129,114
2020,PHI,DAL,98,117
2020,OKC,PHX,126,108
2020,BOS,DET,114,93
2020,TOR,WSH,122,118
2020,CLE,MEM,114,107
2020,IND,SAC,119,105
2020,LAC,HOU,117,122
2020,SA,BKN,118,105
2020,MIL,LAL,111,104
2020,ATL,UTAH,106,111
2020,POR,GS,122,112
2020,DAL,BOS,103,109
2020,DEN,ORL,113,104
2020,MIN,NO,99,107
2020,OKC,MEM,126,122
2020,CLE,CHA,100,98
2020,DET,TOR,99,112
2020,WSH,CHI,109,110
2020,PHI,MIA,104,108
2020,LAC,PHX,120,99
2020,UTAH,ORL,109,102
2020,NO,BKN,101,108
2020,NY,ATL,143,120
2020,CHA,SAC,110,102
2020,IND,LAL,105,102
2020,PHX,POR,110,111
2020,HOU,SA,109,107
2020,MEM,MIA,118,111
2020,MIL,DAL,116,120
2020,OKC,CHI,109,106
2020,TOR,CLE,133,113
2020,DET,WSH,119,133
2020,GS,SAC,79,100
2020,DEN,NY,111,105
2020,ATL,LAL,96,101
2020,BKN,PHI,109,89
2020,IND,CHA,107,85
2020,NO,ORL,119,130
2020,HOU,DET,107,115
2020,DEN,OKC,110,102
2020,DAL,MIA,118,122
2020,MIL,CLE,125,108
2020,CHI,LAC,109,106
2020,MEM,WSH,128,111
2020,TOR,BKN,110,102
2020,PHX,SA,119,121
2020,SAC,NY,101,103
2020,MIN,LAC,117,124
2020,UTAH,GS,114,106
2020,CHI,CHA,73,83
2020,MEM,MIL,114,127
2020,ATL,IND,100,110
2020,ORL,HOU,107,130
2020,PHI,NO,116,109
2020,MIA,LAL,110,113
2020,DEN,POR,114,99
2020,DET,DAL,111,122
2020,SA,CLE,109,117
2020,BOS,PHI,109,115
2020,GS,NY,122,124
2020,SAC,OKC,94,93
2020,MIL,NO,127,112
2020,PHX,MEM,108,115
2020,CHI,ATL,136,102
2020,MIN,UTAH,116,127
2020,BKN,CHA,108,113
2020,CLE,HOU,110,116
2020,IND,BOS,122,117
2020,ORL,LAL,87,96
2020,TOR,LAC,92,112
2020,POR,NY,115,87
2020,PHI,DEN,97,92
2020,MIA,ATL,135,121
2020,CHA,WSH,114,107
2020,GS,MEM,102,110
2020,PHX,MIN,125,109
2020,UTAH,OKC,90,104
2020,CHI,TOR,92,93
2020,HOU,SAC,118,119
2020,MIL,ORL,110,101
2020,NO,DET,103,105
2020,BOS,CLE,110,88
2020,IND,LAC,99,110
2020,LAL,MIN,142,125
2020,POR,OKC,96,108
2020,DAL,SAC,106,110
2020,MIA,CHI,110,105
2020,PHI,TOR,110,104
2020,WSH,LAC,119,135
2020,CHA,ATL,107,122
2020,BKN,DEN,105,102
2020,UTAH,MEM,126,112
2020,HOU,PHX,115,109
2020,NY,IND,103,104
2020,PHI,CLE,141,94
2020,DAL,NO,130,84
2020,POR,LAL,113,136
2020,MIL,LAC,119,91
2020,SA,SAC,105,104
2020,BOS,DEN,108,95
2020,MIA,WSH,112,103
2020,CHI,GS,98,100
2020,OKC,MIN,139,127
2020,CHA,BKN,104,111
2020,CLE,ORL,87,93
2020,DET,IND,108,101
2020,NO,PHX,132,139
2020,NY,DEN,92,129
2020,TOR,HOU,109,119
2020,WSH,PHI,119,113
2020,POR,SAC,127,116
2020,UTAH,LAL,96,121
2020,DAL,MIN,121,114
2020,CHI,MEM,106,99
2020,OKC,IND,100,107
2020,ATL,BKN,118,130
2020,BOS,MIA,112,93
2020,CHA,GS,106,91
2020,DET,MIL,103,127
2020,ORL,PHX,128,114
2020,LAC,POR,117,97
2020,DEN,LAL,96,105
2020,SA,HOU,135,133
2020,TOR,MIA,110,121
2020,NO,DAL,97,118
2020,CLE,DET,94,127
2020,WSH,ORL,120,127
2020,SAC,CHI,106,113
2020,MEM,IND,104,117
2020,MIL,NY,132,88
2020,ATL,GS,104,79
2020,CHA,PHX,104,109
2020,PHI,UTAH,103,94
2020,LAC,WSH,150,125
2020,ORL,GS,100,96
2020,TOR,UTAH,130,110
2020,DET,SA,132,98
2020,NO,OKC,104,107
2020,LAL,DAL,100,114
2020,NY,BOS,104,113
2020,MIN,MEM,107,115
2020,BKN,MIA,106,109
2020,HOU,ATL,158,111
2020,MIL,CHA,137,96
2020,PHI,IND,119,116
2020,SAC,DEN,100,97
2020,LAL,WSH,125,103
2020,POR,CHI,107,103
2020,PHX,DAL,113,120
2020,SA,LAC,107,97
2020,IND,ATL,105,104
2020,MIA,GS,122,105
2020,MEM,UTAH,94,103
2020,OKC,NO,109,104
2020,CLE,MIL,110,119
2020,NY,PHI,95,101
2020,DET,CHA,107,110
2020,ORL,TOR,83,90
2020,BKN,BOS,112,107
2020,GS,CHI,104,90
2020,POR,OKC,136,119
2020,NO,LAL,110,114
2020,PHX,WSH,132,140
2020,SA,MIN,101,113
2020,HOU,MIA,117,108
2020,MEM,LAC,119,121
2020,MIL,ATL,111,102
2020,TOR,NY,126,98
2020,BOS,BKN,121,110
2020,CHA,DET,102,101
2020,CLE,ORL,104,116
2020,IND,UTAH,121,102
2020,PHI,SAC,97,91
2020,DEN,WSH,117,104
2020,DAL,LAC,99,114
2020,GS,OKC,97,100
2020,SA,LAL,104,114
2020,CHI,POR,94,117
2020,MIL,UTAH,122,118
2020,ATL,MIN,113,125
2020,BOS,SAC,103,102
2020,MIA,CHA,117,100
2020,TOR,PHI,101,96
2020,CLE,BKN,106,108
2020,DET,ORL,103,88
2020,IND,MEM,126,114
2020,LAC,NO,134,109
2020,DEN,PHX,116,104
2020,NY,BKN,101,103
2020,WSH,SAC,106,113
2020,HOU,DAL,123,137
2020,UTAH,NO,128,120
2020,MIL,DET,104,90
2020,CLE,POR,110,104
2020,MEM,LAL,108,109
2020,ATL,TOR,116,119
2020,NY,SA,104,111
2020,PHI,MIA,113,86
2020,CHA,CHI,115,116
2020,IND,ORL,111,106
2020,MIN,PHX,98,100
2020,LAC,HOU,122,119
2020,DEN,BOS,96,92
2020,UTAH,GS,113,109
2020,DAL,CLE,143,101
2020,PHI,SA,115,104
2020,CHI,MIA,108,116
2020,OKC,LAL,127,130
2020,BKN,SAC,116,97
2020,DET,ATL,128,103
2020,WSH,CHA,125,118
2020,PHX,NO,121,124
2020,MIL,POR,137,129
2020,LAC,BOS,107,104
2020,DEN,HOU,105,95
2020,CHI,DET,109,89
2020,MIN,UTAH,95,103
2020,ATL,MIL,127,135
2020,BKN,CHA,101,91
2020,MIA,CLE,124,100
2020,TOR,ORL,113,97
2020,DAL,GS,142,94
2020,PHI,NY,109,104
2020,WSH,SA,138,132
2020,LAL,OKC,112,107
2020,SAC,PHX,120,116
2020,MEM,GS,95,114
2020,NO,POR,115,104
2020,LAC,OKC,90,88
2020,PHX,BOS,85,99
2020,UTAH,MIN,102,112
2020,DAL,SA,117,110
2020,CHI,MIL,101,115
2020,HOU,POR,132,108
2020,BKN,IND,86,115
2020,TOR,CHA,132,96
2020,NY,CLE,123,105
2020,LAL,ATL,122,101
2020,NO,GS,108,100
2020,ORL,WSH,125,121
2020,MEM,DEN,114,131
2020,SAC,BOS,100,99
2020,CLE,PHI,95,114
2020,LAC,ATL,150,101
2020,DAL,TOR,110,102
2020,SA,POR,116,121
2020,MIA,NO,109,94
2020,MIN,HOU,105,125
2020,NY,CHA,102,103
2020,IND,MIL,83,102
2020,CHI,BKN,111,117
2020,GS,BOS,100,105
2020,LAL,SAC,99,97
2020,HOU,IND,111,102
2020,MEM,UTAH,107,106
2020,MIN,WSH,116,137
2020,OKC,PHI,127,119
2020,CHA,DET,109,106
2020,ORL,SA,111,109
2020,DEN,BKN,101,93
2020,PHX,ATL,128,112
2020,NY,DAL,106,103
2020,MIL,CHI,124,115
2020,NO,LAC,132,127
2020,CLE,MIA,97,108
2020,LAL,GS,120,94
2020,POR,TOR,106,114
2020,MIN,SA,129,114
2020,BOS,WSH,140,133
2020,HOU,LAC,102,93
2020,CHA,MEM,117,119
2020,ORL,PHI,112,97
2020,SAC,POR,107,99
2020,DEN,ATL,121,125
2020,PHX,LAL,115,123
2020,UTAH,BKN,119,114
2020,CHI,NY,120,102
2020,MIA,DET,117,108
2020,IND,OKC,111,85
2020,PHI,CLE,98,97
2020,GS,UTAH,108,122
2020,LAC,TOR,98,88
2020,NO,HOU,116,122
2020,BOS,DAL,116,106
2020,SA,MEM,109,113
2020,DET,MIN,114,120
2020,LAL,TOR,104,113
2020,POR,ATL,124,113
2020,PHX,BKN,138,112
2020,NY,CLE,87,108
2020,OKC,MIL,119,121
2020,ORL,IND,102,109
2020,PHI,CHA,114,106
2020,MIN,DEN,98,100
2020,CHI,HOU,94,117
2020,MEM,DAL,122,138
2020,OKC,GS,114,108
2020,CHA,NO,110,115
2020,SA,BOS,115,135
2020,LAL,MIA,95,80
2020,POR,BKN,115,119
2020,DEN,PHI,100,97
2020,UTAH,MIL,103,100
2020,DAL,NY,102,106
2020,MIN,GS,125,119
2020,NO,TOR,104,122
2020,ATL,SAC,109,121
2020,IND,DET,112,106
2020,ORL,MEM,118,86
2020,WSH,CLE,100,113
2020,LAC,POR,107,101
2020,PHX,MIA,108,124
2020,SA,OKC,121,112
2020,CHA,BOS,87,108
2020,LAC,MIL,124,129
2020,UTAH,PHI,106,104
2020,DAL,ORL,107,106
2020,MEM,MIN,137,121
2020,ATL,CHI,93,113
2020,TOR,SAC,124,120
2020,HOU,GS,129,112
2020,DET,NY,122,102
2020,IND,WSH,121,106
2020,DEN,MIA,109,89
2020,CHI,LAL,112,118
2020,OKC,ORL,102,94
2020,ATL,SA,108,100
2020,CHA,IND,122,120
2020,CLE,BOS,113,119
2020,GS,POR,127,118
2020,PHX,PHI,114,109
2020,MEM,HOU,100,107
2020,MIN,MIL,106,134
2020,BKN,NO,135,125
2020,WSH,DET,115,99
2020,LAC,UTAH,105,94
2020,CLE,DAL,111,131
2020,SA,LAL,96,103
2020,MIA,HOU,129,100
2020,NY,SAC,92,113
2020,IND,CHI,108,95
2020,POR,PHI,128,129
2020,GS,CHA,87,93
2020,WSH,MIN,109,131
2020,MEM,PHX,105,114
2020,MIL,TOR,115,105
2020,DET,BKN,113,109
2020,ORL,DEN,87,91
2020,OKC,NO,115,104
2020,GS,SA,110,127
2020,SAC,UTAH,102,101
2020,DAL,LAL,110,119
2020,CHI,DET,112,106
2020,BOS,NY,104,102
2020,BKN,HOU,123,116
2020,IND,CLE,102,95
2020,ORL,MIL,91,123
2020,LAC,SA,103,97
2020,NO,DEN,122,107
2020,ATL,MIA,97,106
2020,GS,PHX,110,121
2020,UTAH,LAC,110,96
2020,SAC,CHA,111,118
2020,WSH,HOU,158,159
2020,OKC,POR,99,102
2020,BOS,MIL,116,105
2020,BKN,IND,108,118
2020,TOR,DET,125,113
2020,CLE,CHI,117,111
2020,ORL,NY,95,83
2020,PHI,MIN,117,95
2020,LAL,MEM,120,91
2020,DEN,DAL,106,109
2020,MIA,ATL,112,97
2020,LAC,CHA,111,96
2020,PHX,UTAH,95,96
2020,SAC,DEN,94,101
2020,SA,POR,113,110
2020,HOU,OKC,116,112
2020,MIL,CLE,129,112
2020,NO,GS,123,134
2020,ATL,PHI,103,105
2020,TOR,ORL,104,95
2020,DET,IND,96,94
2020,NY,CHI,105,98
2020,LAL,CHA,120,101
2020,DAL,POR,119,121
2020,MIN,MIA,116,109
2020,MEM,BKN,134,133
2020,OKC,GS,120,92
2020,PHX,LAC,130,122
2020,UTAH,SAC,113,81
2020,SA,WSH,124,122
2020,CLE,IND,110,99
2020,CHI,TOR,84,108
2020,HOU,NO,126,123
2020,ATL,ORL,103,99
2020,NY,BOS,95,118
2020,DET,PHI,111,117
2020,MIL,MIA,126,131
2020,LAL,UTAH,95,86
2020,SAC,POR,112,122
2020,DEN,PHX,108,107
2020,MEM,CHI,102,110
2020,NO,DAL,116,123
2020,OKC,WSH,85,97
2020,BKN,NY,113,109
2020,BOS,TOR,112,106
2020,CHA,MIN,99,121
2020,GS,LAC,122,141
2020,HOU,MIL,111,117
2020,DET,ATL,100,117
2020,PHX,SAC,124,95
2020,POR,DEN,100,108
2020,UTAH,OKC,100,95
2020,DAL,WSH,108,100
2020,SA,NY,120,111
2020,BKN,MIN,126,127
2020,MIA,MEM,120,101
2020,PHI,BOS,107,93
2020,CHA,CHI,126,125
2020,IND,DET,110,119
2020,ORL,CLE,94,85
2020,LAC,LAL,112,102
2020,TOR,NO,130,122
2021,CHI,MIL,118,112
2021,MIN,DAL,136,121
2021,NO,LAL,98,110
2021,OKC,LAC,117,112
2021,POR,DEN,132,116
2021,SAC,UTAH,99,121
2021,DET,MIA,107,120
2021,ATL,HOU,124,95
2021,BKN,CLE,123,109
2021,PHI,ORL,128,117
2021,GS,MEM,113,101
2021,SA,PHX,121,123
2021,NY,BOS,96,92
2021,TOR,IND,113,125
2021,WSH,CHA,115,110
2021,MIL,MIA,122,108
2021,MIN,BOS,108,124
2021,SA,PHX,103,140
2021,BKN,CHI,105,91
2021,IND,LAL,115,122
2021,NY,CHA,118,109
2021,GS,NO,125,122
2021,DAL,TOR,114,110
2021,HOU,LAC,122,115
2021,MEM,SAC,107,106
2021,DET,DEN,91,104
2021,PHI,ORL,122,97
2021,OKC,UTAH,93,109
2021,WSH,CLE,120,105
2021,PHX,POR,118,117
2021,CHI,TOR,114,102
2021,MEM,SAC,116,110
2021,MIN,DEN,103,114
2021,ATL,ORL,116,93
2021,MIA,PHI,106,94
2021,NY,SA,102,98
2021,CHA,LAC,90,113
2021,IND,MIL,133,142
2021,LAL,HOU,124,122
2021,UTAH,POR,98,105
2021,DAL,NO,125,107
2021,BKN,SA,128,116
2021,CLE,BOS,102,94
2021,ATL,WSH,120,116
2021,GS,PHX,122,116
2021,SAC,OKC,122,106
2021,LAL,NY,101,99
2021,MIL,ORL,114,102
2021,IND,PHI,103,94
2021,CHI,BKN,107,115
2021,MEM,DAL,133,104
2021,BOS,MIA,121,129
2021,TOR,LAC,96,115
2021,CHA,DEN,112,117
2021,DET,MIN,100,119
2021,GS,UTAH,119,116
2021,POR,HOU,140,129
2021,SA,MIL,146,125
2021,MEM,NO,115,110
2021,CLE,IND,102,111
2021,ATL,WSH,125,124
2021,LAL,PHX,123,110
2021,SAC,OKC,126,98
2021,DET,CHI,96,108
2021,CHA,NO,110,112
2021,CLE,DAL,97,124
2021,ORL,MIN,96,128
2021,LAC,NY,100,106
2021,BOS,MIA,124,130
2021,DEN,BKN,119,125
2021,UTAH,HOU,124,116
2021,GS,OKC,136,97
2021,POR,SA,124,102
2021,TOR,MEM,99,109
2021,IND,WSH,132,133
2021,PHI,DET,118,104
2021,PHX,NY,128,105
2021,POR,LAL,106,101
2021,SAC,SA,104,113
2021,UTAH,DEN,127,120
2021,DAL,CLE,110,90
2021,CHA,ORL,122,112
2021,MIA,MIN,121,112
2021,MIL,HOU,141,133
2021,CHI,BOS,121,99
2021,PHI,NO,109,107
2021,GS,OKC,118,97
2021,LAC,LAL,118,94
2021,DET,MEM,111,97
2021,IND,ATL,133,126
2021,DAL,BKN,113,109
2021,TOR,WSH,129,131
2021,CHA,CHI,99,120
2021,DEN,NY,113,97
2021,UTAH,SA,126,94
2021,ATL,PHX,135,103
2021,IND,SAC,93,104
2021,HOU,PHI,115,135
2021,MIL,WSH,135,134
2021,MIN,MEM,135,139
2021,CLE,POR,105,141
2021,ORL,BOS,96,132
2021,LAC,TOR,105,100
2021,MIA,DAL,113,127
2021,NO,GS,108,103
2021,OKC,SAC,99,103
2021,MIL,BKN,124,118
2021,CLE,PHX,118,134
2021,DET,CHA,99,102
2021,LAL,DEN,93,89
2021,UTAH,SA,110,99
2021,CHI,PHI,94,106
2021,MEM,NY,104,118
2021,ATL,POR,123,114
2021,NO,GS,108,123
2021,DET,ORL,112,119
2021,WSH,IND,154,141
2021,LAL,TOR,114,121
2021,CHA,MIA,111,121
2021,DAL,SAC,99,111
2021,HOU,NY,97,122
2021,OKC,PHX,120,123
2021,SA,PHI,111,113
2021,BOS,POR,119,129
2021,MIL,BKN,117,114
2021,UTAH,TOR,106,102
2021,LAC,DEN,104,110
2021,DAL,WSH,125,124
2021,ATL,CHI,108,97
2021,CLE,MIA,107,124
2021,ORL,MEM,112,111
2021,MIN,NO,136,140
2021,OKC,IND,95,152
2021,HOU,GS,87,113
2021,CHA,DET,107,94
2021,LAL,SAC,106,110
2021,PHX,UTAH,121,100
2021,CHI,MIL,98,108
2021,BKN,POR,109,128
2021,MEM,ORL,92,75
2021,BOS,SA,143,140
2021,CLE,WSH,93,122
2021,PHI,ATL,126,104
2021,OKC,NO,95,109
2021,DEN,TOR,121,111
2021,HOU,MIL,143,136
2021,MIN,GS,126,114
2021,DET,DAL,105,115
2021,IND,BKN,113,130
2021,PHX,LAC,109,101
2021,SAC,UTAH,105,154
2021,MEM,POR,109,130
2021,DEN,NO,114,112
2021,MIA,SA,116,111
2021,WSH,LAL,116,107
2021,BOS,CHA,120,111
2021,NY,CHI,113,94
2021,CLE,ORL,104,109
2021,PHI,ATL,127,83
2021,GS,DAL,103,133
2021,HOU,MIN,107,114
2021,TOR,BKN,103,116
2021,BOS,OKC,115,119
2021,CHA,MIL,104,114
2021,IND,POR,112,133
2021,SAC,DAL,113,106
2021,DEN,MEM,120,96
2021,MIA,CHI,102,110
2021,MIN,UTAH,105,104
2021,NO,LAC,120,103
2021,NY,PHX,110,118
2021,TOR,CLE,112,96
2021,DET,ATL,100,86
2021,ORL,LAL,103,114
2021,PHI,OKC,121,90
2021,WSH,SA,143,146
2021,GS,SAC,117,113
2021,ORL,IND,112,131
2021,ATL,MIL,111,104
2021,WSH,CLE,119,110
2021,POR,MEM,113,120
2021,BKN,PHX,128,119
2021,CHA,BOS,125,104
2021,DEN,HOU,129,116
2021,UTAH,MIN,96,101
2021,DAL,LAL,108,93
2021,MIA,CHI,106,101
2021,NO,SA,108,110
2021,IND,DET,115,109
2021,MIL,PHI,132,94
2021,NY,TOR,120,103
2021,GS,DEN,118,97
2021,POR,MEM,128,130
2021,CHA,CLE,108,102
2021,HOU,LAC,104,109
2021,OKC,WSH,109,129
2021,ATL,MIA,118,103
2021,BKN,BOS,109,104
2021,DAL,LAL,115,110
2021,CHI,CHA,108,91
2021,SA,DET,106,91
2021,BOS,PHX,99,86
2021,ORL,NO,100,135
2021,MIL,PHI,124,117
2021,LAC,MEM,117,105
2021,POR,DEN,105,106
2021,SAC,MIN,128,125
2021,DAL,DET,127,117
2021,SA,MIA,87,107
2021,NY,ATL,137,127
2021,HOU,UTAH,89,112
2021,CLE,CHI,121,105
2021,IND,OKC,122,116
2021,PHI,PHX,113,116
2021,WSH,GS,118,114
2021,TOR,BKN,114,103
2021,POR,LAC,112,113
2021,SAC,MIN,120,134
2021,ATL,ORL,112,96
2021,NY,CHA,109,97
2021,NO,BKN,129,134
2021,LAL,UTAH,97,111
2021,DEN,MEM,139,137
2021,IND,SA,94,109
2021,MIA,HOU,113,91
2021,WSH,OKC,119,107
2021,MIL,PHX,127,128
2021,BOS,CHI,96,102
2021,PHI,GS,96,107
2021,DET,CLE,109,105
2021,LAC,MIN,124,105
2021,DAL,SAC,107,121
2021,CHA,POR,109,101
2021,ORL,HOU,110,114
2021,TOR,OKC,112,106
2021,MIA,BKN,109,107
2021,ATL,IND,129,117
2021,NY,NO,122,112
2021,PHX,SA,85,111
2021,MIL,MEM,115,128
2021,BOS,GS,119,114
2021,WSH,DET,121,100
2021,CHI,CLE,106,96
2021,LAL,UTAH,127,115
2021,DAL,NY,109,117
2021,SA,POR,106,107
2021,CHI,MEM,115,126
2021,HOU,DEN,99,128
2021,MIN,MIA,119,111
2021,BKN,CHA,130,115
2021,TOR,ORL,113,102
2021,DET,OKC,110,104
2021,PHI,LAC,106,103
2021,WSH,NO,117,115
2021,UTAH,IND,119,111
2021,LAL,BOS,113,121
2021,PHX,SAC,122,114
2021,CLE,GS,101,119
2021,ATL,MIL,109,120
2021,DEN,MIA,123,106
2021,SAC,WSH,111,123
2021,MEM,DAL,113,114
2021,HOU,IND,124,132
2021,OKC,GS,109,147
2021,DET,LAC,98,100
2021,CHI,ORL,106,115
2021,NO,NY,106,116
2021,TOR,SA,117,112
2021,CHA,CLE,90,103
2021,PHI,BKN,123,117
2021,MIN,MIL,105,130
2021,PHX,MIA,106,86
2021,POR,BOS,115,116
2021,UTAH,OKC,106,96
2021,CHA,LAL,93,101
2021,IND,LAC,115,126
2021,TOR,ATL,103,108
2021,MIN,BKN,97,127
2021,GS,DEN,116,107
2021,PHX,HOU,126,120
2021,MEM,CHI,101,90
2021,NO,SAC,117,110
2021,UTAH,WSH,121,125
2021,ORL,SA,97,120
2021,NY,LAL,111,96
2021,DAL,PHI,95,113
2021,LAC,DET,131,124
2021,POR,MIA,98,107
2021,NY,TOR,102,96
2021,DAL,SA,117,119
2021,MEM,IND,125,132
2021,MIN,CHI,121,117
2021,CLE,NO,109,116
2021,ORL,MIL,87,124
2021,DEN,BOS,87,105
2021,CHA,ATL,101,105
2021,GS,HOU,125,109
2021,PHX,WSH,134,106
2021,POR,DET,118,103
2021,OKC,PHI,93,117
2021,UTAH,SAC,128,112
2021,BKN,LAL,101,126
2021,CLE,TOR,115,135
2021,GS,WSH,107,110
2021,LAC,HOU,126,109
2021,MIL,CHA,119,127
2021,DEN,SA,121,119
2021,ATL,CHI,120,108
2021,NO,PHI,101,94
2021,BOS,MIN,145,136
2021,NY,MEM,133,129
2021,ORL,IND,106,111
2021,UTAH,POR,122,103
2021,LAC,PHX,113,103
2021,SAC,DET,101,113
2021,DAL,MIL,116,101
2021,OKC,CLE,102,129
2021,MIA,LAL,110,104
2021,TOR,CHI,113,122
2021,PHX,UTAH,117,113
2021,DEN,SA,106,96
2021,ATL,MEM,113,131
2021,HOU,DAL,102,93
2021,OKC,CHA,102,113
2021,BOS,NY,101,99
2021,BKN,NO,139,111
2021,IND,MIN,141,137
2021,ORL,WSH,116,131
2021,GS,MIL,122,121
2021,LAC,POR,133,116
2021,DEN,DET,134,119
2021,MIA,MEM,112,124
2021,ATL,NO,123,107
2021,BOS,PHI,96,106
2021,TOR,LAL,101,110
2021,IND,CHI,97,113
2021,HOU,PHX,130,133
2021,TOR,WSH,103,101
2021,BKN,NY,114,112
2021,DAL,UTAH,111,103
2021,MIN,SAC,116,106
2021,OKC,DET,108,132
2021,SA,CLE,101,125
2021,DEN,ORL,119,109
2021,HOU,NO,115,122
2021,ATL,GS,117,111
2021,PHI,MEM,100,116
2021,BOS,CHA,116,86
2021,LAC,LAL,104,86
2021,CHI,BKN,115,107
2021,POR,OKC,133,85
2021,SAC,MIL,128,129
2021,SA,IND,133,139
2021,UTAH,ORL,137,91
2021,DET,NY,81,125
2021,MIA,CLE,115,101
2021,PHI,MIN,122,113
2021,WSH,DAL,87,109
2021,PHX,OKC,140,103
2021,POR,MIL,109,127
2021,SAC,LAL,94,115
2021,NO,ATL,103,126
2021,UTAH,CHI,113,106
2021,IND,CHA,97,114
2021,MEM,MIN,120,108
2021,BOS,HOU,118,102
2021,NY,DAL,86,99
2021,TOR,GS,130,77
2021,LAC,DEN,94,101
2021,SA,ATL,129,134
2021,MIA,GS,116,109
2021,NO,ORL,110,115
2021,BKN,CHA,111,89
2021,CLE,PHI,94,114
2021,DET,WSH,120,91
2021,LAL,MIL,97,112
2021,PHX,CHI,121,116
2021,SA,SAC,120,106
2021,MEM,UTAH,107,111
2021,MIN,NY,102,101
2021,OKC,TOR,113,103
2021,BOS,DAL,108,113
2021,BKN,HOU,120,108
2021,DET,POR,101,124
2021,IND,MIA,87,92
2021,LAC,ORL,96,103
2021,PHX,ATL,117,110
2021,DEN,PHI,104,95
2021,WSH,CHA,104,114
2021,GS,CHI,116,102
2021,LAC,MIL,129,105
2021,UTAH,CLE,114,75
2021,SA,SAC,115,132
2021,DET,TOR,118,104
2021,HOU,MEM,110,120
2021,OKC,DAL,106,127
2021,BOS,NO,109,115
2021,BKN,MIN,112,107
2021,NY,MIA,88,98
2021,WSH,IND,132,124
2021,LAL,ORL,96,93
2021,DEN,ATL,126,102
2021,TOR,POR,117,122
2021,CHA,PHX,97,101
2021,LAC,PHI,122,112
2021,SAC,CLE,100,98
2021,NO,DAL,112,103
2021,OKC,BOS,94,111
2021,UTAH,MEM,126,110
2021,SA,CHI,120,104
2021,WSH,DET,106,92
2021,MIL,NY,96,102
2021,MIN,HOU,107,129
2021,LAL,CLE,100,86
2021,GS,ATL,108,124
2021,UTAH,MEM,117,114
2021,DAL,IND,94,109
2021,CHA,MIA,110,105
2021,ORL,POR,105,112
2021,MIN,HOU,107,101
2021,NO,DEN,108,113
2021,TOR,PHX,100,104
2021,MIL,BOS,114,122
2021,DET,BKN,111,113
2021,LAL,PHI,101,109
2021,SAC,GS,141,119
2021,SA,LAC,85,98
2021,MIA,POR,122,125
2021,NY,WSH,106,102
2021,UTAH,BKN,118,88
2021,SAC,ATL,110,108
2021,SA,LAC,101,134
2021,ORL,PHX,112,111
2021,CHI,CLE,94,103
2021,HOU,CHA,97,122
2021,MIN,DAL,108,128
2021,OKC,MEM,107,116
2021,MIL,BOS,121,119
2021,TOR,DEN,135,111
2021,IND,DET,116,111
2021,GS,PHI,98,108
2021,POR,BKN,112,116
2021,MIA,PHX,100,110
2021,NY,WSH,131,113
2021,NO,LAL,128,111
2021,ORL,DEN,99,110
2021,LAC,ATL,119,110
2021,CHI,UTAH,95,120
2021,HOU,TOR,117,99
2021,MEM,BOS,132,126
2021,MIL,IND,140,113
2021,SA,CHA,97,100
2021,MIN,OKC,103,112
2021,CLE,SAC,105,119
2021,PHX,LAL,111,94
2021,POR,DAL,92,132
2021,NY,PHI,100,101
2021,BKN,WSH,113,106
2021,CLE,TOR,116,105
2021,DET,CHI,86,100
2021,BOS,ORL,112,96
2021,DEN,NO,108,113
2021,HOU,OKC,112,114
2021,MIA,IND,106,109
2021,LAC,CHA,125,98
2021,MIL,SA,120,113
2021,PHI,SAC,129,105
2021,MEM,GS,111,103
2021,LAL,ATL,94,99
2021,PHX,MIN,113,101
2021,POR,DAL,125,119
2021,DEN,CHI,131,127
2021,MIA,IND,110,137
2021,ORL,BKN,121,113
2021,TOR,UTAH,112,115
2021,HOU,DET,100,113
2021,MEM,GS,103,116
2021,BOS,SAC,96,107
2021,CLE,SA,110,116
2021,LAL,CHA,116,105
2021,PHX,MIN,119,123
2021,POR,NO,101,93
2021,ATL,OKC,116,93
2021,NY,ORL,94,93
2021,WSH,UTAH,131,122
2021,DAL,LAC,105,89
2021,MEM,MIA,89,85
2021,DEN,CHA,129,104
2021,CLE,BOS,117,110
2021,CHI,SA,99,106
2021,HOU,GS,94,108
2021,DET,TOR,116,112
2021,IND,BKN,115,124
2021,PHI,MIL,105,109
2021,WSH,SAC,119,121
2021,LAL,MIN,137,121
2021,POR,NO,125,124
2021,MIA,CLE,113,98
2021,PHI,NY,99,96
2021,CHI,OKC,123,102
2021,HOU,ATL,107,119
2021,BOS,UTAH,109,117
2021,GS,LAL,97,128
2021,DEN,IND,121,106
2021,PHX,MEM,122,99
2021,DAL,LAC,99,109
2021,BKN,NY,117,112
2021,DET,SA,99,109
2021,CHA,SAC,122,116
2021,WSH,MIL,122,133
2021,CHI,TOR,118,95
2021,NO,LAC,135,115
2021,HOU,BOS,107,134
2021,MIN,POR,114,112
2021,ATL,CLE,100,82
2021,ORL,MIA,97,102
2021,PHI,SA,134,99
2021,GS,UTAH,131,119
2021,OKC,MEM,128,122
2021,DEN,DAL,103,116
2021,PHX,IND,111,122
2021,MIN,POR,121,125
2021,ATL,SAC,121,106
2021,BKN,DET,100,95
2021,CHA,TOR,114,104
2021,WSH,MIL,119,125
2021,OKC,NY,97,119
2021,LAL,IND,105,100
2021,UTAH,HOU,114,99
2021,CHI,MIA,90,101
2021,SA,ORL,104,77
2021,WSH,PHI,101,127
2021,MEM,DEN,102,103
2021,NO,CLE,116,82
2021,LAC,GS,130,104
2021,POR,PHX,121,127
2021,SAC,HOU,125,105
2021,OKC,DAL,116,108
2021,MIA,ORL,111,103
2021,CHI,PHI,105,127
2021,MIL,NY,134,101
2021,NO,MIN,105,135
2021,BKN,BOS,121,109
2021,TOR,ATL,120,121
2021,CHA,DET,105,102
2021,DAL,SA,115,104
2021,MEM,WSH,127,112
2021,POR,SAC,123,119
2021,PHX,GS,120,98
2021,SA,OKC,102,107
2021,NO,MIA,93,103
2021,IND,DEN,103,113
2021,MEM,MIL,111,112
2021,NY,DET,114,104
2021,BOS,TOR,132,125
2021,WSH,LAC,119,117
2021,POR,GS,108,106
2021,SAC,LAL,123,120
2021,DAL,OKC,87,78
2021,ORL,ATL,112,115
2021,MIN,CHA,102,135
2021,NO,CHI,124,128
2021,HOU,BKN,114,132
2021,CLE,IND,111,114
2021,PHI,UTAH,131,123
2021,TOR,DET,105,129
2021,LAL,PHX,104,114
2021,MIL,DEN,97,128
2021,SA,NY,119,93
2021,BOS,LAC,117,112
2021,MIA,ATL,80,94
2021,WSH,MEM,111,125
2021,POR,CHA,123,111
2021,HOU,CLE,90,101
2021,SA,BKN,113,124
2021,CHI,DEN,112,118
2021,NO,UTAH,129,124
2021,ORL,DAL,124,130
2021,PHI,IND,130,114
2021,SAC,CHA,126,127
2021,MIN,PHX,99,118
2021,DET,NY,90,109
2021,MIA,ATL,109,99
2021,HOU,MEM,84,133
2021,LAL,GS,117,91
2021,BOS,WSH,111,110
2021,MIL,LAC,105,100
2021,BKN,DAL,98,115
2021,SA,NO,117,114
2021,NY,IND,110,107
2021,ORL,UTAH,109,124
2021,OKC,DEN,96,126
2021,PHI,CLE,109,112
2021,WSH,MIN,128,112
2021,GS,CHA,130,121
2021,LAL,POR,102,93
2021,DET,SAC,107,110
2021,MIA,UTAH,124,116
2021,CHI,PHX,97,106
2021,MEM,LAC,99,119
2021,OKC,ATL,118,109
2021,BOS,IND,118,112
2021,TOR,HOU,122,111
2021,MIL,NO,129,125
2021,DEN,WSH,110,112
2021,MEM,LAC,122,94
2021,BKN,ORL,129,92
2021,NY,SAC,140,121
2021,PHI,DAL,111,97
2021,UTAH,LAL,114,89
2021,PHX,CHA,121,124
2021,MIA,TOR,116,108
2021,CHI,MIN,133,126
2021,NO,DET,128,118
2021,OKC,SA,102,99
2021,IND,GS,107,111
2021,ATL,BOS,127,112
2021,CLE,HOU,112,96
2021,DEN,POR,111,106
2021,LAC,WSH,135,116
2021,MIL,MIN,139,112
2021,BKN,SAC,127,118
2021,NY,GS,106,114
2021,TOR,PHI,102,109
2021,DAL,BOS,110,107
2021,CLE,ATL,112,111
2021,ORL,DET,93,105
2021,LAL,WSH,124,127
2021,OKC,MIA,94,108
2021,PHX,POR,132,100
2021,UTAH,CHA,132,110
2021,DAL,MEM,102,92
2021,HOU,CHI,100,120
2021,MIL,SAC,128,115
2021,LAC,BKN,108,112
2021,ATL,DEN,123,115
2021,CLE,OKC,101,117
2021,ORL,DET,105,96
2021,TOR,PHI,110,103
2021,NY,MIN,103,99
2021,NO,BOS,120,115
2021,POR,WSH,111,118
2021,CHI,SAC,122,114
2021,MEM,PHX,97,128
2021,LAL,MIA,94,96
2021,CHA,GS,102,100
2021,LAC,UTAH,116,112
2021,MIN,TOR,81,86
2021,MEM,DET,109,95
2021,MIL,OKC,98,85
2021,NO,PHX,114,132
2021,PHI,CHI,112,105
2021,BOS,ATL,121,109
2021,ORL,GS,124,120
2021,CLE,DEN,103,120
2021,LAL,BKN,98,109
2021,SAC,MIA,110,118
2021,MIL,TOR,96,110
2021,GS,MIA,120,112
2021,LAC,UTAH,96,114
2021,NO,POR,124,126
2021,MEM,OKC,122,113
2021,WSH,DEN,130,128
2021,MIN,IND,128,134
2021,CHI,DET,105,102
2021,BOS,ATL,114,122
2021,PHI,HOU,118,113
2021,ORL,NY,107,89
2021,PHX,BKN,124,128
2021,MEM,NO,113,144
2021,MIL,TOR,113,124
2021,MIN,LAL,104,112
2021,OKC,POR,104,115
2021,BOS,DEN,112,99
2021,GS,CLE,129,98
2021,LAC,MIA,125,118
2021,SAC,BKN,125,136
2021,UTAH,PHI,134,123
2021,NY,ATL,123,112
2021,IND,CHI,112,120
2021,WSH,HOU,131,119
2021,DEN,LAL,122,105
2021,SAC,MEM,110,124
2021,LAC,CLE,128,111
2021,PHX,ORL,109,90
2021,OKC,MIL,114,109
2021,DAL,POR,118,121
2021,TOR,MIN,112,116
2021,CHA,SA,110,122
2021,DET,NO,123,112
2021,WSH,BOS,104,91
2021,UTAH,MIA,112,94
2021,GS,BKN,117,134
2021,NY,HOU,121,99
2021,ATL,IND,113,125
2021,PHX,PHI,120,111
2021,LAL,MEM,115,105
2021,POR,CLE,129,110
2021,SAC,ORL,112,123
2021,DEN,OKC,97,95
2021,UTAH,MIL,129,115
2021,CHI,LAC,106,125
2021,BOS,DET,102,108
2021,ATL,SA,114,125
2021,DAL,NO,143,130
2021,CHA,MIN,120,114
2021,WSH,NY,91,109
2021,GS,ORL,111,105
2021,POR,PHI,118,114
2021,DET,IND,95,111
2021,HOU,MIA,94,101
2021,BOS,TOR,120,106
2021,PHX,MIL,125,124
2021,LAL,OKC,114,113
2021,CHI,NO,129,116
2021,DEN,CLE,133,95
2021,BKN,IND,104,94
2021,MEM,CHA,130,114
2021,MIN,LAC,112,119
2021,DAL,ATL,118,117
2021,WSH,TOR,115,137
2021,UTAH,BOS,122,108
2021,POR,ORL,106,97
2021,SAC,PHI,111,119
2021,SA,GS,91,114
2021,MIA,NY,98,96
2021,NO,HOU,130,101
2021,DET,BKN,122,111
2021,LAL,OKC,119,112
2021,DEN,MIL,112,125
2021,PHX,CLE,119,113
2021,DAL,MIN,127,122
2021,SA,GS,105,100
2021,CHI,WSH,101,105
2021,MEM,TOR,113,128
2021,CHA,HOU,119,94
2021,LAC,SAC,110,113
2021,PHX,BOS,100,91
2021,IND,UTAH,95,103
2021,NY,MIA,103,109
2021,CHA,WSH,119,97
2021,LAL,DET,135,129
2021,NO,MEM,118,109
2021,DAL,GS,134,132
2021,PHI,BKN,124,108
2021,ATL,TOR,132,121
2021,CLE,MIL,99,124
2021,HOU,SA,106,111
2021,OKC,MIN,120,118
2021,ORL,CHI,92,118
2021,SAC,DEN,119,114
2021,NY,POR,110,99
2021,LAC,BOS,115,119
2021,PHX,DET,109,92
2021,CHA,UTAH,121,138
2021,MIA,WSH,122,95
2021,OKC,MIN,103,106
2021,BKN,TOR,117,123
2021,CLE,MIL,105,123
2021,IND,NO,113,114
2021,ORL,CHI,123,119
2021,LAL,DEN,114,93
2021,MEM,HOU,103,115
2021,PHI,POR,105,121
2021,ATL,UTAH,91,112
2021,DAL,GS,116,147
2021,SAC,BOS,116,111
2021,NO,PHX,123,101
2021,SA,MIN,111,108
2021,CLE,LAC,99,121
2021,MIA,WSH,100,103
2021,CHI,NY,103,107
2021,OKC,HOU,104,87
2021,ATL,DAL,116,122
2021,CHA,PHI,111,118
2021,MIL,IND,130,110
2021,UTAH,DET,117,105
2021,GS,BOS,107,111
2021,IND,MEM,134,116
2021,WSH,POR,121,132
2021,BKN,LAC,124,120
2021,ORL,TOR,108,123
2021,DAL,PHX,108,109
2021,SA,MEM,102,133
2021,CLE,MIN,100,98
2021,CHI,NY,110,102
2021,MIL,POR,134,106
2021,NO,SAC,109,118
2021,OKC,HOU,106,136
2021,ATL,LAL,99,107
2021,MIA,CHA,121,129
2021,MIN,CLE,109,104
2021,IND,PHI,110,119
2021,TOR,ORL,115,102
2021,WSH,BKN,149,146
2021,DEN,UTAH,128,117
2021,NY,LAC,115,129
2021,GS,DET,118,91
2021,DAL,PHX,105,111
2021,BOS,LAL,95,96
2021,SA,MEM,112,129
2021,CHI,POR,122,123
2021,CHA,MIL,126,114
2021,NO,HOU,112,126
2021,MIA,SAC,105,104
2021,UTAH,DAL,120,101
2021,SA,DEN,119,109
2021,ORL,LAC,90,116
2021,MIN,PHI,94,118
2021,OKC,BKN,125,147
2021,NY,CLE,102,81
2021,TOR,SAC,124,126
2021,NO,MIL,131,126
2021,CHA,IND,108,105
2021,WSH,ATL,100,116
2021,PHX,GS,114,93
2021,DET,LAL,107,92
2021,MIA,LAC,105,109
2021,HOU,POR,104,101
2021,GS,MIN,123,111
2021,NO,WSH,124,106
2021,PHX,OKC,97,102
2021,UTAH,DAL,116,104
2021,SA,BOS,110,106
2021,ATL,BKN,128,132
2021,MIA,DEN,82,109
2021,PHI,LAL,107,106
2021,TOR,MIL,108,115
2021,CHA,IND,106,116
2021,CLE,DET,122,107
2021,ORL,SAC,107,121
2021,UTAH,NY,108,94
2021,HOU,WSH,107,88
2021,ATL,LAC,108,99
2021,GS,MIN,130,108
2021,POR,OKC,122,125
2021,CHI,BOS,103,119
2021,DAL,DEN,113,117
2021,CLE,LAL,108,115
2021,BKN,MIA,98,85
2021,DET,PHI,119,104
2021,IND,TOR,129,114
2021,ORL,CHA,117,108
2021,POR,NY,116,113
2021,SA,WSH,121,101
2021,MIL,ATL,129,115
2021,BOS,CLE,141,103
2021,ORL,CHA,104,107
2021,LAC,OKC,108,100
2021,IND,TOR,102,107
2021,UTAH,GS,127,108
2021,CHI,LAL,90,101
2021,DAL,HOU,108,133
2021,PHX,DEN,112,120
2021,DET,PHI,110,114
2021,BKN,MIA,128,124
2021,MIN,NO,120,110
2021,PHX,DEN,126,130
2021,LAC,OKC,120,106
2021,SAC,NY,103,94
2021,SA,DAL,117,122
2021,MIN,ATL,98,116
2021,CLE,BKN,125,113
2021,PHI,BOS,122,110
2021,TOR,MIA,101,81
2021,CHA,CHI,110,123
2021,DET,HOU,102,103
2021,IND,ORL,120,118
2021,UTAH,NO,129,118
2021,GS,NY,104,119
2021,MIL,LAL,106,113
2021,GS,SA,121,99
2021,LAC,SAC,115,96
2021,HOU,PHX,103,109
2021,MIN,ORL,96,97
2021,ATL,DET,123,115
2021,TOR,MIA,102,111
2021,CLE,BKN,147,135
2021,IND,DAL,112,124
2021,PHI,BOS,117,109
2021,DEN,OKC,119,101
2021,UTAH,NO,118,102
2021,LAL,GS,113,115
2021,MIA,DET,113,107
2021,CHI,HOU,125,120
2021,BKN,MIL,125,123
2021,TOR,DAL,116,93
2021,MEM,PHX,108,104
2021,POR,SA,104,125
2021,ATL,MIN,108,97
2021,NY,ORL,91,84
2021,LAC,IND,129,96
2021,SAC,NO,123,128
2021,DEN,UTAH,105,109
2021,DAL,CHI,101,117
2021,BOS,NY,75,105
2021,POR,ATL,112,106
2021,MIA,DET,100,120
2021,MEM,PHI,106,104
2021,TOR,CHA,116,113
2021,BKN,ORL,122,115
2021,SA,HOU,103,91
2021,LAL,NO,112,95
2021,SAC,LAC,100,138
2021,UTAH,ATL,116,92
2021,OKC,CHI,127,125
2021,BOS,ORL,124,97
2021,CLE,NY,106,103
2021,MIL,DAL,112,109
2021,DEN,GS,114,104
2021,POR,IND,87,111
2021,TOR,CHA,111,108
2021,SA,HOU,105,109
2021,PHI,MIA,125,108
2021,LAC,NO,111,106
2021,SAC,POR,126,132
2021,MIN,MEM,107,118
2021,OKC,LAL,99,128
2021,NY,BKN,109,116
2021,CHA,DAL,93,104
2021,DET,MIL,101,110
2021,GS,IND,95,104
2021,HOU,LAL,100,117
2021,OKC,SA,102,112
2021,BKN,DEN,122,116
2021,CLE,UTAH,87,117
2021,PHI,MIA,137,134
2021,POR,TOR,112,111
2021,SAC,IND,127,122
2021,ATL,PHI,112,94
2021,CHA,NY,109,88
2021,CLE,MEM,91,101
2021,ORL,MIL,99,121
2021,WSH,PHX,128,107
2021,GS,TOR,106,105
2021,MIN,SA,96,88
2021,HOU,LAL,102,120
2021,BKN,OKC,116,129
2021,NY,DEN,89,114
2021,LAC,CHI,130,127
2021,DET,UTAH,86,96
2021,SAC,POR,99,125
2021,DAL,ORL,112,98
2021,MIL,CLE,100,90
2021,MIN,SA,122,125
2021,CHA,ATL,113,105
2021,IND,PHX,117,125
2021,WSH,MIA,124,128
2021,PHI,DEN,103,115
2021,GS,LAC,115,105
2021,LAL,CHI,117,115
2021,SAC,TOR,123,144
2021,HOU,ORL,132,90
2021,MEM,BKN,115,110
2021,MIL,UTAH,118,131
2021,BOS,WSH,116,107
2021,NY,OKC,89,101
2021,NO,CHA,110,118
2021,DET,PHX,110,105
2021,DEN,DAL,117,124
2021,LAL,SA,109,118
2021,POR,MIN,135,117
2021,MEM,CLE,90,94
2021,BKN,PHI,122,109
2021,GS,LAC,101,108
2021,SAC,CHI,128,124
2021,PHX,TOR,123,115
2021,MIL,DET,130,115
2021,NO,OKC,110,111
2021,ATL,CHA,94,102
2021,MIA,BOS,105,107
2021,NY,UTAH,112,100
2021,IND,HOU,114,107
2021,ORL,CLE,105,94
2021,PHI,WSH,141,136
2021,POR,CHI,108,111
2021,LAC,SA,113,116
2021,DEN,MIN,123,116
2021,MEM,LAL,92,94
2021,BKN,UTAH,130,96
2021,GS,SAC,137,106
2021,HOU,DAL,100,113
2021,MIL,DET,125,115
2021,NO,IND,116,118
2021,ATL,NY,108,113
2021,MIA,OKC,118,90
2021,TOR,BOS,114,126
2021,ORL,CLE,103,83
2021,PHI,CHA,118,101
2021,GS,POR,137,122
2021,CHI,DAL,118,108
2021,PHX,LAC,107,112
2021,MIN,DEN,109,124
2021,SA,UTAH,109,130
2021,BKN,WSH,122,123
2021,MEM,LAL,94,108
2021,DET,BOS,120,122
2021,ATL,CLE,91,96
2021,NO,TOR,120,116
2021,IND,NY,102,106
2021,ORL,OKC,99,108
2021,PHI,CHA,127,112
2021,HOU,SAC,102,94
2021,GS,POR,98,123
2021,DEN,PHX,103,106
2021,UTAH,LAC,106,100
2021,MIL,CHI,126,96
2021,MIN,WSH,109,130
2021,SA,LAL,103,109
2021,BKN,ATL,96,114
2021,CHA,MEM,93,108
2021,DET,BOS,96,93
2021,DAL,MIA,93,83
2021,UTAH,PHX,95,106
2021,OKC,NO,80,113
2021,TOR,NY,100,83
2021,HOU,SAC,122,119
2021,ORL,PHI,92,116
2021,WSH,CHI,130,133
2021,IND,CLE,119,99
2021,LAC,POR,128,105
2021,DAL,CHA,99,118
2021,SA,LAL,107,121
2021,BOS,MEM,126,107
2021,BKN,ATL,145,141
2021,MIA,MIL,119,108
2021,PHX,NO,111,86
2021,LAC,MIN,124,101
2021,SAC,DEN,125,115
2021,OKC,ORL,107,118
2021,MIA,MIL,97,144
2021,CLE,NY,86,95
2021,DET,GS,106,116
2021,IND,BOS,111,116
2021,PHI,TOR,100,93
2021,WSH,CHI,107,115
2021,LAL,POR,107,115
2021,DEN,HOU,124,111
2021,OKC,UTAH,109,110
2021,ATL,DET,128,120
2021,BKN,MEM,111,116
2021,LAL,MIN,127,91
2021,SAC,PHX,100,116
2021,IND,BOS,108,107
2021,CHI,GS,128,129
2021,CLE,PHI,118,94
2021,NY,MIL,130,110
2021,CHA,BKN,106,104
2021,WSH,ORL,113,120
2021,NO,SA,98,95
2021,LAC,DAL,73,124
2021,POR,HOU,128,126
2021,SAC,PHX,106,103
2021,UTAH,MIN,111,116
2021,SA,TOR,119,114
2021,CHI,IND,106,125
2021,NY,PHI,89,109
2021,CHA,OKC,107,109
2021,DET,CLE,119,128
2021,WSH,ORL,120,130
2021,MEM,ATL,112,122
2021,DEN,LAC,108,121
2021,LAL,DAL,138,115
2021,BOS,BKN,95,123
2021,MIL,GS,138,99
2021,MIA,NO,111,98
2021,PHX,DAL,106,102
2021,POR,UTAH,100,120
2021,DEN,SAC,122,124
2021,CHI,ATL,104,124
2021,MEM,SA,119,131
2021,MIN,DET,111,101
2021,BOS,MIL,122,121
2021,TOR,NO,99,113
2021,CLE,CHA,121,114
2021,IND,NY,121,107
2021,ORL,MIA,113,107
2021,PHI,WSH,113,107
2021,LAL,LAC,109,116
2021,BKN,GS,125,99
2022,DAL,SA,130,120
2022,DEN,LAL,141,146
2022,LAC,OKC,138,88
2022,NO,GS,107,128
2022,PHX,SAC,109,116
2022,POR,UTAH,80,111
2022,MIN,CHI,120,124
2022,MEM,BOS,110,139
2022,NY,TOR,105,94
2022,ORL,MIA,125,111
2022,PHI,DET,118,106
2022,BKN,IND,134,126
2022,CHA,WSH,124,108
2022,CLE,MIL,133,115
2022,HOU,ATL,114,130
2022,LAC,SAC,117,98
2022,SA,GS,94,100
2022,MEM,NO,141,114
2022,PHI,IND,133,120
2022,LAL,OKC,120,101
2022,UTAH,PHX,105,111
2022,DAL,POR,128,78
2022,MIA,ATL,113,109
2022,CHI,CHA,117,133
2022,BKN,CLE,118,107
2022,TOR,HOU,117,115
2022,DET,MIL,101,131
2022,WSH,NY,92,114
2022,GS,LAL,128,112
2022,DEN,MEM,122,109
2022,MIN,SA,127,121
2022,NO,POR,127,94
2022,TOR,PHI,119,114
2022,MIL,BOS,127,121
2022,CHA,ORL,128,101
2022,LAC,PHX,113,109
2022,UTAH,OKC,137,101
2022,ATL,WSH,118,103
2022,CHI,BOS,94,117
2022,NY,BKN,98,110
2022,DET,DAL,113,131
2022,PHX,LAL,121,110
2022,SAC,NO,109,123
2022,DEN,SA,97,116
2022,UTAH,MEM,121,115
2022,CHI,MIL,106,127
2022,MIN,WSH,114,132
2022,OKC,POR,98,94
2022,BKN,HOU,118,105
2022,MIA,CHA,144,115
2022,TOR,ATL,118,108
2022,IND,PHI,122,131
2022,ORL,CLE,120,115
2022,LAC,NO,119,100
2022,SAC,GS,90,109
2022,TOR,MIA,109,114
2022,HOU,MIN,132,139
2022,OKC,PHX,117,96
2022,SA,POR,113,92
2022,CLE,PHI,108,112
2022,ORL,NY,88,118
2022,IND,DET,117,121
2022,LAL,DEN,118,129
2022,BOS,WSH,144,102
2022,MIL,DAL,112,118
2022,GS,UTAH,111,107
2022,CHI,MIA,109,127
2022,ATL,BKN,122,115
2022,NY,CLE,101,119
2022,PHI,CHA,144,114
2022,LAL,NO,111,114
2022,DEN,MIN,130,136
2022,SA,POR,130,111
2022,HOU,SAC,117,122
2022,MEM,PHX,122,114
2022,MIL,LAC,119,153
2022,OKC,DET,101,110
2022,BOS,IND,128,123
2022,ORL,TOR,89,102
2022,WSH,DAL,135,103
2022,UTAH,LAL,122,109
2022,CHI,LAC,135,130
2022,BKN,MIL,119,120
2022,ATL,CLE,131,107
2022,DET,PHI,102,94
2022,GS,PHX,103,107
2022,POR,NO,107,117
2022,SA,MEM,111,112
2022,HOU,SAC,118,121
2022,OKC,ATL,118,136
2022,BOS,MIA,98,106
2022,NY,CHA,114,125
2022,TOR,MIN,125,102
2022,CLE,DAL,112,120
2022,IND,DEN,118,125
2022,WSH,ORL,127,110
2022,LAC,UTAH,121,115
2022,BKN,DET,130,123
2022,DAL,LAL,128,110
2022,PHI,MIL,116,118
2022,WSH,CHI,94,107
2022,POR,OKC,131,134
2022,HOU,SA,120,123
2022,MEM,GS,123,95
2022,MIA,SAC,123,100
2022,NY,CHI,109,104
2022,TOR,BOS,115,112
2022,CHA,DEN,109,113
2022,CLE,ORL,107,101
2022,IND,ATL,123,132
2022,BKN,CHA,110,119
2022,DAL,UTAH,114,100
2022,NO,LAL,116,108
2022,BOS,MIN,134,112
2022,WSH,GS,123,115
2022,PHX,PHI,114,104
2022,DET,NY,102,104
2022,POR,HOU,98,115
2022,DEN,OKC,113,107
2022,CLE,CHI,94,98
2022,MIA,BKN,95,110
2022,MEM,MIL,127,102
2022,TOR,IND,131,91
2022,ORL,SAC,110,114
2022,NO,SA,103,107
2022,LAC,PHI,97,122
2022,POR,HOU,106,125
2022,MIA,NY,103,111
2022,MIN,DAL,116,95
2022,ATL,GS,121,110
2022,CHA,UTAH,107,101
2022,DET,WSH,97,100
2022,DEN,PHX,130,140
2022,MEM,IND,133,103
2022,MIL,WSH,114,102
2022,NO,CHI,126,109
2022,TOR,CLE,117,104
2022,LAL,PHI,121,126
2022,POR,SA,96,133
2022,DAL,HOU,110,91
2022,MIN,PHX,116,125
2022,OKC,ORL,118,102
2022,BOS,UTAH,125,97
2022,MIA,GS,104,118
2022,MEM,BKN,132,120
2022,CHA,NY,106,121
2022,DET,ATL,122,101
2022,IND,SAC,109,110
2022,DEN,LAC,127,115
2022,MIL,CHI,126,98
2022,NY,ATL,111,117
2022,ORL,GS,94,90
2022,DAL,MIN,110,108
2022,CHI,TOR,113,99
2022,HOU,WSH,115,97
2022,OKC,BOS,123,132
2022,PHI,MIA,113,106
2022,BKN,UTAH,114,106
2022,CHA,NO,106,103
2022,CLE,LAL,120,131
2022,DET,POR,115,119
2022,PHI,TOR,88,93
2022,GS,SA,108,110
2022,DEN,BOS,104,124
2022,NY,UTAH,93,108
2022,ATL,NO,112,117
2022,ORL,OKC,90,85
2022,SAC,PHX,124,127
2022,IND,POR,129,98
2022,HOU,MEM,98,122
2022,CLE,DET,113,109
2022,WSH,LAL,127,119
2022,CHA,DAL,129,108
2022,MIN,MIL,138,119
2022,SAC,BOS,97,126
2022,PHX,CHI,129,102
2022,UTAH,LAC,121,92
2022,SA,NO,91,124
2022,MIA,OKC,120,108
2022,HOU,IND,118,121
2022,NY,WSH,100,97
2022,TOR,LAL,123,128
2022,ATL,MEM,120,105
2022,BKN,POR,128,123
2022,CLE,DEN,119,116
2022,PHI,DAL,111,101
2022,ORL,DET,120,134
2022,LAC,TOR,100,103
2022,GS,BOS,88,110
2022,SAC,MIL,126,135
2022,UTAH,CHI,125,110
2022,SA,OKC,122,120
2022,HOU,PHX,112,129
2022,MIN,LAL,124,104
2022,BKN,DAL,111,113
2022,NY,POR,128,98
2022,CHA,ATL,116,106
2022,CLE,PHI,114,118
2022,WSH,DEN,109,127
2022,NO,PHX,115,131
2022,MIA,DET,105,98
2022,IND,MEM,102,135
2022,ORL,BKN,108,150
2022,LAL,TOR,103,114
2022,GS,WSH,126,112
2022,SAC,CHI,112,103
2022,UTAH,MIL,111,117
2022,SA,MIN,139,149
2022,OKC,CHA,116,134
2022,ATL,POR,122,113
2022,PHI,DEN,110,114
2022,CLE,LAC,120,111
2022,PHX,LAL,140,111
2022,ATL,IND,131,128
2022,NO,HOU,130,105
2022,OKC,MEM,118,125
2022,ORL,PHI,114,116
2022,BOS,DAL,92,95
2022,DET,LAC,102,106
2022,BKN,NY,110,107
2022,POR,WSH,127,118
2022,DEN,TOR,115,127
2022,UTAH,SAC,134,125
2022,GS,MIL,122,109
2022,MIA,MIN,104,113
2022,CHI,CLE,101,91
2022,SA,IND,108,119
2022,LAL,WSH,122,109
2022,PHX,TOR,112,117
2022,SA,UTAH,104,102
2022,MIA,CLE,117,105
2022,HOU,DAL,100,113
2022,MEM,NY,118,114
2022,NO,CHA,120,142
2022,ATL,LAC,112,106
2022,BOS,DET,114,103
2022,ORL,MIN,118,110
2022,DEN,GS,102,113
2022,PHI,BKN,100,129
2022,LAC,WSH,115,109
2022,UTAH,POR,123,85
2022,SAC,DEN,100,106
2022,DAL,NY,77,107
2022,SA,TOR,104,119
2022,MIL,ATL,124,115
2022,HOU,LAL,139,130
2022,MIN,OKC,132,102
2022,NO,ORL,102,108
2022,MIA,PHX,90,111
2022,CHA,BOS,101,115
2022,DET,CHI,108,114
2022,GS,LAC,112,97
2022,OKC,MIL,115,142
2022,MEM,NO,132,111
2022,CHA,BKN,121,132
2022,IND,CLE,124,127
2022,ORL,PHX,99,102
2022,SAC,NY,115,131
2022,DEN,GS,131,124
2022,DAL,UTAH,111,103
2022,SA,LAL,117,110
2022,MIN,POR,124,81
2022,MIA,HOU,123,106
2022,DET,ATL,113,110
2022,PHI,CHI,121,106
2022,LAC,NY,93,116
2022,DEN,NO,138,130
2022,CLE,TOR,104,96
2022,HOU,MEM,123,112
2022,OKC,UTAH,103,116
2022,WSH,IND,133,123
2022,MIL,PHX,132,122
2022,BOS,BKN,126,120
2022,LAL,GS,124,116
2022,MIA,PHI,99,82
2022,MEM,ORL,124,96
2022,MIN,POR,135,121
2022,CHA,SA,123,117
2022,DAL,SAC,114,113
2022,PHX,NY,115,114
2022,DEN,HOU,116,101
2022,NO,UTAH,124,90
2022,OKC,MIN,101,138
2022,CHI,MIL,112,118
2022,TOR,ORL,97,103
2022,DET,IND,111,106
2022,PHI,CLE,125,119
2022,WSH,ATL,114,117
2022,LAC,LAL,132,111
2022,DAL,GS,122,113
2022,SA,SAC,112,115
2022,BOS,MEM,120,107
2022,BKN,MIA,107,113
2022,TOR,DET,106,108
2022,ATL,CHI,130,124
2022,PHX,POR,120,90
2022,DEN,OKC,107,119
2022,HOU,UTAH,127,132
2022,MIL,MIA,120,119
2022,NO,SAC,125,95
2022,PHI,NY,123,108
2022,CLE,CHA,98,119
2022,ORL,IND,114,122
2022,LAL,DAL,104,109
2022,HOU,LAC,100,113
2022,MIN,GS,129,114
2022,BOS,ATL,107,98
2022,TOR,BKN,109,108
2022,WSH,DET,116,113
2022,MEM,SA,118,105
2022,MIL,CHA,130,106
2022,OKC,SAC,110,131
2022,BKN,TOR,97,133
2022,MIA,CHI,112,99
2022,CLE,MIN,122,127
2022,ORL,IND,119,103
2022,LAL,NO,95,123
2022,POR,DEN,92,124
2022,GS,DAL,101,107
2022,CHA,DET,126,127
2022,HOU,LAC,98,99
2022,IND,BOS,128,107
2022,PHX,UTAH,114,118
2022,NY,PHI,109,125
2022,DEN,SAC,115,110
2022,MIL,BKN,123,126
2022,CLE,WSH,92,86
2022,MIA,SA,133,129
2022,CHI,MEM,110,116
2022,ATL,TOR,127,100
2022,DET,BOS,104,113
2022,LAL,LAC,102,105
2022,PHX,NO,102,117
2022,UTAH,DAL,114,109
2022,MIN,PHI,102,133
2022,NY,MIA,100,115
2022,CHA,TOR,125,93
2022,IND,OKC,125,129
2022,ORL,HOU,119,111
2022,WSH,SA,153,157
2022,POR,GS,95,132
2022,SAC,DEN,110,128
2022,CHI,ATL,112,108
2022,MIN,MEM,119,114
2022,OKC,PHX,104,124
2022,BKN,BOS,106,129
2022,DET,CLE,106,103
2022,LAC,HOU,142,111
2022,MIL,PHI,120,123
2022,NO,DAL,118,125
2022,BKN,WSH,103,117
2022,CHA,MIA,107,111
2022,GS,DEN,116,117
2022,LAL,UTAH,106,101
2022,PHX,HOU,124,121
2022,CHI,SAC,125,118
2022,MEM,POR,119,123
2022,MIN,TOR,91,103
2022,OKC,SA,106,114
2022,BOS,DET,111,112
2022,IND,WSH,113,108
2022,NY,BKN,106,111
2022,ORL,ATL,109,130
2022,PHX,LAC,103,96
2022,MIL,IND,128,119
2022,MIN,CHA,126,120
2022,NO,MEM,109,121
2022,ATL,CLE,124,116
2022,MIA,DAL,99,107
2022,PHI,BOS,87,135
2022,LAC,GS,119,104
2022,DEN,ORL,121,111
2022,UTAH,HOU,135,101
2022,CHI,SA,120,109
2022,MIL,POR,107,122
2022,NO,TOR,120,90
2022,BKN,SAC,109,85
2022,NY,OKC,123,127
2022,WSH,DET,103,94
2022,IND,MIN,120,129
2022,BOS,ATL,105,95
2022,PHX,ORL,132,105
2022,DAL,LAC,97,99
2022,GS,LAL,117,115
2022,MIA,BKN,115,111
2022,CHI,OKC,106,101
2022,PHI,CLE,103,93
2022,TOR,DEN,109,110
2022,CHA,MEM,118,125
2022,WSH,SAC,110,123
2022,NO,SA,114,124
2022,POR,NY,112,103
2022,UTAH,ORL,114,99
2022,CHI,MIN,134,122
2022,ATL,SA,121,136
2022,BOS,DEN,108,102
2022,DET,CHA,119,141
2022,IND,CLE,113,120
2022,PHI,OKC,100,87
2022,PHX,MIL,131,107
2022,GS,NY,114,116
2022,DAL,LAC,112,105
2022,HOU,TOR,120,139
2022,WSH,BKN,113,112
2022,NO,MIA,97,112
2022,DET,MEM,107,132
2022,UTAH,GS,111,85
2022,POR,LAL,107,105
2022,SAC,MIN,132,119
2022,OKC,TOR,98,117
2022,CHA,CHI,109,121
2022,CLE,SA,105,92
2022,LAL,MIL,116,131
2022,POR,ORL,95,113
2022,SAC,MIN,114,134
2022,DEN,NY,132,115
2022,DAL,DET,116,86
2022,MEM,LAC,135,109
2022,NO,HOU,110,97
2022,ATL,IND,133,112
2022,BKN,BOS,91,126
2022,PHI,PHX,109,114
2022,UTAH,NY,113,104
2022,CHI,PHX,124,127
2022,OKC,GS,98,110
2022,CHA,TOR,101,116
2022,WSH,MIA,100,121
2022,LAC,MIL,113,137
2022,HOU,NO,107,120
2022,CLE,IND,98,85
2022,ORL,BOS,83,116
2022,DAL,ATL,103,94
2022,CHI,PHI,108,119
2022,MIN,DET,118,105
2022,DEN,BKN,124,104
2022,POR,MIL,108,137
2022,SAC,OKC,113,103
2022,LAL,NY,122,115
2022,CHA,MIA,86,104
2022,WSH,PHX,80,95
2022,ORL,MEM,115,135
2022,DAL,PHI,107,98
2022,POR,OKC,93,96
2022,UTAH,BKN,125,102
2022,DEN,NO,105,113
2022,SA,HOU,131,106
2022,TOR,ATL,125,114
2022,CHA,CLE,101,102
2022,DET,BOS,93,102
2022,IND,CHI,115,122
2022,GS,SAC,126,114
2022,LAC,LAL,111,110
2022,ATL,PHX,124,115
2022,TOR,CHI,127,120
2022,DET,MIN,117,128
2022,SA,MIA,95,112
2022,LAL,POR,99,94
2022,UTAH,DEN,108,104
2022,SAC,BKN,112,101
2022,DAL,OKC,114,120
2022,HOU,CLE,115,104
2022,BOS,CHA,113,107
2022,NY,MEM,108,120
2022,IND,ORL,118,119
2022,PHI,WSH,103,106
2022,PHX,BKN,121,111
2022,SA,GS,120,124
2022,CHI,ORL,126,115
2022,MIN,DEN,130,115
2022,MIL,WSH,112,98
2022,TOR,MIA,110,106
2022,DET,NO,101,111
2022,HOU,GS,108,122
2022,OKC,POR,98,81
2022,BOS,MIA,122,92
2022,NY,SAC,116,96
2022,ATL,TOR,100,106
2022,CLE,NO,93,90
2022,IND,LAC,122,116
2022,PHI,MEM,122,119
2022,MIN,UTAH,126,106
2022,PHX,SA,115,110
2022,ORL,DAL,110,108
2022,MIL,DEN,100,136
2022,DET,CLE,115,105
2022,CHI,POR,130,116
2022,ATL,LAL,129,121
2022,CHA,LAC,90,115
2022,GS,BKN,110,106
2022,MIA,TOR,120,124
2022,MEM,WSH,115,95
2022,PHI,SAC,103,101
2022,NO,BOS,97,107
2022,DAL,IND,132,105
2022,MIL,NY,123,108
2022,PHX,MIN,134,124
2022,SA,CHI,131,122
2022,NO,DEN,105,116
2022,MIA,LAC,121,114
2022,HOU,POR,110,125
2022,MEM,UTAH,119,109
2022,OKC,IND,110,113
2022,CHA,LAL,117,114
2022,ATL,BOS,108,92
2022,ORL,DET,119,103
2022,GS,MIN,124,115
2022,PHI,LAL,105,87
2022,UTAH,PHX,97,105
2022,POR,DAL,112,132
2022,SA,MEM,110,118
2022,BKN,DEN,118,124
2022,CHI,TOR,111,105
2022,ATL,SAC,121,104
2022,MIA,NY,110,96
2022,CLE,MIL,115,99
2022,IND,CHA,126,158
2022,ORL,LAC,102,111
2022,GS,DAL,130,92
2022,POR,MIN,107,109
2022,HOU,SA,104,134
2022,BOS,SAC,128,75
2022,BKN,LAL,96,106
2022,DET,DEN,105,110
2022,TOR,CHA,125,113
2022,WSH,LAC,115,116
2022,PHI,NO,117,107
2022,PHX,UTAH,115,109
2022,NO,IND,117,113
2022,OKC,CHI,110,111
2022,CLE,NY,95,93
2022,GS,UTAH,94,92
2022,MIN,BKN,136,125
2022,DEN,DET,117,111
2022,DAL,MEM,104,91
2022,CHA,ATL,91,113
2022,SA,PHI,109,115
2022,MIA,LAL,113,107
2022,ORL,CHI,114,95
2022,TOR,POR,105,114
2022,WSH,BOS,87,116
2022,NY,LAC,110,102
2022,PHX,IND,113,103
2022,CLE,OKC,94,87
2022,MIL,SAC,133,127
2022,GS,HOU,105,103
2022,DEN,MEM,118,122
2022,UTAH,DET,111,101
2022,SA,BKN,102,117
2022,WSH,TOR,105,109
2022,MIL,CHI,94,90
2022,ATL,MIA,110,108
2022,BOS,POR,105,109
2022,CHA,OKC,121,98
2022,ORL,LAL,105,116
2022,PHI,LAC,101,102
2022,GS,IND,117,121
2022,NY,NO,91,102
2022,DAL,PHX,101,109
2022,LAL,IND,104,111
2022,DEN,LAC,130,128
2022,SAC,DET,131,133
2022,UTAH,HOU,111,116
2022,DAL,TOR,102,98
2022,SA,OKC,118,96
2022,CHI,CLE,117,104
2022,MIL,MEM,126,114
2022,ATL,MIN,134,122
2022,BOS,CHA,102,111
2022,MIA,POR,104,92
2022,PHI,ORL,123,110
2022,WSH,BKN,118,119
2022,GS,DET,102,86
2022,NY,MIN,110,112
2022,LAL,UTAH,101,95
2022,DAL,OKC,104,102
2022,SA,PHX,107,121
2022,MIA,TOR,104,99
2022,ORL,POR,88,98
2022,ATL,MIL,121,114
2022,MEM,CHI,119,106
2022,LAC,IND,139,133
2022,CLE,BKN,114,107
2022,WSH,PHI,117,98
2022,NY,CHA,87,97
2022,BOS,NO,104,92
2022,MIN,GS,119,99
2022,DEN,UTAH,102,125
2022,SAC,HOU,112,118
2022,DET,PHX,108,135
2022,DAL,ORL,108,92
2022,DEN,LAL,133,96
2022,BOS,CHI,114,112
2022,SA,LAC,101,94
2022,MIA,PHI,98,109
2022,OKC,CLE,102,107
2022,ATL,NY,108,117
2022,BKN,NO,120,105
2022,WSH,POR,110,115
2022,MIL,TOR,96,103
2022,MEM,DAL,85,112
2022,SAC,HOU,126,114
2022,SA,CLE,109,114
2022,MIA,ATL,124,118
2022,CHI,GS,96,138
2022,CHA,ORL,109,116
2022,DET,TOR,103,87
2022,IND,PHX,94,112
2022,PHI,BOS,111,99
2022,DEN,POR,140,108
2022,BKN,OKC,109,130
2022,MEM,MIN,116,108
2022,NO,LAC,113,89
2022,MIL,GS,118,99
2022,CHI,BKN,112,138
2022,SAC,LAL,125,116
2022,UTAH,CLE,91,111
2022,SA,HOU,124,128
2022,ATL,MIA,91,115
2022,NY,DAL,108,85
2022,IND,BOS,100,119
2022,PHI,CHA,98,109
2022,WSH,ORL,112,106
2022,LAC,DEN,87,85
2022,MEM,GS,116,108
2022,NO,MIN,128,125
2022,CHI,DET,133,87
2022,TOR,PHX,95,99
2022,WSH,OKC,122,118
2022,SAC,CLE,108,109
2022,POR,BKN,114,108
2022,HOU,PHI,91,111
2022,BOS,IND,101,98
2022,NY,SA,111,96
2022,CHA,MIL,103,99
2022,DET,UTAH,126,116
2022,LAL,MEM,119,127
2022,POR,SAC,103,88
2022,GS,CLE,96,82
2022,DAL,CHI,113,99
2022,HOU,MIN,123,141
2022,OKC,DEN,95,99
2022,ORL,WSH,100,102
2022,TOR,NO,105,101
2022,LAC,ATL,106,93
2022,BKN,SA,121,119
2022,PHX,MIA,100,123
2022,BOS,NY,99,75
2022,CHA,MIL,114,106
2022,DET,ORL,97,92
2022,IND,UTAH,125,113
2022,LAC,MEM,108,123
2022,LAL,ATL,134,118
2022,POR,CLE,101,114
2022,DEN,SAC,121,111
2022,CHI,WSH,130,122
2022,HOU,DAL,106,130
2022,OKC,MIN,105,135
2022,BKN,MIL,109,121
2022,TOR,UTAH,122,108
2022,PHI,SA,119,100
2022,PHX,LAC,106,89
2022,MEM,DET,118,88
2022,NO,GS,101,96
2022,NY,BOS,108,105
2022,DEN,UTAH,109,115
2022,POR,MIA,109,115
2022,SAC,ATL,102,108
2022,MIL,TOR,111,117
2022,MIN,OKC,98,90
2022,BOS,SA,97,99
2022,IND,BKN,121,129
2022,DAL,GS,99,82
2022,CHA,DET,140,111
2022,ORL,PHI,106,116
2022,WSH,HOU,111,114
2022,LAL,SAC,122,114
2022,NO,PHX,110,123
2022,NY,IND,104,94
2022,CLE,MEM,106,110
2022,TOR,SA,129,104
2022,LAC,MIN,104,122
2022,GS,MIA,115,108
2022,POR,ATL,136,131
2022,DAL,DEN,103,89
2022,CHI,ORL,102,98
2022,MIL,DET,106,115
2022,NO,UTAH,104,115
2022,BKN,MEM,104,118
2022,PHI,HOU,133,113
2022,WSH,CHA,124,121
2022,LAL,MIN,108,103
2022,CHA,PHX,99,133
2022,OKC,DAL,86,95
2022,BOS,ORL,116,111
2022,CLE,IND,108,104
2022,SAC,MIA,115,113
2022,TOR,NY,120,105
2022,UTAH,GS,116,123
2022,HOU,DEN,111,124
2022,BKN,LAC,116,120
2022,DET,SA,117,116
2022,WSH,CHI,119,120
2022,MIL,NO,136,113
2022,LAL,POR,139,106
2022,UTAH,MIN,120,108
2022,MEM,SA,118,105
2022,OKC,NY,95,80
2022,CLE,ATL,118,121
2022,TOR,LAC,116,108
2022,HOU,MIA,110,120
2022,SAC,DAL,96,112
2022,IND,CHI,106,108
2022,BOS,PHX,123,108
2022,BKN,PHI,102,110
2022,ORL,MIL,118,136
2022,WSH,CLE,110,93
2022,SAC,DAL,95,94
2022,POR,UTAH,105,120
2022,PHX,OKC,115,97
2022,CHI,ATL,131,117
2022,MEM,LAL,104,99
2022,BOS,LAC,82,91
2022,DET,NY,85,94
2022,IND,CHA,108,116
2022,GS,DEN,86,89
2022,SAC,OKC,117,111
2022,HOU,LAL,123,132
2022,MIN,NY,88,96
2022,NO,CLE,108,104
2022,MIA,WSH,119,112
2022,TOR,PHI,109,114
2022,ORL,MIL,110,127
2022,LAC,BKN,108,124
2022,POR,DAL,117,132
2022,PHX,MEM,113,114
2022,SA,UTAH,104,110
2022,MIN,BOS,108,103
2022,ATL,CHI,118,130
2022,CHA,HOU,123,99
2022,LAC,DEN,100,103
2022,CHI,IND,113,105
2022,OKC,NO,117,112
2022,SA,DET,144,109
2022,CLE,TOR,144,99
2022,WSH,PHI,96,117
2022,SAC,MEM,102,127
2022,MIA,ORL,93,83
2022,UTAH,DAL,120,116
2022,LAL,BKN,115,122
2022,PHX,GS,107,116
2022,MIL,BOS,117,113
2022,NY,ATL,101,87
2022,LAL,SA,110,138
2022,GS,MEM,113,104
2022,DEN,CHA,107,115
2022,PHX,OKC,113,101
2022,UTAH,MIN,128,116
2022,DAL,MIL,95,102
2022,MIA,DET,115,112
2022,NY,WSH,117,124
2022,IND,HOU,118,106
2022,ORL,NO,104,110
2022,PHI,ATL,96,98
2022,SAC,LAC,89,105
2022,MIL,HOU,126,106
2022,OKC,DEN,108,94
2022,ATL,ORL,98,104
2022,BOS,CLE,111,101
2022,LAL,PHX,90,108
2022,DAL,MIN,114,102
2022,NO,POR,111,97
2022,MIA,IND,125,96
2022,NY,DET,105,91
2022,LAC,SA,92,116
2022,GS,SAC,113,98
2022,UTAH,CHA,112,102
2022,CHI,HOU,133,118
2022,MEM,OKC,99,102
2022,BOS,PHI,103,108
2022,CHI,LAL,115,110
2022,MIN,DAL,111,105
2022,PHX,CHA,137,106
2022,DET,MIA,100,90
2022,MEM,POR,100,105
2022,SAC,SA,121,114
2022,MIL,CLE,90,119
2022,UTAH,WSH,103,109
2022,OKC,LAC,104,103
2022,BKN,ORL,93,100
2022,TOR,GS,119,100
2022,BOS,NY,114,107
2022,DET,HOU,107,116
2022,MIN,LAL,110,92
2022,POR,CHA,125,116
2022,SAC,MEM,105,124
2022,UTAH,SA,126,128
2022,NO,MIL,116,112
2022,ATL,DEN,115,133
2022,BOS,GS,107,111
2022,ORL,MIA,105,115
2022,PHX,WSH,118,98
2022,HOU,NY,103,116
2022,BKN,PHI,114,105
2022,IND,DET,122,113
2022,UTAH,LAC,124,103
2022,POR,MEM,103,113
2022,SAC,WSH,119,105
2022,DEN,MIN,107,124
2022,SA,CHA,115,131
2022,MIL,IND,114,99
2022,OKC,NO,110,113
2022,DAL,LAL,104,107
2022,CLE,HOU,124,89
2022,ORL,ATL,99,111
2022,PHI,MIA,96,101
2022,POR,PHX,107,111
2022,BKN,TOR,131,129
2022,NY,GS,96,105
2022,LAC,PHX,111,95
2022,DEN,WSH,113,107
2022,DAL,CHA,120,96
2022,MEM,PHI,126,91
2022,ATL,HOU,126,132
2022,BOS,MIL,117,103
2022,CLE,MIA,105,94
2022,IND,GS,100,102
2022,TOR,SAC,124,101
2022,LAL,ORL,106,94
2022,POR,MIN,111,116
2022,OKC,DAL,84,103
2022,SA,NO,112,97
2022,DET,BKN,104,116
2022,NY,MIL,97,112
2022,PHI,GS,102,93
2022,SA,DEN,112,127
2022,CLE,SAC,117,103
2022,MIA,CHI,118,92
2022,MEM,HOU,113,106
2022,WSH,UTAH,98,123
2022,LAC,ORL,106,104
2022,PHX,BOS,111,90
2022,HOU,MIL,114,123
2022,MIN,CLE,106,123
2022,NO,DET,109,93
2022,OKC,LAL,95,116
2022,ATL,BKN,105,113
2022,TOR,NY,90,87
2022,CHA,SAC,124,123
2022,IND,DAL,106,93
2022,SA,DEN,123,111
2022,MEM,LAL,108,95
2022,PHI,UTAH,96,118
2022,LAC,BOS,114,111
2022,GS,POR,104,94
2022,SAC,ORL,142,130
2022,HOU,BKN,114,104
2022,MEM,DAL,96,104
2022,MIN,UTAH,104,136
2022,NO,DEN,114,120
2022,MIA,MIL,113,104
2022,TOR,OKC,109,110
2022,CHA,PHI,106,110
2022,CLE,CHI,115,92
2022,DET,WSH,116,119
2022,IND,NY,122,102
2022,LAL,BOS,117,102
2022,SA,NY,109,121
2022,DAL,BKN,99,102
2022,GS,ORL,126,95
2022,POR,LAC,90,102
2022,PHX,SA,108,104
2022,CHI,DEN,109,97
2022,MIL,CLE,112,104
2022,MIN,ATL,110,121
2022,MIA,MEM,90,105
2022,CHA,PHI,124,127
2022,DET,OKC,103,114
2022,IND,WSH,116,110
2022,HOU,NO,118,108
2022,ATL,CHA,127,130
2022,TOR,WSH,102,90
2022,CLE,UTAH,108,109
2022,POR,BOS,117,145
2022,SAC,LAC,104,99
2022,DAL,MEM,90,97
2022,GS,SA,107,112
2022,BKN,CHI,107,111
2022,MIL,MIA,124,102
2022,NY,DEN,99,113
2022,GS,PHX,118,96
2022,LAL,LAC,115,119
2022,UTAH,BOS,137,130
2022,DAL,NO,91,107
2022,HOU,ORL,118,116
2022,ATL,PHI,96,98
2022,BKN,MIN,110,105
2022,IND,MIA,104,113
2022,WSH,CLE,101,116
2022,POR,SA,83,114
2022,PHX,DET,114,103
2022,MEM,OKC,152,79
2022,NY,CHI,115,119
2022,TOR,MIL,97,93
2022,LAC,SAC,115,124
2022,MIL,CHA,127,125
2022,NO,DAL,107,139
2022,OKC,HOU,110,114
2022,BOS,PHI,88,87
2022,MIA,CLE,85,111
2022,IND,ATL,111,114
2022,ORL,DEN,108,103
2022,WSH,MIN,115,107
2022,PHX,GS,104,96
2022,POR,DET,110,92
2022,SAC,LAL,92,117
2022,BKN,NY,112,110
2022,TOR,MEM,91,98
2022,LAC,NO,104,123
2022,UTAH,POR,129,107
2022,DAL,CLE,96,114
2022,SA,WSH,116,99
2022,CHI,CHA,133,119
2022,HOU,OKC,102,89
2022,MIN,IND,100,98
2022,MIA,DEN,111,120
2022,PHI,ORL,101,96
2022,LAL,DET,110,106
2022,TOR,BOS,97,109
2022,MEM,SAC,128,101
2022,IND,MIL,100,118
2022,LAC,GS,90,105
2022,UTAH,NO,127,105
2022,DAL,WSH,114,120
2022,CLE,ORL,105,92
2022,CHI,MIA,104,107
2022,HOU,CHA,146,143
2022,ATL,NY,90,99
2022,BKN,PHX,107,113
2022,PHI,MIN,120,121
2022,LAL,SAC,137,141
2022,GS,POR,118,103
2022,DEN,MIL,109,120
2022,UTAH,NO,97,98
2022,SA,BOS,96,88
2022,IND,TOR,114,97
2022,MEM,ATL,100,132
2022,OKC,WSH,99,101
2022,CHA,MIN,133,115
2022,NY,PHX,97,118
2022,ORL,CHI,88,123
2022,LAC,DET,107,96
2022,GS,PHI,116,96
2022,SAC,POR,125,121
2022,SA,ATL,106,124
2022,HOU,CHI,118,113
2022,MEM,TOR,113,126
2022,MIL,DET,114,93
2022,MIN,MIA,113,101
2022,NO,WSH,127,102
2022,OKC,UTAH,104,110
2022,BOS,BKN,104,123
2022,CLE,PHX,115,120
2022,IND,LAL,116,124
2022,ORL,CHA,99,106
2022,LAC,DAL,104,112
2022,POR,DEN,119,100
2022,NY,LAL,106,100
2022,DET,MIA,92,100
2022,SAC,PHI,94,102
2022,UTAH,MEM,118,119
2022,SA,PHX,111,115
2022,CHI,IND,77,109
2022,MIL,ORL,123,92
2022,NO,MIN,96,110
2022,ATL,OKC,113,101
2022,BOS,HOU,108,90
2022,CLE,BKN,112,117
2022,WSH,CHA,103,109
2022,GS,TOR,119,104
2022,CHI,NY,109,103
2022,PHX,DEN,126,97
2022,DET,LAL,116,121
2022,LAC,DAL,97,91
2022,POR,PHI,118,111
2022,SAC,UTAH,105,123
2022,MIL,ORL,117,108
2022,MIN,MEM,138,95
2022,ATL,CHA,115,105
2022,BOS,OKC,111,105
2022,IND,NO,111,94
2022,WSH,MIA,103,100
2022,NY,HOU,106,99
2022,PHX,DAL,112,104
2022,SAC,TOR,89,108
2022,DEN,CHI,108,114
2022,MIL,OKC,96,89
2022,NO,LAC,94,81
2022,BOS,LAL,130,108
2022,BKN,ORL,115,113
2022,CHA,IND,121,118
2022,DET,GS,102,105
2022,DEN,PHI,89,103
2022,UTAH,TOR,119,103
2022,MEM,LAC,120,108
2022,MIN,SA,115,90
2022,CLE,GS,89,104
2022,MIA,WSH,112,97
2022,PHX,DAL,105,98
2022,POR,CHI,112,107
2022,MIN,SAC,107,97
2022,OKC,HOU,101,89
2022,ATL,BOS,110,99
2022,BKN,CLE,109,99
2022,MIA,NO,113,98
2022,NY,ORL,98,104
2022,MIL,LAL,109,102
2022,CHA,WSH,97,87
2022,DET,IND,97,89
2022,LAC,SA,106,92
2022,UTAH,PHI,120,85
2022,BKN,GS,99,117
2022,LAL,CHI,103,121
2022,POR,TOR,118,113
2022,DAL,DEN,111,101
2022,MEM,HOU,136,102
2022,MIN,PHX,96,99
2022,OKC,MIA,90,103
2022,ATL,ORL,129,111
2022,NY,IND,92,84
2022,CLE,BOS,92,98
2022,DET,SAC,107,129
2022,WSH,NO,105,100
2022,LAC,CHI,90,100
2022,DEN,POR,124,95
2022,CHA,GS,106,102
2022,HOU,PHX,89,115
2022,OKC,BKN,96,120
2022,ATL,MIL,120,100
2022,LAL,SA,114,106
2022,LAC,MIN,129,102
2022,CLE,BOS,91,89
2022,TOR,DET,121,127
2022,IND,PHI,118,113
2022,ORL,WSH,92,104
2022,NO,MEM,112,101
2022,UTAH,MIA,105,111
2022,LAL,MIN,83,107
2022,GS,CHI,119,93
2022,DEN,ATL,105,96
2022,SA,DAL,109,123
2022,HOU,POR,92,104
2022,MEM,PHX,94,119
2022,NO,BKN,112,120
2022,OKC,SAC,105,103
2022,BOS,MIL,122,113
2022,CLE,DET,98,78
2022,CHA,NY,104,96
2022,LAC,MIA,112,109
2022,UTAH,IND,100,111
2022,PHI,TOR,109,115
2022,GS,MIN,123,110
2022,LAL,MIA,120,117
2022,DEN,IND,101,98
2022,PHX,POR,119,109
2022,SA,SAC,136,117
2022,CHI,DAL,117,107
2022,MEM,CHA,108,118
2022,NO,OKC,100,108
2022,BOS,TOR,104,88
2022,NY,MIL,100,112
2022,HOU,DET,104,112
2022,CLE,WSH,94,97
2022,ORL,BKN,90,123
2022,LAC,POR,117,109
2022,UTAH,ATL,110,98
2022,PHI,MIL,109,118
2022,LAL,CHA,126,123
2022,GS,ATL,127,113
2022,SAC,PHX,104,109
2022,DEN,MIA,113,96
2022,DAL,NO,108,92
2022,CHI,BKN,118,95
2022,MEM,MIN,125,118
2022,PHI,NY,96,103
2022,LAC,CHA,120,106
2022,GS,HOU,120,107
2022,OKC,SA,99,94
2022,NY,CLE,109,126
2022,ORL,UTAH,107,100
2022,WSH,MIL,101,94
2022,SAC,IND,91,94
2022,TOR,BKN,103,116
2022,POR,LAL,105,90
2022,PHX,ATL,121,117
2022,DAL,BOS,107,104
2022,CHI,PHI,105,114
2022,MIA,UTAH,118,115
2022,DEN,HOU,95,94
2022,GS,NO,126,85
2022,POR,IND,110,106
2022,SAC,CHA,140,110
2022,MIN,LAC,84,104
2022,TOR,CLE,101,102
2022,MIL,NY,98,113
2022,DET,BKN,90,96
2022,ORL,SA,89,102
2022,WSH,MEM,115,87
2022,LAL,OKC,104,107
2022,PHX,HOU,123,111
2022,ATL,UTAH,98,116
2022,MIA,BOS,78,95
2022,DET,PHI,98,109
2022,GS,CHA,114,92
2022,SAC,NO,112,99
2022,SA,DAL,108,109
2022,MEM,DEN,108,106
2022,MIN,LAC,115,126
2022,BKN,ATL,117,108
2022,CLE,POR,107,104
2022,IND,NY,111,98
2022,ORL,BOS,79,92
2022,PHI,CHI,103,98
2022,WSH,TOR,100,109
2022,LAL,HOU,119,117
2022,PHX,NO,112,100
2022,UTAH,SAC,119,113
2022,DAL,MIA,110,125
2022,DET,MIL,89,117
2022,LAC,OKC,99,94
2022,MEM,DEN,106,97
2022,MIN,ORL,97,115
2022,ATL,WSH,118,111
2022,BOS,CHI,114,128
2022,NY,TOR,104,113
2022,CHA,CLE,110,113
2022,IND,SA,131,118
2022,PHI,POR,113,103
2022,LAL,HOU,95,85
2022,BKN,DET,117,91
2022,CHA,POR,125,113
2022,MIL,UTAH,95,107
2022,DAL,SAC,105,99
2022,PHX,CLE,101,92
2022,MIN,DEN,91,93
2022,GS,OKC,103,82
2022,CHI,UTAH,107,99
2022,MEM,MIA,103,129
2022,MIL,SA,93,102
2022,IND,TOR,94,97
2022,PHI,ATL,122,94
2022,DET,ORL,110,103
2022,NO,NY,117,123
2022,WSH,BOS,115,112
2022,LAL,CLE,113,101
2022,DEN,DAL,106,75
2022,POR,LAC,111,92
2022,NO,SAC,109,113
2022,BKN,IND,105,98
2022,MIA,CHA,114,99
2022,TOR,ORL,110,109
2022,GS,MEM,101,104
2022,DAL,SA,104,99
2022,CHI,NY,103,104
2022,HOU,UTAH,91,122
2022,PHI,DET,110,102
2022,WSH,ATL,122,111
2022,LAC,CLE,79,92
2022,PHX,SAC,107,110
2022,POR,MEM,116,96
2022,MIL,MIN,108,113
2022,OKC,LAL,123,115
2022,BOS,WSH,107,116
2022,BKN,MIA,93,106
2022,TOR,IND,118,100
2022,NO,ATL,99,102
2022,ORL,CHA,111,120
2022,UTAH,DEN,122,110
2022,DAL,HOU,116,106
2022,SA,LAL,121,125
2022,OKC,GS,98,106
2022,NY,PHI,112,99
2022,LAC,POR,116,86
2022,DEN,CLE,87,99
2022,MIN,NO,98,107
2022,ATL,DET,122,104
2022,BKN,WSH,104,90
2022,MIA,ORL,107,90
2022,TOR,CHI,108,111
2022,CHA,BOS,129,140
2022,IND,MIL,109,119
2022,LAL,MEM,121,118
2022,SAC,GS,107,119
2022,NY,ORL,104,110
2022,HOU,BOS,97,107
2022,OKC,PHI,103,115
2022,BKN,CHA,95,111
2022,LAC,MEM,114,120
2022,POR,PHX,134,105
2022,SA,MIL,111,121
2022,CHI,DET,97,82
2022,MIN,NO,96,89
2022,TOR,DAL,95,103
2022,IND,MIA,102,91
2022,CLE,ATL,101,95
2022,LAL,PHX,105,115
2022,SAC,UTAH,101,110
2022,DEN,SA,102,96
2022,CHI,NO,128,112
2022,HOU,OKC,124,91
2022,PHI,BKN,109,114
2022,BOS,TOR,83,115
2022,CLE,CHA,112,123
2022,ORL,NY,96,121
2022,WSH,IND,135,134
2022,GS,LAC,115,113
2022,MIA,MIL,137,95
2022,ATL,DAL,113,87
2022,PHX,DEN,98,110
2022,POR,SAC,121,124
2022,UTAH,OKC,107,86
2022,SA,ORL,123,97
2022,MEM,CLE,132,121
2022,MIN,HOU,124,106
2022,NO,PHI,97,117
2022,NY,BOS,138,134
2022,TOR,WSH,83,98
2022,CHA,IND,123,122
2022,DET,CHI,88,94
2022,LAL,GS,114,121
2022,MIL,BKN,127,104
2023,DEN,GS,112,110
2023,CLE,IND,115,105
2023,MIL,PHI,117,104
2023,HOU,LAL,109,134
2023,OKC,PHX,118,128
2023,ATL,DAL,132,130
2023,NY,WSH,118,109
2023,ORL,DET,128,102
2023,SAC,SA,134,142
2023,BKN,UTAH,111,110
2023,CHI,MEM,128,107
2023,MIN,POR,105,107
2023,CHA,TOR,108,128
2023,NO,LAC,122,114
2023,MIA,DAL,129,122
2023,PHX,DEN,100,93
2023,GS,SA,130,115
2023,POR,SAC,114,138
2023,HOU,DET,121,115
2023,MEM,LAC,108,94
2023,MIN,LAL,111,123
2023,BOS,UTAH,122,114
2023,BKN,ATL,124,107
2023,CLE,NY,116,130
2023,CHA,CHI,91,121
2023,IND,OKC,121,117
2023,PHI,TOR,117,110
2023,WSH,ORL,109,116
2023,DEN,NO,88,107
2023,MIL,BOS,99,140
2023,PHX,MIN,107,100
2023,POR,SAC,80,120
2023,CHI,LAL,110,121
2023,MEM,LAC,132,141
2023,OKC,DET,107,106
2023,SA,UTAH,117,128
2023,BKN,HOU,123,114
2023,NY,MIA,101,92
2023,PHI,DAL,116,108
2023,IND,MIL,136,149
2023,GS,NO,120,109
2023,MEM,ORL,113,108
2023,OKC,CHA,134,137
2023,ATL,CLE,120,118
2023,TOR,MIA,106,92
2023,WSH,BOS,130,111
2023,LAC,CHI,124,112
2023,POR,NO,90,124
2023,SAC,MIN,115,119
2023,DEN,PHI,116,111
2023,UTAH,PHX,103,117
2023,NY,HOU,137,115
2023,DET,MIL,117,126
2023,IND,DAL,104,127
2023,GS,MIN,96,99
2023,POR,OKC,112,118
2023,ATL,MEM,119,123
2023,BOS,SA,137,93
2023,CLE,HOU,108,91
2023,ORL,BKN,119,106
2023,TOR,WSH,114,104
2023,LAL,CHI,108,118
2023,CHA,DAL,110,104
2023,LAC,NO,110,131
2023,PHX,PHI,125,105
2023,SAC,UTAH,121,113
2023,DEN,MIL,129,106
2023,MIA,BKN,100,129
2023,ATL,IND,143,130
2023,LAL,OKC,116,111
2023,GS,PHI,120,112
2023,POR,CHI,96,124
2023,SAC,PHX,135,127
2023,UTAH,MIL,116,144
2023,DAL,CHA,109,117
2023,MEM,HOU,151,114
2023,TOR,DET,118,97
2023,BOS,IND,120,95
2023,WSH,SA,136,124
2023,LAC,OKC,127,105
2023,NO,CHA,115,96
2023,BKN,CLE,114,116
2023,ORL,NY,111,106
2023,LAL,PHX,122,111
2023,UTAH,POR,115,127
2023,CHI,PHI,91,116
2023,MEM,HOU,130,125
2023,MIL,SA,130,94
2023,MIN,ATL,125,124
2023,MIA,NY,127,120
2023,TOR,IND,114,118
2023,DAL,GS,125,127
2023,WSH,DEN,104,118
2023,LAC,OKC,100,101
2023,SAC,BOS,109,132
2023,NO,SA,119,84
2023,ATL,DET,129,107
2023,BKN,CLE,109,115
2023,ORL,WSH,122,112
2023,UTAH,SAC,128,120
2023,HOU,GS,108,121
2023,MEM,DAL,112,108
2023,NY,MIN,134,140
2023,CHA,IND,115,109
2023,PHI,CHI,105,109
2023,LAL,ORL,111,105
2023,POR,LAC,102,117
2023,MIL,TOR,118,111
2023,HOU,NO,107,117
2023,DET,MIA,100,112
2023,SA,ATL,126,118
2023,BKN,DEN,102,108
2023,OKC,PHX,124,120
2023,UTAH,BOS,118,117
2023,WSH,SAC,118,132
2023,CHI,MIA,113,99
2023,MEM,GS,133,119
2023,IND,PHI,121,141
2023,TOR,MIN,122,107
2023,LAC,ORL,108,113
2023,NY,DEN,116,110
2023,LAL,DAL,110,111
2023,POR,BOS,112,126
2023,CHI,MIN,139,131
2023,HOU,NO,114,112
2023,SA,MEM,120,126
2023,ATL,GS,127,119
2023,CLE,WSH,117,94
2023,CHA,PHI,82,121
2023,PHX,ORL,116,113
2023,MIL,IND,123,139
2023,BKN,SAC,96,101
2023,TOR,OKC,128,111
2023,DET,DEN,100,119
2023,LAC,GS,134,126
2023,SA,DAL,128,137
2023,CHI,SAC,114,117
2023,HOU,LAL,114,110
2023,MIN,BOS,102,104
2023,CLE,PHI,109,118
2023,MIA,MEM,138,119
2023,PHX,MIL,104,116
2023,POR,NY,107,123
2023,NO,LAL,108,123
2023,OKC,BKN,121,107
2023,SA,ORL,132,114
2023,TOR,DEN,125,110
2023,CHA,CLE,104,120
2023,WSH,DET,117,97
2023,GS,PHX,123,112
2023,SAC,MIL,124,133
2023,HOU,BOS,111,109
2023,ATL,MIN,115,136
2023,MIA,UTAH,119,115
2023,DAL,MEM,88,104
2023,DET,IND,117,97
2023,LAL,NY,108,112
2023,NO,POR,127,110
2023,SA,OKC,90,102
2023,PHI,WSH,112,93
2023,CHA,CLE,108,114
2023,DEN,BKN,120,122
2023,PHX,SAC,119,128
2023,NO,OKC,96,110
2023,GS,MIL,125,116
2023,HOU,CHI,111,119
2023,MEM,DAL,112,108
2023,ATL,BOS,125,134
2023,CHA,UTAH,111,119
2023,DET,IND,115,121
2023,ORL,MIA,126,114
2023,LAC,NY,106,95
2023,LAL,TOR,122,112
2023,MIA,CLE,119,115
2023,MIN,BKN,123,124
2023,SA,DEN,128,120
2023,PHI,POR,120,119
2023,WSH,ATL,107,114
2023,SAC,NY,122,117
2023,MIL,BKN,118,113
2023,MEM,GS,131,110
2023,DET,CHA,103,113
2023,IND,HOU,134,125
2023,ORL,UTAH,124,131
2023,LAC,TOR,108,100
2023,DEN,CHI,96,117
2023,PHX,OKC,132,101
2023,BOS,POR,115,93
2023,MIA,CLE,100,104
2023,NO,DAL,113,106
2023,WSH,ATL,120,122
2023,LAL,MEM,112,103
2023,DAL,UTAH,120,116
2023,HOU,BKN,96,118
2023,OKC,GS,137,128
2023,NY,CHA,105,112
2023,MIN,PHI,94,117
2023,ORL,MIL,123,134
2023,DET,WSH,117,119
2023,SAC,NO,123,108
2023,DEN,TOR,118,113
2023,MIA,ATL,130,128
2023,CLE,BOS,118,114
2023,IND,PHI,143,147
2023,DET,POR,104,110
2023,LAC,MEM,135,129
2023,BOS,NY,129,131
2023,WSH,MIL,111,117
2023,HOU,SA,142,110
2023,OKC,UTAH,129,119
2023,BKN,CHA,102,86
2023,ORL,POR,119,122
2023,LAL,GS,113,105
2023,CHI,IND,122,125
2023,DAL,PHX,126,130
2023,SAC,MIN,134,138
2023,MIL,PHI,130,133
2023,MIA,ATL,117,109
2023,SA,HOU,110,122
2023,CLE,DET,114,90
2023,WSH,TOR,109,116
2023,LAL,MIN,102,110
2023,DEN,MEM,113,97
2023,GS,NO,108,99
2023,SAC,LAC,128,127
2023,MIA,NY,120,122
2023,CHI,PHX,104,125
2023,OKC,UTAH,130,103
2023,ATL,POR,129,111
2023,BOS,BKN,105,115
2023,CHA,ORL,106,117
2023,GS,LAC,115,91
2023,SA,IND,110,99
2023,DAL,PHI,133,126
2023,WSH,TOR,119,108
2023,POR,NO,110,121
2023,HOU,MEM,99,113
2023,MIL,ORL,139,117
2023,OKC,LAL,117,123
2023,BOS,CLE,117,113
2023,MIA,PHI,96,119
2023,NY,BKN,142,118
2023,CHA,PHX,91,105
2023,DET,CHI,115,117
2023,GS,POR,123,105
2023,LAC,MIN,101,108
2023,UTAH,SA,94,102
2023,DAL,IND,122,124
2023,HOU,DEN,112,133
2023,OKC,SAC,117,123
2023,ATL,WSH,116,119
2023,BKN,MIL,104,118
2023,TOR,CHI,104,98
2023,MEM,LAL,121,109
2023,NO,ORL,93,101
2023,NY,BOS,109,94
2023,CHA,DET,117,106
2023,PHI,MIA,99,101
2023,DEN,LAC,134,124
2023,POR,HOU,131,114
2023,GS,MIN,109,104
2023,OKC,SAC,115,124
2023,CLE,TOR,118,93
2023,CHI,WSH,102,82
2023,DAL,LAL,108,111
2023,ATL,BKN,129,127
2023,MIL,PHX,104,101
2023,UTAH,SA,118,102
2023,PHI,BOS,107,110
2023,MEM,DEN,112,94
2023,NY,NO,128,106
2023,CHA,MIA,108,103
2023,ORL,IND,108,121
2023,DET,TOR,91,95
2023,LAC,SAC,175,176
2023,PHX,OKC,124,115
2023,GS,HOU,116,101
2023,MIN,CHA,113,121
2023,CHI,BKN,131,87
2023,ATL,CLE,136,119
2023,MIL,MIA,128,99
2023,WSH,NY,109,115
2023,LAL,GS,124,111
2023,SAC,POR,133,116
2023,UTAH,OKC,120,119
2023,DAL,SA,142,116
2023,PHI,MEM,110,105
2023,TOR,NO,115,110
2023,CLE,DEN,109,115
2023,IND,BOS,138,142
2023,ORL,DET,108,106
2023,PHX,LAC,107,116
2023,MIN,WSH,106,114
2023,CHI,MIL,100,112
2023,LAL,NO,120,102
2023,DEN,DAL,118,109
2023,MEM,UTAH,117,111
2023,OKC,HOU,133,96
2023,PHI,CLE,118,112
2023,ATL,NY,101,122
2023,BOS,DET,127,109
2023,BKN,MIA,116,105
2023,CHA,SA,120,110
2023,IND,CHI,117,113
2023,LAC,GS,134,124
2023,POR,WSH,101,126
2023,PHX,SAC,120,109
2023,TOR,ORL,123,113
2023,MIL,BOS,131,125
2023,GS,WSH,135,126
2023,POR,LAL,127,115
2023,DAL,MIN,121,124
2023,CHI,ORL,91,100
2023,OKC,NO,100,103
2023,MIA,DEN,108,112
2023,NY,BKN,124,106
2023,CHA,ATL,144,138
2023,CLE,SA,117,109
2023,IND,UTAH,117,123
2023,PHI,HOU,123,104
2023,TOR,DET,119,118
2023,BOS,MEM,119,109
2023,SAC,DAL,133,128
2023,GS,LAL,103,109
2023,CLE,CHI,97,89
2023,ATL,SA,125,106
2023,NY,UTAH,126,120
2023,CHA,DEN,105,119
2023,ORL,MIA,103,107
2023,WSH,IND,127,113
2023,BKN,PHI,98,101
2023,LAC,MIL,106,119
2023,NO,CLE,107,118
2023,POR,OKC,129,138
2023,SAC,DAL,114,122
2023,MIA,HOU,97,95
2023,MEM,MIN,128,107
2023,BOS,CHA,127,116
2023,TOR,UTAH,116,122
2023,DET,SA,138,131
2023,IND,PHX,104,117
2023,PHI,NY,119,108
2023,LAL,MIL,106,115
2023,ATL,PHX,116,107
2023,BKN,CHI,116,105
2023,ORL,DEN,115,104
2023,LAC,DAL,104,110
2023,POR,GS,125,122
2023,UTAH,MIN,118,143
2023,HOU,SAC,128,130
2023,BOS,PHI,106,99
2023,MIA,IND,116,111
2023,TOR,SA,112,98
2023,CLE,DET,113,85
2023,WSH,CHA,118,104
2023,LAL,OKC,130,133
2023,DEN,MIN,146,112
2023,MEM,CHI,104,89
2023,BKN,PHX,112,116
2023,NO,ATL,116,107
2023,ORL,NY,98,102
2023,GS,OKC,141,114
2023,POR,MIL,108,127
2023,UTAH,DAL,111,124
2023,CHI,SA,128,104
2023,HOU,SAC,120,140
2023,BKN,LAC,116,124
2023,DET,BOS,99,111
2023,WSH,CLE,91,114
2023,MIN,DEN,128,98
2023,NO,SAC,136,104
2023,NY,PHI,108,97
2023,MEM,TOR,103,106
2023,IND,CLE,103,122
2023,CHA,ORL,113,119
2023,DEN,ATL,128,108
2023,GS,DAL,119,113
2023,CHI,POR,129,121
2023,MIL,MIA,123,115
2023,OKC,HOU,153,121
2023,DET,PHX,100,116
2023,NY,LAC,128,134
2023,BKN,WSH,125,123
2023,NO,LAL,131,126
2023,UTAH,ATL,108,115
2023,HOU,TOR,111,117
2023,MIN,ORL,120,127
2023,SA,PHI,125,137
2023,BOS,PHX,94,106
2023,DET,CHA,118,112
2023,IND,SAC,107,104
2023,WSH,POR,116,124
2023,MIL,LAC,106,105
2023,DEN,GS,134,117
2023,DAL,NO,111,106
2023,CHI,CHA,114,98
2023,CLE,MEM,128,113
2023,NY,MIA,106,104
2023,IND,LAL,111,112
2023,PHX,ATL,100,132
2023,UTAH,TOR,131,128
2023,HOU,OKC,112,106
2023,MIN,GS,119,114
2023,SA,SAC,109,119
2023,BOS,BKN,139,96
2023,PHI,ORL,105,94
2023,MEM,POR,112,122
2023,DEN,NO,122,113
2023,CHI,LAC,103,108
2023,MIL,CHA,124,115
2023,NY,LAL,123,129
2023,CLE,MIA,97,100
2023,POR,ATL,129,125
2023,PHX,TOR,114,106
2023,DAL,DET,111,105
2023,MIN,SAC,111,118
2023,OKC,GS,120,128
2023,SA,WSH,106,127
2023,BKN,LAL,121,104
2023,PHI,ORL,109,119
2023,MIL,NO,135,110
2023,CLE,LAC,122,99
2023,MEM,IND,112,100
2023,CHA,MIA,122,117
2023,POR,TOR,105,123
2023,UTAH,DAL,108,100
2023,BOS,LAL,125,121
2023,MIN,SAC,117,110
2023,NO,WSH,103,113
2023,SA,PHX,118,128
2023,ATL,LAC,113,120
2023,DET,HOU,114,117
2023,ORL,CHI,109,128
2023,BKN,NY,122,115
2023,PHI,DEN,126,119
2023,GS,TOR,129,117
2023,MIA,ORL,110,105
2023,OKC,CLE,112,100
2023,MIN,MEM,111,100
2023,IND,MIL,131,141
2023,LAC,SA,138,100
2023,PHX,DAL,95,99
2023,HOU,CLE,95,113
2023,BOS,NY,117,120
2023,BKN,DET,122,130
2023,CHA,CHI,111,96
2023,LAL,SA,113,104
2023,GS,MEM,122,120
2023,POR,UTAH,134,124
2023,SAC,TOR,95,113
2023,HOU,WSH,103,108
2023,MIL,DEN,107,99
2023,NO,MIN,102,111
2023,OKC,ATL,132,137
2023,PHI,BKN,137,133
2023,ORL,IND,126,120
2023,LAL,LAC,115,133
2023,PHX,CHA,128,97
2023,DAL,WSH,126,127
2023,NO,DEN,98,99
2023,MIA,BOS,98,95
2023,NY,CLE,105,103
2023,IND,CHI,116,110
2023,SAC,MEM,133,100
2023,POR,SA,147,127
2023,UTAH,CHA,120,102
2023,CHI,ATL,111,100
2023,HOU,MIN,119,114
2023,DET,MIL,130,150
2023,ORL,BOS,113,98
2023,POR,LAL,112,121
2023,GS,BKN,116,120
2023,DEN,OKC,99,101
2023,PHX,MEM,112,110
2023,TOR,NY,125,116
2023,MIA,NO,100,96
2023,DAL,LAC,98,112
2023,SAC,PHI,127,129
2023,PHX,IND,112,107
2023,MIN,HOU,113,104
2023,ATL,CHA,118,122
2023,CLE,MIL,114,102
2023,WSH,ORL,138,118
2023,TOR,BOS,104,106
2023,LAL,MEM,122,121
2023,SAC,OKC,118,113
2023,DEN,IND,134,111
2023,UTAH,BKN,106,117
2023,SA,LAC,126,131
2023,ATL,NY,139,124
2023,CLE,GS,114,120
2023,DAL,MIA,115,90
2023,ORL,NO,123,110
2023,PHX,BKN,117,112
2023,POR,PHI,95,105
2023,MIN,TOR,128,126
2023,BOS,GS,121,118
2023,DET,CHI,108,126
2023,LAL,SAC,111,116
2023,DEN,MIN,122,118
2023,UTAH,LAC,126,103
2023,HOU,CHA,117,122
2023,MEM,CLE,115,114
2023,NO,MIA,98,124
2023,OKC,IND,126,106
2023,NY,WSH,105,116
2023,DAL,ATL,122,130
2023,LAC,PHI,110,120
2023,DEN,POR,122,113
2023,SA,BKN,106,98
2023,MIL,TOR,130,122
2023,LAL,HOU,140,132
2023,MEM,PHX,136,106
2023,MIN,UTAH,125,126
2023,ATL,MIA,121,113
2023,CLE,NO,113,103
2023,NY,TOR,121,123
2023,WSH,GS,118,127
2023,MIL,IND,132,119
2023,CHA,BOS,118,130
2023,LAL,PHI,112,113
2023,POR,DAL,140,123
2023,DEN,ORL,119,116
2023,SA,SAC,119,132
2023,BKN,OKC,102,112
2023,CHI,GS,132,118
2023,LAC,HOU,121,100
2023,DET,NY,104,117
2023,POR,DAL,136,119
2023,UTAH,PHI,117,118
2023,MIN,CLE,110,102
2023,TOR,ATL,103,114
2023,CHA,BOS,106,122
2023,IND,MEM,112,130
2023,MIA,MIL,111,95
2023,LAC,DEN,103,115
2023,SAC,HOU,139,114
2023,UTAH,ORL,112,108
2023,CHI,OKC,110,124
2023,MIN,PHX,121,116
2023,SA,GS,113,144
2023,DET,NO,110,116
2023,IND,ATL,111,113
2023,WSH,NY,108,112
2023,LAL,DAL,115,119
2023,POR,CLE,113,119
2023,BKN,BOS,98,109
2023,MIA,MIL,108,102
2023,TOR,CHA,124,114
2023,PHI,OKC,114,133
2023,DEN,PHX,126,97
2023,SAC,HOU,135,115
2023,MEM,SA,135,129
2023,ATL,MIL,105,114
2023,BOS,NO,125,114
2023,NY,IND,119,113
2023,DET,MIN,135,118
2023,WSH,CHI,100,97
2023,LAC,DAL,113,101
2023,GS,PHX,113,125
2023,POR,ORL,106,109
2023,UTAH,CLE,116,114
2023,MIA,OKC,112,111
2023,TOR,CHA,132,120
2023,PHI,DET,147,116
2023,SAC,ORL,136,111
2023,DEN,LAL,122,109
2023,MEM,SA,121,113
2023,BOS,CHI,107,99
2023,NY,MIL,107,111
2023,WSH,NO,112,132
2023,LAC,ATL,108,112
2023,PHX,CLE,98,112
2023,HOU,MIN,96,104
2023,OKC,DAL,120,109
2023,MIA,BKN,101,102
2023,MEM,UTAH,123,118
2023,IND,CHA,116,111
2023,TOR,POR,117,105
2023,DET,PHI,111,123
2023,SAC,LAL,134,136
2023,GS,ORL,101,115
2023,CHI,UTAH,126,118
2023,DAL,NO,127,117
2023,SA,BOS,116,121
2023,LAL,ATL,130,114
2023,PHX,MIA,96,104
2023,MIN,LAC,128,115
2023,DEN,CLE,121,108
2023,MIL,CHA,109,138
2023,OKC,WSH,127,110
2023,SA,DET,121,109
2023,TOR,NY,108,112
2023,NO,BKN,102,108
2023,IND,POR,108,99
2023,PHI,CHI,112,126
2023,DEN,LAC,122,91
2023,HOU,UTAH,114,131
2023,DAL,BOS,95,124
2023,ORL,MEM,115,123
2023,GS,DET,119,122
2023,LAL,MIA,112,109
2023,SAC,ATL,117,120
2023,CHI,BKN,121,112
2023,MIN,POR,113,106
2023,NO,HOU,119,108
2023,NY,SA,117,114
2023,TOR,MIL,101,104
2023,CHA,MEM,107,131
2023,CLE,PHX,90,88
2023,ORL,OKC,126,115
2023,PHI,IND,129,126
2023,UTAH,SAC,115,117
2023,MIL,WSH,123,113
2023,OKC,BOS,150,117
2023,LAC,MIA,100,110
2023,GS,ATL,143,141
2023,POR,DET,135,106
2023,HOU,DAL,106,111
2023,MIN,DEN,124,111
2023,BKN,SA,139,103
2023,CHA,LAL,115,121
2023,CLE,CHI,145,134
2023,IND,TOR,122,114
2023,PHI,NO,120,111
2023,NY,PHX,102,83
2023,MEM,SAC,118,108
2023,MIL,WSH,95,118
2023,DEN,BOS,123,111
2023,UTAH,MIA,123,126
2023,MEM,NO,116,101
2023,MIN,DET,104,116
2023,OKC,PHI,96,115
2023,CHA,BKN,106,123
2023,CHI,CLE,102,103
2023,HOU,NY,88,108
2023,SA,DAL,125,126
2023,IND,LAC,131,130
2023,GS,POR,118,112
2023,SAC,UTAH,126,125
2023,DEN,MIA,124,119
2023,NO,PHI,127,116
2023,CHI,DET,132,118
2023,MIL,MIN,123,114
2023,ATL,LAL,121,130
2023,TOR,PHX,113,104
2023,ORL,WSH,100,119
2023,DAL,HOU,129,114
2023,SA,NY,122,115
2023,BOS,LAC,116,110
2023,TOR,MEM,106,119
2023,CHA,OKC,121,113
2023,IND,CLE,135,126
2023,GS,UTAH,112,107
2023,SAC,DEN,127,126
2023,CHI,MIL,119,113
2023,NO,MIN,119,118
2023,ATL,BKN,107,108
2023,MIA,LAL,112,98
2023,DET,ORL,121,101
2023,WSH,PHX,127,102
2023,GS,CHA,110,105
2023,SAC,DEN,106,113
2023,DAL,NY,126,121
2023,MEM,PHX,108,125
2023,OKC,SA,130,114
2023,BOS,HOU,126,102
2023,IND,ATL,129,114
2023,TOR,LAC,113,124
2023,ORL,LAL,110,129
2023,WSH,PHI,116,111
2023,POR,CHA,124,113
2023,SA,UTAH,126,122
2023,CHI,HOU,118,133
2023,NO,IND,113,93
2023,MIA,MIN,113,110
2023,CLE,BKN,117,125
2023,DET,LAC,131,142
2023,DEN,PHX,128,125
2023,GS,MEM,123,109
2023,BOS,MIL,139,118
2023,DAL,LAL,124,115
2023,NY,PHI,112,119
2023,LAL,CHA,130,134
2023,PHX,MEM,100,125
2023,SAC,WSH,111,125
2023,DEN,POR,120,107
2023,MIA,IND,108,111
2023,HOU,DAL,106,112
2023,OKC,NO,125,128
2023,ATL,DET,130,105
2023,BOS,MIN,121,109
2023,BKN,MIL,118,100
2023,CLE,TOR,107,118
2023,NY,CHI,117,118
2023,ORL,SA,133,113
2023,PHI,LAC,119,114
2023,UTAH,WSH,120,112
2023,NO,SA,126,117
2023,LAC,CHA,126,105
2023,SAC,LAL,134,120
2023,HOU,ORL,110,116
2023,MIN,DAL,99,104
2023,OKC,POR,101,98
2023,ATL,CHI,108,110
2023,BOS,IND,112,117
2023,BKN,GS,143,113
2023,NY,TOR,106,113
2023,CLE,MIL,114,106
2023,PHI,DET,113,93
2023,DEN,MEM,105,91
2023,PHX,WSH,110,113
2023,MIA,CHI,103,113
2023,NY,GS,132,94
2023,DET,UTAH,111,126
2023,SAC,CHA,119,125
2023,PHX,LAL,130,104
2023,HOU,SA,105,124
2023,MIN,DAL,116,106
2023,NO,MIL,119,128
2023,OKC,POR,123,121
2023,ATL,ORL,126,125
2023,CLE,UTAH,122,99
2023,PHI,TOR,104,101
2023,LAL,WSH,119,117
2023,DEN,CHA,119,115
2023,MIN,CHI,150,126
2023,DET,BKN,121,124
2023,TOR,GS,110,126
2023,IND,NY,106,109
2023,BOS,ORL,92,95
2023,PHX,NO,118,114
2023,CLE,DAL,100,99
2023,HOU,POR,95,107
2023,MIL,UTAH,123,97
2023,OKC,MEM,115,109
2023,SA,MIA,101,111
2023,LAC,WSH,102,93
2023,LAL,DEN,126,108
2023,DAL,POR,130,110
2023,CHI,NY,91,114
2023,OKC,MIN,110,112
2023,BOS,ORL,109,117
2023,CLE,IND,118,112
2023,PHI,GS,118,106
2023,TOR,BKN,116,119
2023,CHA,ATL,106,125
2023,DET,SAC,113,122
2023,LAC,PHX,95,111
2023,UTAH,NO,132,129
2023,HOU,MIA,108,111
2023,MEM,MIL,142,101
2023,LAC,MIN,99,88
2023,DAL,CLE,90,105
2023,DEN,WSH,141,128
2023,OKC,MIA,108,110
2023,SA,POR,112,128
2023,TOR,SAC,123,124
2023,CHI,NY,120,128
2023,CHA,DET,134,141
2023,IND,GS,125,119
2023,ORL,ATL,135,124
2023,LAL,BOS,118,122
2023,UTAH,NO,121,100
2023,HOU,PHX,111,97
2023,MIL,GS,128,111
2023,PHI,SAC,123,103
2023,LAC,BOS,113,93
2023,POR,MIN,133,112
2023,DAL,OKC,121,114
2023,SA,CLE,112,111
2023,MEM,ATL,128,103
2023,IND,MIA,82,87
2023,WSH,BKN,100,112
2023,HOU,MIL,97,92
2023,ATL,CHI,123,122
2023,DET,LAL,117,124
2023,NY,SAC,112,99
2023,ORL,TOR,111,99
2023,PHI,CHA,131,113
2023,NO,PHX,129,124
2023,POR,MIN,124,118
2023,DEN,UTAH,115,110
2023,GS,BOS,123,107
2023,CHI,DAL,144,115
2023,CLE,OKC,110,102
2023,IND,BKN,133,136
2023,WSH,LAC,107,114
2023,MIA,SA,111,115
2023,DAL,MIL,105,106
2023,UTAH,MIN,108,118
2023,NO,PHX,128,117
2023,MEM,DET,114,103
2023,BKN,ATL,120,116
2023,CLE,SAC,95,106
2023,PHI,LAL,133,122
2023,CHA,NY,102,121
2023,IND,WSH,121,111
2023,ORL,TOR,113,109
2023,POR,DEN,120,121
2023,SA,HOU,118,109
2023,MIA,LAC,115,110
2023,PHX,BOS,98,125
2023,UTAH,GS,124,123
2023,CHI,WSH,115,111
2023,MEM,OKC,123,102
2023,MIL,SAC,126,113
2023,MIN,IND,121,115
2023,NO,DET,104,98
2023,BKN,CHA,122,116
2023,NY,ATL,113,89
2023,TOR,LAL,126,113
2023,ORL,LAC,116,111
2023,DEN,DAL,115,116
2023,CLE,LAL,116,102
2023,MIA,DET,96,116
2023,GS,IND,104,112
2023,DAL,PHX,130,111
2023,HOU,PHI,132,123
2023,MEM,MIA,101,93
2023,ATL,OKC,114,121
2023,TOR,BOS,110,116
2023,CHA,LAC,117,119
2023,ORL,MIL,102,109
2023,POR,IND,116,100
2023,BKN,BOS,92,103
2023,DET,MEM,112,122
2023,NY,CLE,92,81
2023,WSH,LAL,119,130
2023,SAC,CHI,110,101
2023,SA,PHX,95,133
2023,NO,DEN,121,106
2023,UTAH,POR,111,116
2023,GS,HOU,120,101
2023,TOR,ORL,121,108
2023,MIN,OKC,128,135
2023,CHA,MIL,96,105
2023,LAC,SAC,96,123
2023,NY,DAL,100,121
2023,GS,CHI,119,111
2023,PHX,HOU,121,122
2023,UTAH,IND,139,119
2023,MEM,PHI,117,109
2023,SA,NO,99,117
2023,ATL,DEN,117,109
2023,BOS,MIA,116,120
2023,BKN,TOR,114,105
2023,CLE,ORL,107,96
2023,MIL,LAL,129,133
2023,CHA,WSH,117,116
2023,DET,DAL,131,125
2023,LAL,POR,128,109
2023,SAC,IND,137,114
2023,DEN,HOU,120,100
2023,PHX,CHI,132,113
2023,UTAH,LAC,125,112
2023,MIN,MEM,109,101
2023,NO,TOR,126,108
2023,OKC,SA,119,111
2023,BOS,MIA,134,121
2023,BKN,WSH,113,107
2023,NY,MIL,103,109
2023,CLE,PHI,113,85
2023,ORL,ATL,108,125
2023,POR,LAC,112,118
2023,DAL,GS,116,113
2023,DET,NY,110,140
2023,LAL,IND,115,116
2023,SAC,PHX,117,122
2023,DEN,HOU,129,113
2023,UTAH,CHI,107,114
2023,NO,OKC,105,101
2023,BOS,CHA,140,105
2023,BKN,ORL,109,102
2023,TOR,CLE,100,88
2023,PHI,ATL,104,101
2023,WSH,MIN,142,127
2023,MIL,DAL,124,115
2023,BOS,WSH,130,121
2023,DET,CLE,94,102
2023,NY,MEM,123,127
2023,ORL,PHI,103,133
2023,ATL,MIA,98,106
2023,LAC,IND,114,100
2023,MIN,GS,114,137
2023,BKN,POR,111,97
2023,PHX,UTAH,113,112
2023,HOU,OKC,118,105
2023,SA,LAL,138,143
2023,TOR,DAL,105,100
2023,LAC,DEN,104,114
2023,GS,UTAH,129,118
2023,PHX,DET,108,102
2023,BOS,SAC,122,104
2023,IND,BKN,128,117
2023,MIA,WSH,110,107
2023,HOU,ATL,128,122
2023,MEM,NO,132,111
2023,MIL,CLE,117,102
2023,OKC,CHI,123,119
2023,SA,LAL,94,105
2023,NY,POR,129,132
2023,ORL,PHI,99,107
2023,CHA,MIN,110,108
2023,GS,LAC,124,107
2023,UTAH,DET,116,125
2023,MIL,CHI,113,118
2023,OKC,DEN,126,131
2023,SA,NO,110,129
2023,ATL,SAC,115,106
2023,BOS,DAL,125,112
2023,MIA,WSH,113,105
2023,TOR,BKN,98,112
2023,CHA,PHI,107,101
2023,CLE,POR,114,96
2023,IND,MIN,101,115
2023,PHX,LAL,115,105
2023,DEN,DET,108,110
2023,MEM,SAC,109,113
2023,PHI,BKN,115,106
2023,LAC,UTAH,121,114
2023,CHI,BOS,121,107
2023,MIL,POR,119,111
2023,MIN,MIA,105,101
2023,NO,GS,128,83
2023,OKC,NY,119,129
2023,CLE,ATL,114,102
2023,IND,ORL,123,102
2023,LAL,SA,123,92
2023,DAL,DEN,97,98
2023,BKN,MEM,127,115
2023,CLE,MIA,113,87
2023,HOU,GS,120,127
2023,WSH,CHA,106,102
2023,SAC,DET,137,129
2023,PHX,NY,116,95
2023,LAC,SA,119,97
2023,POR,UTAH,113,118
2023,PHI,MIN,109,112
2023,IND,ORL,114,113
2023,ATL,TOR,124,122
2023,LAL,DET,128,121
2023,GS,NY,111,101
2023,UTAH,PHX,134,133
2023,DAL,DEN,127,99
2023,NO,BOS,109,117
2023,CHI,ORL,107,108
2023,HOU,IND,91,99
2023,MEM,OKC,121,110
2023,CLE,CHA,132,122
2023,PHI,MIL,110,102
2023,WSH,MIA,107,106
2023,LAC,DET,96,91
2023,POR,BKN,107,109
2023,SAC,SA,130,112
2023,DEN,NY,103,106
2023,PHX,GS,130,119
2023,DAL,HOU,92,101
2023,MIL,CLE,113,98
2023,NO,CHI,124,110
2023,ATL,BOS,101,126
2023,TOR,MIA,112,104
2023,CHA,IND,113,125
2023,ORL,MIN,108,126
2023,WSH,OKC,120,121
2023,POR,SA,117,110
2023,SAC,BKN,153,121
2023,UTAH,NY,111,118
2023,DAL,LAC,103,101
2023,NO,MEM,113,102
2023,GS,SA,132,95
2023,HOU,LAC,106,122
2023,MIL,ATL,106,121
2023,BOS,OKC,126,122
2023,MIA,PHX,113,112
2023,DET,TOR,111,115
2023,ORL,CHA,105,112
2023,LAL,BKN,116,103
2023,SAC,GS,122,115
2023,CHI,DEN,103,126
2023,PHI,UTAH,105,98
2023,CLE,MIN,124,129
2023,WSH,MEM,102,92
2023,NY,OKC,135,145
2023,DAL,POR,117,112
2023,NO,HOU,119,106
2023,MIA,CHA,132,115
2023,PHI,ATL,121,109
2023,DET,BOS,108,117
2023,IND,TOR,118,104
2023,WSH,UTAH,121,112
2023,LAC,BKN,95,110
2023,LAL,SAC,114,120
2023,GS,CLE,106,101
2023,MEM,MIN,114,103
2023,OKC,TOR,132,113
2023,SA,MIL,111,93
2023,NY,DET,121,112
2023,BOS,DEN,131,112
2023,ORL,PHX,114,97
2023,NO,POR,95,106
2023,ATL,PHI,104,95
2023,MIA,CHA,117,112
2023,WSH,DAL,113,105
2023,LAC,LAL,114,101
2023,SAC,CLE,127,120
2023,CHI,NO,111,115
2023,MIN,PHX,117,129
2023,OKC,MIL,132,136
2023,SA,MEM,122,124
2023,ATL,UTAH,119,125
2023,BOS,DET,128,112
2023,BKN,NY,112,85
2023,TOR,HOU,116,109
2023,CHA,POR,95,105
2023,IND,DEN,119,122
2023,ORL,DAL,94,87
2023,LAC,CLE,119,117
2023,UTAH,LAL,139,116
2023,GS,SAC,116,113
2023,DAL,BKN,96,94
2023,SA,DEN,109,115
2023,MIN,NY,107,120
2023,MEM,BOS,106,109
2023,CHI,TOR,111,97
2023,MIA,POR,107,110
2023,ATL,MIL,117,98
2023,PHI,PHX,100,88
2023,IND,NO,129,122
2023,DET,OKC,112,103
2023,ORL,HOU,127,134
2023,CHA,WSH,100,108
2023,LAC,UTAH,102,110
2023,TOR,CHI,113,104
2023,MEM,WSH,103,97
2023,LAL,CLE,100,114
2023,PHX,POR,102,82
2023,DEN,SA,126,101
2023,MIL,OKC,108,94
2023,MIN,HOU,129,117
2023,ATL,NO,124,121
2023,NY,BOS,118,133
2023,CHA,BKN,94,98
2023,ORL,SAC,123,126
2023,LAL,UTAH,116,130
2023,MIN,MIL,102,115
2023,PHX,POR,106,108
2023,DAL,TOR,111,110
2023,NO,GS,114,105
2023,MEM,CHA,130,99
2023,SA,LAC,106,113
2023,BOS,CHI,123,119
2023,DET,CLE,88,112
2023,IND,MIA,101,99
2023,PHI,NY,104,106
2023,WSH,BKN,86,128
2023,OKC,DEN,110,122
2023,ORL,GS,130,129
2023,LAL,NO,120,117
2023,POR,MEM,106,111
2023,DAL,UTAH,103,100
2023,CHI,CHA,106,88
2023,HOU,LAC,101,109
2023,MIL,DET,116,91
2023,SA,TOR,100,143
2023,CLE,BOS,114,113
2023,MIA,SAC,110,107
2023,NY,ATL,99,112
2023,PHI,WSH,111,121
2023,PHX,MIN,116,107
2023,OKC,ORL,116,108
2023,BKN,CHI,99,108
2023,MIA,GS,116,109
2023,LAC,HOU,95,93
2023,UTAH,MEM,121,105
2023,MIL,DET,110,108
2023,BKN,IND,116,109
2023,TOR,ATL,139,109
2023,CHA,SAC,108,115
2023,WSH,PHI,111,118
2023,LAL,DEN,121,110
2023,PHX,HOU,124,109
2023,DAL,ORL,114,105
2023,SA,MIN,107,98
2023,BOS,WSH,112,94
2023,CLE,NY,121,108
2023,DET,GS,128,114
2023,LAC,NO,91,112
2023,DAL,OKC,111,117
2023,UTAH,MEM,124,123
2023,CHI,PHI,109,114
2023,MIL,ATL,123,115
2023,BKN,IND,116,125
2023,CHA,GS,120,113
2023,SAC,MIA,119,113
2023,PHX,NO,124,111
2023,POR,HOU,125,111
2023,DEN,UTAH,117,101
2023,SA,CHI,129,124
2023,MIL,NY,119,108
2023,MIN,LAL,111,102
2023,BOS,CLE,123,132
2023,TOR,PHI,90,112
2023,WSH,IND,117,127
2023,DET,ATL,112,136
2023,ORL,CHA,113,93
2023,GS,MIA,123,110
2023,SAC,MEM,110,125
2023,OKC,LAC,118,110
2023,BKN,DAL,125,129
2023,DEN,LAL,110,99
2023,POR,MIA,98,119
2023,UTAH,HOU,109,101
2023,CHI,IND,124,109
2023,MIN,SA,134,122
2023,NY,CHA,134,131
2023,TOR,PHI,119,109
2023,MIL,BKN,110,99
2023,CLE,ORL,103,92
2023,DET,ATL,113,118
2023,PHX,GS,134,105
2023,OKC,LAC,108,94
2023,NO,DAL,113,111
2023,WSH,DET,120,99
2023,POR,DEN,135,110
2023,CHI,BOS,120,102
2023,HOU,UTAH,114,108
2023,MEM,BKN,134,124
2023,MIN,SA,106,115
2023,MIA,TOR,90,98
2023,NY,ORL,115,102
2023,PHI,IND,120,106
2023,LAC,PHX,95,112
2023,GS,SAC,130,125
2023,OKC,MIN,106,116
2023,CLE,WSH,117,107
2023,NO,UTAH,121,122
2023,ATL,CHA,109,126
2023,LAL,POR,104,106
2023,SAC,LAC,109,111
2023,DEN,OKC,122,117
2023,DAL,MEM,137,96
2023,MIA,TOR,112,109
2023,CHI,CLE,96,128
2023,MIL,HOU,125,105
2023,IND,DET,124,115
2023,ORL,BOS,120,126
2023,PHI,SA,105,114
2023,GS,DEN,123,128
2023,POR,PHX,113,111
2023,HOU,MEM,122,129
2023,MIN,UTAH,126,132
2023,ATL,ORL,108,98
2023,BKN,TOR,109,105
2023,MIA,BOS,104,111
2023,NY,DET,130,106
2023,CHA,NO,112,124
2023,IND,SA,134,137
2023,WSH,CHI,102,100
2023,LAL,LAC,97,103
2023,PHI,MIL,88,90
2023,PHX,DAL,107,105
2023,SAC,POR,108,115
2023,UTAH,DEN,123,102
2023,MIN,OKC,115,108
2023,SA,CHA,102,129
2023,ATL,HOU,117,107
2023,BKN,NO,108,130
2023,MIA,CHI,108,116
2023,TOR,CLE,108,105
2023,MEM,NY,115,112
2023,DET,ORL,113,109
2023,IND,WSH,107,114
2023,GS,LAL,123,109
2023,BOS,PHI,126,117
